number,value,datetime_start,datetime_complete,duration,params_activation,params_add_log_features,params_batch_norm,params_batch_size,params_dropout,params_encoding,params_feature_engineering,params_layers,params_learning_rate,params_loss,params_min_frequency,params_momentum,params_optimizer,params_scaler,params_scheduler,params_target_transform,params_weight_decay,params_width_0,params_width_1,params_width_2,params_width_3,params_winsorize,user_attrs_candidate,user_attrs_median_best_epoch,user_attrs_std_rmse,state
0,57648.43635658129,2026-08-17 17:07:08.959224,2026-08-17 17:07:16.881552,0 days 00:00:07.922328,silu,False,True,128,0.12024002899678272,onehot,True,2,0.0004863948186024201,mse,,0.6417296864356511,sgd,robust,cosine,standard,0.00018870126893354755,32,512.0,,,True,"{'name': 'T000', 'preprocess': {'numeric_only': False, 'scaler': 'robust', 'encoding': 'onehot', 'feature_engineering': True, 'add_log_features': False, 'winsorize': True, 'min_frequency': None, 'target_transform': 'standard'}, 'model': {'hidden_layers': [32, 512], 'activation': 'silu', 'dropout': 0.12024002899678272, 'batch_norm': True, 'optimizer': 'sgd', 'learning_rate': 0.0004863948186024201, 'weight_decay': 0.00018870126893354755, 'momentum': 0.6417296864356511, 'batch_size': 128, 'max_epochs': 200, 'patience': 22, 'min_delta': 1e-05, 'loss': 'mse', 'scheduler': 'cosine', 'gradient_clip': 5.0}}",168.0,16475.143177840542,COMPLETE
1,68650.18897739094,2026-08-17 17:07:16.897474,2026-08-17 17:07:25.953259,0 days 00:00:09.055785,gelu,False,True,256,0.18600597184052983,ordinal,False,1,5.046153468161878e-05,mse,2.0,0.5688418001415767,adam,robust,cosine,standard,0.0005186687851949507,512,,,,True,"{'name': 'T001', 'preprocess': {'numeric_only': False, 'scaler': 'robust', 'encoding': 'ordinal', 'feature_engineering': False, 'add_log_features': False, 'winsorize': True, 'min_frequency': 2, 'target_transform': 'standard'}, 'model': {'hidden_layers': [512], 'activation': 'gelu', 'dropout': 0.18600597184052983, 'batch_norm': True, 'optimizer': 'adam', 'learning_rate': 5.046153468161878e-05, 'weight_decay': 0.0005186687851949507, 'momentum': 0.5688418001415767, 'batch_size': 256, 'max_epochs': 200, 'patience': 22, 'min_delta': 1e-05, 'loss': 'mse', 'scheduler': 'cosine', 'gradient_clip': 5.0}}",177.0,1782.7999603723229,COMPLETE
2,31064.07458059481,2026-08-17 17:07:25.964668,2026-08-17 17:07:28.452293,0 days 00:00:02.487625,tanh,True,False,256,0.11080866704194858,ordinal,False,1,0.00021169936614713196,mse,,0.5812673782110498,rmsprop,standard,cosine,standard,0.0002089328192658584,128,,,,True,"{'name': 'T002', 'preprocess': {'numeric_only': False, 'scaler': 'standard', 'encoding': 'ordinal', 'feature_engineering': False, 'add_log_features': True, 'winsorize': True, 'min_frequency': None, 'target_transform': 'standard'}, 'model': {'hidden_layers': [128], 'activation': 'tanh', 'dropout': 0.11080866704194858, 'batch_norm': False, 'optimizer': 'rmsprop', 'learning_rate': 0.00021169936614713196, 'weight_decay': 0.0002089328192658584, 'momentum': 0.5812673782110498, 'batch_size': 256, 'max_epochs': 200, 'patience': 22, 'min_delta': 1e-05, 'loss': 'mse', 'scheduler': 'cosine', 'gradient_clip': 5.0}}",39.0,6762.636008380813,COMPLETE
3,658692.2164389328,2026-08-17 17:07:28.464886,2026-08-17 17:07:31.789067,0 days 00:00:03.324181,gelu,False,False,256,0.28720327130901135,onehot,True,1,2.4528521624705682e-05,smooth_l1,,0.6234623234731078,sgd,robust,cosine,log1p,9.103251490269794e-06,32,,,,True,"{'name': 'T003', 'preprocess': {'numeric_only': False, 'scaler': 'robust', 'encoding': 'onehot', 'feature_engineering': True, 'add_log_features': False, 'winsorize': True, 'min_frequency': None, 'target_transform': 'log1p'}, 'model': {'hidden_layers': [32], 'activation': 'gelu', 'dropout': 0.28720327130901135, 'batch_norm': False, 'optimizer': 'sgd', 'learning_rate': 2.4528521624705682e-05, 'weight_decay': 9.103251490269794e-06, 'momentum': 0.6234623234731078, 'batch_size': 256, 'max_epochs': 200, 'patience': 22, 'min_delta': 1e-05, 'loss': 'smooth_l1', 'scheduler': 'cosine', 'gradient_clip': 5.0}}",126.0,339372.90613191173,COMPLETE
4,29710.825814220192,2026-08-17 17:07:31.799629,2026-08-17 17:07:38.974797,0 days 00:00:07.175168,leaky_relu,True,True,32,0.19143936716874252,ordinal,True,4,0.0004243150543184373,smooth_l1,5.0,0.5839810135133964,rmsprop,standard,plateau,log1p,7.59633766891274e-07,64,32.0,128.0,512.0,True,"{'name': 'T004', 'preprocess': {'numeric_only': False, 'scaler': 'standard', 'encoding': 'ordinal', 'feature_engineering': True, 'add_log_features': True, 'winsorize': True, 'min_frequency': 5, 'target_transform': 'log1p'}, 'model': {'hidden_layers': [64, 32, 128, 512], 'activation': 'leaky_relu', 'dropout': 0.19143936716874252, 'batch_norm': True, 'optimizer': 'rmsprop', 'learning_rate': 0.0004243150543184373, 'weight_decay': 7.59633766891274e-07, 'momentum': 0.5839810135133964, 'batch_size': 32, 'max_epochs': 200, 'patience': 22, 'min_delta': 1e-05, 'loss': 'smooth_l1', 'scheduler': 'plateau', 'gradient_clip': 5.0}}",22.0,9627.950457323039,COMPLETE
5,55028.18952316896,2026-08-17 17:07:38.984015,2026-08-17 17:07:54.924886,0 days 00:00:15.940871,silu,True,True,16,0.17277285632741435,ordinal,True,3,0.0012034538812807562,smooth_l1,5.0,0.9436405715645715,sgd,robust,plateau,log1p,3.208111472702027e-07,128,32.0,64.0,,False,"{'name': 'T005', 'preprocess': {'numeric_only': False, 'scaler': 'robust', 'encoding': 'ordinal', 'feature_engineering': True, 'add_log_features': True, 'winsorize': False, 'min_frequency': 5, 'target_transform': 'log1p'}, 'model': {'hidden_layers': [128, 32, 64], 'activation': 'silu', 'dropout': 0.17277285632741435, 'batch_norm': True, 'optimizer': 'sgd', 'learning_rate': 0.0012034538812807562, 'weight_decay': 3.208111472702027e-07, 'momentum': 0.9436405715645715, 'batch_size': 16, 'max_epochs': 200, 'patience': 22, 'min_delta': 1e-05, 'loss': 'smooth_l1', 'scheduler': 'plateau', 'gradient_clip': 5.0}}",63.0,6467.671231016803,COMPLETE
6,43302.48623559084,2026-08-17 17:07:54.941412,2026-08-17 17:08:00.083018,0 days 00:00:05.141606,silu,False,False,128,0.13308125227798429,onehot,True,2,0.0006930016307106156,smooth_l1,,0.7877148975591598,adamw,robust,cosine,standard,0.009250434315815159,128,256.0,,,False,"{'name': 'T006', 'preprocess': {'numeric_only': False, 'scaler': 'robust', 'encoding': 'onehot', 'feature_engineering': True, 'add_log_features': False, 'winsorize': False, 'min_frequency': None, 'target_transform': 'standard'}, 'model': {'hidden_layers': [128, 256], 'activation': 'silu', 'dropout': 0.13308125227798429, 'batch_norm': False, 'optimizer': 'adamw', 'learning_rate': 0.0006930016307106156, 'weight_decay': 0.009250434315815159, 'momentum': 0.7877148975591598, 'batch_size': 128, 'max_epochs': 200, 'patience': 22, 'min_delta': 1e-05, 'loss': 'smooth_l1', 'scheduler': 'cosine', 'gradient_clip': 5.0}}",110.0,11800.900226972964,COMPLETE
7,31694.765975646773,2026-08-17 17:08:00.083018,2026-08-17 17:08:04.382907,0 days 00:00:04.299889,gelu,True,False,64,0.20778427710550876,onehot,True,4,0.003452919089571216,smooth_l1,2.0,0.8894021983172347,sgd,standard,none,standard,0.001339674954829045,128,32.0,128.0,256.0,True,"{'name': 'T007', 'preprocess': {'numeric_only': False, 'scaler': 'standard', 'encoding': 'onehot', 'feature_engineering': True, 'add_log_features': True, 'winsorize': True, 'min_frequency': 2, 'target_transform': 'standard'}, 'model': {'hidden_layers': [128, 32, 128, 256], 'activation': 'gelu', 'dropout': 0.20778427710550876, 'batch_norm': False, 'optimizer': 'sgd', 'learning_rate': 0.003452919089571216, 'weight_decay': 0.001339674954829045, 'momentum': 0.8894021983172347, 'batch_size': 64, 'max_epochs': 200, 'patience': 22, 'min_delta': 1e-05, 'loss': 'smooth_l1', 'scheduler': 'none', 'gradient_clip': 5.0}}",27.0,8620.361108932751,COMPLETE
8,29447.762999698414,2026-08-17 17:08:04.391265,2026-08-17 17:08:24.442510,0 days 00:00:20.051245,tanh,True,False,16,0.2836194621876517,ordinal,True,4,0.0039578995706524445,smooth_l1,2.0,0.5685478902087351,adam,standard,none,log1p,2.237315613830211e-07,256,32.0,512.0,128.0,False,"{'name': 'T008', 'preprocess': {'numeric_only': False, 'scaler': 'standard', 'encoding': 'ordinal', 'feature_engineering': True, 'add_log_features': True, 'winsorize': False, 'min_frequency': 2, 'target_transform': 'log1p'}, 'model': {'hidden_layers': [256, 32, 512, 128], 'activation': 'tanh', 'dropout': 0.2836194621876517, 'batch_norm': False, 'optimizer': 'adam', 'learning_rate': 0.0039578995706524445, 'weight_decay': 2.237315613830211e-07, 'momentum': 0.5685478902087351, 'batch_size': 16, 'max_epochs': 200, 'patience': 22, 'min_delta': 1e-05, 'loss': 'smooth_l1', 'scheduler': 'none', 'gradient_clip': 5.0}}",90.0,4301.57895741511,COMPLETE
9,36666.31188660478,2026-08-17 17:08:24.456809,2026-08-17 17:08:28.186337,0 days 00:00:03.729528,tanh,False,False,32,0.13439657793338441,onehot,True,2,0.004956141251027008,mse,2.0,0.6404593675258875,rmsprop,standard,none,standard,5.480976835464654e-07,64,512.0,,,False,"{'name': 'T009', 'preprocess': {'numeric_only': False, 'scaler': 'standard', 'encoding': 'onehot', 'feature_engineering': True, 'add_log_features': False, 'winsorize': False, 'min_frequency': 2, 'target_transform': 'standard'}, 'model': {'hidden_layers': [64, 512], 'activation': 'tanh', 'dropout': 0.13439657793338441, 'batch_norm': False, 'optimizer': 'rmsprop', 'learning_rate': 0.004956141251027008, 'weight_decay': 5.480976835464654e-07, 'momentum': 0.6404593675258875, 'batch_size': 32, 'max_epochs': 200, 'patience': 22, 'min_delta': 1e-05, 'loss': 'mse', 'scheduler': 'none', 'gradient_clip': 5.0}}",17.0,4465.957856646069,COMPLETE
10,30512.618657627445,2026-08-17 17:08:28.197973,2026-08-17 17:08:35.462173,0 days 00:00:07.264200,tanh,True,False,256,0.43637367280146266,ordinal,True,4,0.002438651981817231,smooth_l1,5.0,0.5688411180771705,adam,standard,none,log1p,1.6783375187570284e-05,256,128.0,512.0,128.0,False,"{'name': 'T010', 'preprocess': {'numeric_only': False, 'scaler': 'standard', 'encoding': 'ordinal', 'feature_engineering': True, 'add_log_features': True, 'winsorize': False, 'min_frequency': 5, 'target_transform': 'log1p'}, 'model': {'hidden_layers': [256, 128, 512, 128], 'activation': 'tanh', 'dropout': 0.43637367280146266, 'batch_norm': False, 'optimizer': 'adam', 'learning_rate': 0.002438651981817231, 'weight_decay': 1.6783375187570284e-05, 'momentum': 0.5688411180771705, 'batch_size': 256, 'max_epochs': 200, 'patience': 22, 'min_delta': 1e-05, 'loss': 'smooth_l1', 'scheduler': 'none', 'gradient_clip': 5.0}}",85.0,4779.945490899496,COMPLETE
11,30244.92617469246,2026-08-17 17:08:35.474269,2026-08-17 17:08:43.074255,0 days 00:00:07.599986,leaky_relu,True,True,32,0.21330259615797245,ordinal,True,4,0.001003925640196072,mse,5.0,0.5254323725970095,rmsprop,standard,plateau,standard,2.3403898794086535e-06,64,64.0,256.0,512.0,True,"{'name': 'T011', 'preprocess': {'numeric_only': False, 'scaler': 'standard', 'encoding': 'ordinal', 'feature_engineering': True, 'add_log_features': True, 'winsorize': True, 'min_frequency': 5, 'target_transform': 'standard'}, 'model': {'hidden_layers': [64, 64, 256, 512], 'activation': 'leaky_relu', 'dropout': 0.21330259615797245, 'batch_norm': True, 'optimizer': 'rmsprop', 'learning_rate': 0.001003925640196072, 'weight_decay': 2.3403898794086535e-06, 'momentum': 0.5254323725970095, 'batch_size': 32, 'max_epochs': 200, 'patience': 22, 'min_delta': 1e-05, 'loss': 'mse', 'scheduler': 'plateau', 'gradient_clip': 5.0}}",20.0,9323.167168591648,COMPLETE
12,29827.81239133779,2026-08-17 17:08:43.082909,2026-08-17 17:09:03.498955,0 days 00:00:20.416046,tanh,True,True,16,0.21590431130923327,onehot,True,3,0.00030838963196470507,smooth_l1,2.0,0.5059769396167104,adam,standard,none,log1p,2.5146186873660325e-07,128,32.0,128.0,,False,"{'name': 'T012', 'preprocess': {'numeric_only': False, 'scaler': 'standard', 'encoding': 'onehot', 'feature_engineering': True, 'add_log_features': True, 'winsorize': False, 'min_frequency': 2, 'target_transform': 'log1p'}, 'model': {'hidden_layers': [128, 32, 128], 'activation': 'tanh', 'dropout': 0.21590431130923327, 'batch_norm': True, 'optimizer': 'adam', 'learning_rate': 0.00030838963196470507, 'weight_decay': 2.5146186873660325e-07, 'momentum': 0.5059769396167104, 'batch_size': 16, 'max_epochs': 200, 'patience': 22, 'min_delta': 1e-05, 'loss': 'smooth_l1', 'scheduler': 'none', 'gradient_clip': 5.0}}",65.0,5937.677368800316,COMPLETE
13,32043.297703311455,2026-08-17 17:09:03.507287,2026-08-17 17:09:12.508448,0 days 00:00:09.001161,leaky_relu,True,True,32,0.13755141597061124,ordinal,False,3,0.00013143545649237705,smooth_l1,5.0,0.5217326737974113,rmsprop,standard,cosine,log1p,1.2484250293820452e-07,64,32.0,32.0,,True,"{'name': 'T013', 'preprocess': {'numeric_only': False, 'scaler': 'standard', 'encoding': 'ordinal', 'feature_engineering': False, 'add_log_features': True, 'winsorize': True, 'min_frequency': 5, 'target_transform': 'log1p'}, 'model': {'hidden_layers': [64, 32, 32], 'activation': 'leaky_relu', 'dropout': 0.13755141597061124, 'batch_norm': True, 'optimizer': 'rmsprop', 'learning_rate': 0.00013143545649237705, 'weight_decay': 1.2484250293820452e-07, 'momentum': 0.5217326737974113, 'batch_size': 32, 'max_epochs': 200, 'patience': 22, 'min_delta': 1e-05, 'loss': 'smooth_l1', 'scheduler': 'cosine', 'gradient_clip': 5.0}}",60.0,11575.071730963495,COMPLETE
14,29825.139631220758,2026-08-17 17:09:12.523721,2026-08-17 17:09:17.906804,0 days 00:00:05.383083,tanh,True,False,64,0.23671351159711984,ordinal,True,4,0.002762496774833234,smooth_l1,2.0,0.7667249512209527,rmsprop,standard,none,standard,2.121245151551472e-07,256,32.0,512.0,32.0,False,"{'name': 'T014', 'preprocess': {'numeric_only': False, 'scaler': 'standard', 'encoding': 'ordinal', 'feature_engineering': True, 'add_log_features': True, 'winsorize': False, 'min_frequency': 2, 'target_transform': 'standard'}, 'model': {'hidden_layers': [256, 32, 512, 32], 'activation': 'tanh', 'dropout': 0.23671351159711984, 'batch_norm': False, 'optimizer': 'rmsprop', 'learning_rate': 0.002762496774833234, 'weight_decay': 2.121245151551472e-07, 'momentum': 0.7667249512209527, 'batch_size': 64, 'max_epochs': 200, 'patience': 22, 'min_delta': 1e-05, 'loss': 'smooth_l1', 'scheduler': 'none', 'gradient_clip': 5.0}}",,,PRUNED
15,29103.17515115821,2026-08-17 17:09:17.920390,2026-08-17 17:09:26.065308,0 days 00:00:08.144918,leaky_relu,True,False,32,0.16039186110118323,ordinal,True,4,1.333319136142555e-05,smooth_l1,5.0,0.5934481053235605,rmsprop,standard,plateau,log1p,1.100848841392499e-05,128,128.0,128.0,128.0,True,"{'name': 'T015', 'preprocess': {'numeric_only': False, 'scaler': 'standard', 'encoding': 'ordinal', 'feature_engineering': True, 'add_log_features': True, 'winsorize': True, 'min_frequency': 5, 'target_transform': 'log1p'}, 'model': {'hidden_layers': [128, 128, 128, 128], 'activation': 'leaky_relu', 'dropout': 0.16039186110118323, 'batch_norm': False, 'optimizer': 'rmsprop', 'learning_rate': 1.333319136142555e-05, 'weight_decay': 1.100848841392499e-05, 'momentum': 0.5934481053235605, 'batch_size': 32, 'max_epochs': 200, 'patience': 22, 'min_delta': 1e-05, 'loss': 'smooth_l1', 'scheduler': 'plateau', 'gradient_clip': 5.0}}",,,PRUNED
16,35705.55851084855,2026-08-17 17:09:26.079704,2026-08-17 17:09:31.921107,0 days 00:00:05.841403,leaky_relu,True,True,256,0.19901950056450965,onehot,True,3,0.000687273215918253,smooth_l1,5.0,0.6550857124775173,adamw,robust,plateau,log1p,1.929022632391814e-06,64,256.0,512.0,,True,"{'name': 'T016', 'preprocess': {'numeric_only': False, 'scaler': 'robust', 'encoding': 'onehot', 'feature_engineering': True, 'add_log_features': True, 'winsorize': True, 'min_frequency': 5, 'target_transform': 'log1p'}, 'model': {'hidden_layers': [64, 256, 512], 'activation': 'leaky_relu', 'dropout': 0.19901950056450965, 'batch_norm': True, 'optimizer': 'adamw', 'learning_rate': 0.000687273215918253, 'weight_decay': 1.929022632391814e-06, 'momentum': 0.6550857124775173, 'batch_size': 256, 'max_epochs': 200, 'patience': 22, 'min_delta': 1e-05, 'loss': 'smooth_l1', 'scheduler': 'plateau', 'gradient_clip': 5.0}}",,,PRUNED
17,34494.13241151397,2026-08-17 17:09:31.934324,2026-08-17 17:09:48.724301,0 days 00:00:16.789977,leaky_relu,True,False,16,0.19741667035149196,ordinal,False,2,0.000688765105358087,smooth_l1,2.0,0.5074722202887183,sgd,standard,none,standard,6.487195477524557e-07,256,64.0,,,False,"{'name': 'T017', 'preprocess': {'numeric_only': False, 'scaler': 'standard', 'encoding': 'ordinal', 'feature_engineering': False, 'add_log_features': True, 'winsorize': False, 'min_frequency': 2, 'target_transform': 'standard'}, 'model': {'hidden_layers': [256, 64], 'activation': 'leaky_relu', 'dropout': 0.19741667035149196, 'batch_norm': False, 'optimizer': 'sgd', 'learning_rate': 0.000688765105358087, 'weight_decay': 6.487195477524557e-07, 'momentum': 0.5074722202887183, 'batch_size': 16, 'max_epochs': 200, 'patience': 22, 'min_delta': 1e-05, 'loss': 'smooth_l1', 'scheduler': 'none', 'gradient_clip': 5.0}}",155.0,11377.042442759372,COMPLETE
18,30792.759656537866,2026-08-17 17:09:48.735659,2026-08-17 17:10:04.468580,0 days 00:00:15.732921,tanh,True,False,16,0.3104496203770124,ordinal,False,4,0.001208784551682307,smooth_l1,,0.6498181909151518,adam,standard,none,log1p,1.9889730526011247e-07,256,32.0,64.0,64.0,False,"{'name': 'T018', 'preprocess': {'numeric_only': False, 'scaler': 'standard', 'encoding': 'ordinal', 'feature_engineering': False, 'add_log_features': True, 'winsorize': False, 'min_frequency': None, 'target_transform': 'log1p'}, 'model': {'hidden_layers': [256, 32, 64, 64], 'activation': 'tanh', 'dropout': 0.3104496203770124, 'batch_norm': False, 'optimizer': 'adam', 'learning_rate': 0.001208784551682307, 'weight_decay': 1.9889730526011247e-07, 'momentum': 0.6498181909151518, 'batch_size': 16, 'max_epochs': 200, 'patience': 22, 'min_delta': 1e-05, 'loss': 'smooth_l1', 'scheduler': 'none', 'gradient_clip': 5.0}}",69.0,4755.128765621477,COMPLETE
19,33354.56278925975,2026-08-17 17:10:04.483080,2026-08-17 17:10:12.281424,0 days 00:00:07.798344,tanh,True,False,16,0.23781898986223976,ordinal,True,4,0.010476307944281237,smooth_l1,2.0,0.5816472708582826,adam,standard,cosine,log1p,2.1881516208068555e-06,64,32.0,256.0,512.0,False,"{'name': 'T019', 'preprocess': {'numeric_only': False, 'scaler': 'standard', 'encoding': 'ordinal', 'feature_engineering': True, 'add_log_features': True, 'winsorize': False, 'min_frequency': 2, 'target_transform': 'log1p'}, 'model': {'hidden_layers': [64, 32, 256, 512], 'activation': 'tanh', 'dropout': 0.23781898986223976, 'batch_norm': False, 'optimizer': 'adam', 'learning_rate': 0.010476307944281237, 'weight_decay': 2.1881516208068555e-06, 'momentum': 0.5816472708582826, 'batch_size': 16, 'max_epochs': 200, 'patience': 22, 'min_delta': 1e-05, 'loss': 'smooth_l1', 'scheduler': 'cosine', 'gradient_clip': 5.0}}",,,PRUNED
20,30386.04625964599,2026-08-17 17:10:12.292845,2026-08-17 17:10:20.015441,0 days 00:00:07.722596,leaky_relu,True,True,32,0.19618149888495304,ordinal,True,3,0.0013704801268839368,smooth_l1,,0.8031360803724361,sgd,standard,plateau,log1p,2.726997435834117e-05,64,32.0,32.0,,True,"{'name': 'T020', 'preprocess': {'numeric_only': False, 'scaler': 'standard', 'encoding': 'ordinal', 'feature_engineering': True, 'add_log_features': True, 'winsorize': True, 'min_frequency': None, 'target_transform': 'log1p'}, 'model': {'hidden_layers': [64, 32, 32], 'activation': 'leaky_relu', 'dropout': 0.19618149888495304, 'batch_norm': True, 'optimizer': 'sgd', 'learning_rate': 0.0013704801268839368, 'weight_decay': 2.726997435834117e-05, 'momentum': 0.8031360803724361, 'batch_size': 32, 'max_epochs': 200, 'patience': 22, 'min_delta': 1e-05, 'loss': 'smooth_l1', 'scheduler': 'plateau', 'gradient_clip': 5.0}}",,,PRUNED
21,29852.30822720064,2026-08-17 17:10:20.024589,2026-08-17 17:10:25.031368,0 days 00:00:05.006779,tanh,True,True,128,0.20358444582433624,onehot,True,4,0.0002475392758219127,smooth_l1,2.0,0.5597412742597399,adam,standard,cosine,log1p,9.708935507887732e-07,128,32.0,128.0,128.0,True,"{'name': 'T021', 'preprocess': {'numeric_only': False, 'scaler': 'standard', 'encoding': 'onehot', 'feature_engineering': True, 'add_log_features': True, 'winsorize': True, 'min_frequency': 2, 'target_transform': 'log1p'}, 'model': {'hidden_layers': [128, 32, 128, 128], 'activation': 'tanh', 'dropout': 0.20358444582433624, 'batch_norm': True, 'optimizer': 'adam', 'learning_rate': 0.0002475392758219127, 'weight_decay': 9.708935507887732e-07, 'momentum': 0.5597412742597399, 'batch_size': 128, 'max_epochs': 200, 'patience': 22, 'min_delta': 1e-05, 'loss': 'smooth_l1', 'scheduler': 'cosine', 'gradient_clip': 5.0}}",,,PRUNED
22,36568.55825604709,2026-08-17 17:10:25.045624,2026-08-17 17:10:45.481454,0 days 00:00:20.435830,gelu,True,True,16,0.2420744709483935,onehot,True,4,0.0002363439637281706,mse,2.0,0.557095089667277,adamw,standard,none,log1p,3.0782258881551213e-07,128,32.0,128.0,512.0,False,"{'name': 'T022', 'preprocess': {'numeric_only': False, 'scaler': 'standard', 'encoding': 'onehot', 'feature_engineering': True, 'add_log_features': True, 'winsorize': False, 'min_frequency': 2, 'target_transform': 'log1p'}, 'model': {'hidden_layers': [128, 32, 128, 512], 'activation': 'gelu', 'dropout': 0.2420744709483935, 'batch_norm': True, 'optimizer': 'adamw', 'learning_rate': 0.0002363439637281706, 'weight_decay': 3.0782258881551213e-07, 'momentum': 0.557095089667277, 'batch_size': 16, 'max_epochs': 200, 'patience': 22, 'min_delta': 1e-05, 'loss': 'mse', 'scheduler': 'none', 'gradient_clip': 5.0}}",37.0,17204.93070964668,COMPLETE
23,32952.71000599865,2026-08-17 17:10:45.493877,2026-08-17 17:10:52.606188,0 days 00:00:07.112311,silu,True,True,64,0.28583996206291445,ordinal,True,4,9.4443821861656e-05,smooth_l1,5.0,0.6189246314890882,rmsprop,standard,plateau,log1p,1.1743714879688594e-07,64,32.0,128.0,64.0,True,"{'name': 'T023', 'preprocess': {'numeric_only': False, 'scaler': 'standard', 'encoding': 'ordinal', 'feature_engineering': True, 'add_log_features': True, 'winsorize': True, 'min_frequency': 5, 'target_transform': 'log1p'}, 'model': {'hidden_layers': [64, 32, 128, 64], 'activation': 'silu', 'dropout': 0.28583996206291445, 'batch_norm': True, 'optimizer': 'rmsprop', 'learning_rate': 9.4443821861656e-05, 'weight_decay': 1.1743714879688594e-07, 'momentum': 0.6189246314890882, 'batch_size': 64, 'max_epochs': 200, 'patience': 22, 'min_delta': 1e-05, 'loss': 'smooth_l1', 'scheduler': 'plateau', 'gradient_clip': 5.0}}",57.0,6655.116624670196,COMPLETE
24,33828.273498743474,2026-08-17 17:10:52.623073,2026-08-17 17:11:02.031819,0 days 00:00:09.408746,leaky_relu,True,True,32,0.06796281433836743,ordinal,True,4,0.0005707728800119238,smooth_l1,,0.587220163466001,rmsprop,robust,plateau,log1p,2.126035836445371e-06,64,128.0,512.0,32.0,False,"{'name': 'T024', 'preprocess': {'numeric_only': False, 'scaler': 'robust', 'encoding': 'ordinal', 'feature_engineering': True, 'add_log_features': True, 'winsorize': False, 'min_frequency': None, 'target_transform': 'log1p'}, 'model': {'hidden_layers': [64, 128, 512, 32], 'activation': 'leaky_relu', 'dropout': 0.06796281433836743, 'batch_norm': True, 'optimizer': 'rmsprop', 'learning_rate': 0.0005707728800119238, 'weight_decay': 2.126035836445371e-06, 'momentum': 0.587220163466001, 'batch_size': 32, 'max_epochs': 200, 'patience': 22, 'min_delta': 1e-05, 'loss': 'smooth_l1', 'scheduler': 'plateau', 'gradient_clip': 5.0}}",,,PRUNED
25,30493.56068549184,2026-08-17 17:11:02.048609,2026-08-17 17:11:19.363876,0 days 00:00:17.315267,tanh,False,True,16,0.2136510508473057,ordinal,True,4,0.0008628473594837646,mse,5.0,0.5552106358798315,adam,standard,none,log1p,2.720740087618007e-07,128,64.0,128.0,256.0,False,"{'name': 'T025', 'preprocess': {'numeric_only': False, 'scaler': 'standard', 'encoding': 'ordinal', 'feature_engineering': True, 'add_log_features': False, 'winsorize': False, 'min_frequency': 5, 'target_transform': 'log1p'}, 'model': {'hidden_layers': [128, 64, 128, 256], 'activation': 'tanh', 'dropout': 0.2136510508473057, 'batch_norm': True, 'optimizer': 'adam', 'learning_rate': 0.0008628473594837646, 'weight_decay': 2.720740087618007e-07, 'momentum': 0.5552106358798315, 'batch_size': 16, 'max_epochs': 200, 'patience': 22, 'min_delta': 1e-05, 'loss': 'mse', 'scheduler': 'none', 'gradient_clip': 5.0}}",40.0,5983.503304036627,COMPLETE
26,32033.743296148168,2026-08-17 17:11:19.372284,2026-08-17 17:11:25.513780,0 days 00:00:06.141496,tanh,True,True,256,0.10151326307275896,onehot,True,3,0.0005061348843575762,smooth_l1,2.0,0.5200903300112154,adam,standard,none,standard,1.0164462327613038e-07,128,512.0,128.0,,False,"{'name': 'T026', 'preprocess': {'numeric_only': False, 'scaler': 'standard', 'encoding': 'onehot', 'feature_engineering': True, 'add_log_features': True, 'winsorize': False, 'min_frequency': 2, 'target_transform': 'standard'}, 'model': {'hidden_layers': [128, 512, 128], 'activation': 'tanh', 'dropout': 0.10151326307275896, 'batch_norm': True, 'optimizer': 'adam', 'learning_rate': 0.0005061348843575762, 'weight_decay': 1.0164462327613038e-07, 'momentum': 0.5200903300112154, 'batch_size': 256, 'max_epochs': 200, 'patience': 22, 'min_delta': 1e-05, 'loss': 'smooth_l1', 'scheduler': 'none', 'gradient_clip': 5.0}}",53.0,6804.304000618394,COMPLETE
27,37715.58843497868,2026-08-17 17:11:25.530495,2026-08-17 17:11:33.088695,0 days 00:00:07.558200,leaky_relu,True,False,16,0.34887512292702794,onehot,True,4,0.004802614338516331,smooth_l1,2.0,0.6510544193466795,adam,standard,none,log1p,8.179807467624121e-07,256,32.0,512.0,128.0,False,"{'name': 'T027', 'preprocess': {'numeric_only': False, 'scaler': 'standard', 'encoding': 'onehot', 'feature_engineering': True, 'add_log_features': True, 'winsorize': False, 'min_frequency': 2, 'target_transform': 'log1p'}, 'model': {'hidden_layers': [256, 32, 512, 128], 'activation': 'leaky_relu', 'dropout': 0.34887512292702794, 'batch_norm': False, 'optimizer': 'adam', 'learning_rate': 0.004802614338516331, 'weight_decay': 8.179807467624121e-07, 'momentum': 0.6510544193466795, 'batch_size': 16, 'max_epochs': 200, 'patience': 22, 'min_delta': 1e-05, 'loss': 'smooth_l1', 'scheduler': 'none', 'gradient_clip': 5.0}}",10.0,24938.833692893386,COMPLETE
28,34641.73484817031,2026-08-17 17:11:33.097513,2026-08-17 17:11:57.022702,0 days 00:00:23.925189,tanh,True,True,16,0.20920371313363753,onehot,True,3,0.00019703329423170573,smooth_l1,2.0,0.5001037038877547,sgd,standard,plateau,log1p,1.4001959973575352e-07,128,256.0,128.0,,False,"{'name': 'T028', 'preprocess': {'numeric_only': False, 'scaler': 'standard', 'encoding': 'onehot', 'feature_engineering': True, 'add_log_features': True, 'winsorize': False, 'min_frequency': 2, 'target_transform': 'log1p'}, 'model': {'hidden_layers': [128, 256, 128], 'activation': 'tanh', 'dropout': 0.20920371313363753, 'batch_norm': True, 'optimizer': 'sgd', 'learning_rate': 0.00019703329423170573, 'weight_decay': 1.4001959973575352e-07, 'momentum': 0.5001037038877547, 'batch_size': 16, 'max_epochs': 200, 'patience': 22, 'min_delta': 1e-05, 'loss': 'smooth_l1', 'scheduler': 'plateau', 'gradient_clip': 5.0}}",,,PRUNED
29,32723.26393621785,2026-08-17 17:11:57.037644,2026-08-17 17:12:07.696750,0 days 00:00:10.659106,leaky_relu,True,True,16,0.25043155543819956,ordinal,True,4,0.0024859384757973005,smooth_l1,5.0,0.5781480903905868,adamw,standard,plateau,log1p,5.559487209623863e-07,64,32.0,32.0,512.0,False,"{'name': 'T029', 'preprocess': {'numeric_only': False, 'scaler': 'standard', 'encoding': 'ordinal', 'feature_engineering': True, 'add_log_features': True, 'winsorize': False, 'min_frequency': 5, 'target_transform': 'log1p'}, 'model': {'hidden_layers': [64, 32, 32, 512], 'activation': 'leaky_relu', 'dropout': 0.25043155543819956, 'batch_norm': True, 'optimizer': 'adamw', 'learning_rate': 0.0024859384757973005, 'weight_decay': 5.559487209623863e-07, 'momentum': 0.5781480903905868, 'batch_size': 16, 'max_epochs': 200, 'patience': 22, 'min_delta': 1e-05, 'loss': 'smooth_l1', 'scheduler': 'plateau', 'gradient_clip': 5.0}}",18.0,16971.296385463906,COMPLETE
30,31919.21268407449,2026-08-17 17:12:07.713394,2026-08-17 17:12:13.920180,0 days 00:00:06.206786,tanh,True,True,32,0.3034834953457402,ordinal,False,4,0.0004424509980032444,smooth_l1,5.0,0.5988955181869416,adam,standard,plateau,log1p,1.9191235225345024e-07,128,32.0,256.0,128.0,True,"{'name': 'T030', 'preprocess': {'numeric_only': False, 'scaler': 'standard', 'encoding': 'ordinal', 'feature_engineering': False, 'add_log_features': True, 'winsorize': True, 'min_frequency': 5, 'target_transform': 'log1p'}, 'model': {'hidden_layers': [128, 32, 256, 128], 'activation': 'tanh', 'dropout': 0.3034834953457402, 'batch_norm': True, 'optimizer': 'adam', 'learning_rate': 0.0004424509980032444, 'weight_decay': 1.9191235225345024e-07, 'momentum': 0.5988955181869416, 'batch_size': 32, 'max_epochs': 200, 'patience': 22, 'min_delta': 1e-05, 'loss': 'smooth_l1', 'scheduler': 'plateau', 'gradient_clip': 5.0}}",,,PRUNED
31,35331.46466404589,2026-08-17 17:12:13.929887,2026-08-17 17:12:22.963156,0 days 00:00:09.033269,silu,False,True,16,0.1711778270889039,onehot,True,2,0.00011023757347882634,smooth_l1,2.0,0.5704475447345296,adam,standard,none,log1p,5.675931986881015e-07,256,64.0,,,False,"{'name': 'T031', 'preprocess': {'numeric_only': False, 'scaler': 'standard', 'encoding': 'onehot', 'feature_engineering': True, 'add_log_features': False, 'winsorize': False, 'min_frequency': 2, 'target_transform': 'log1p'}, 'model': {'hidden_layers': [256, 64], 'activation': 'silu', 'dropout': 0.1711778270889039, 'batch_norm': True, 'optimizer': 'adam', 'learning_rate': 0.00011023757347882634, 'weight_decay': 5.675931986881015e-07, 'momentum': 0.5704475447345296, 'batch_size': 16, 'max_epochs': 200, 'patience': 22, 'min_delta': 1e-05, 'loss': 'smooth_l1', 'scheduler': 'none', 'gradient_clip': 5.0}}",19.0,17772.54710339485,COMPLETE
32,30096.042296128686,2026-08-17 17:12:22.981512,2026-08-17 17:12:27.938135,0 days 00:00:04.956623,leaky_relu,False,False,32,0.3305675145977673,ordinal,True,4,0.0030666926286396275,mse,5.0,0.5337884460762512,rmsprop,standard,none,standard,9.793202705816045e-06,64,64.0,256.0,512.0,True,"{'name': 'T032', 'preprocess': {'numeric_only': False, 'scaler': 'standard', 'encoding': 'ordinal', 'feature_engineering': True, 'add_log_features': False, 'winsorize': True, 'min_frequency': 5, 'target_transform': 'standard'}, 'model': {'hidden_layers': [64, 64, 256, 512], 'activation': 'leaky_relu', 'dropout': 0.3305675145977673, 'batch_norm': False, 'optimizer': 'rmsprop', 'learning_rate': 0.0030666926286396275, 'weight_decay': 9.793202705816045e-06, 'momentum': 0.5337884460762512, 'batch_size': 32, 'max_epochs': 200, 'patience': 22, 'min_delta': 1e-05, 'loss': 'mse', 'scheduler': 'none', 'gradient_clip': 5.0}}",13.0,6690.30147018832,COMPLETE
33,28459.098238377166,2026-08-17 17:12:27.952222,2026-08-17 17:12:36.313561,0 days 00:00:08.361339,leaky_relu,False,False,32,0.3894722784262846,ordinal,True,4,0.0017966738682271253,mse,2.0,0.5460468211589902,rmsprop,robust,none,log1p,3.0982911013848535e-06,64,64.0,256.0,512.0,True,"{'name': 'T033', 'preprocess': {'numeric_only': False, 'scaler': 'robust', 'encoding': 'ordinal', 'feature_engineering': True, 'add_log_features': False, 'winsorize': True, 'min_frequency': 2, 'target_transform': 'log1p'}, 'model': {'hidden_layers': [64, 64, 256, 512], 'activation': 'leaky_relu', 'dropout': 0.3894722784262846, 'batch_norm': False, 'optimizer': 'rmsprop', 'learning_rate': 0.0017966738682271253, 'weight_decay': 3.0982911013848535e-06, 'momentum': 0.5460468211589902, 'batch_size': 32, 'max_epochs': 200, 'patience': 22, 'min_delta': 1e-05, 'loss': 'mse', 'scheduler': 'none', 'gradient_clip': 5.0}}",,,PRUNED
34,30498.052690247063,2026-08-17 17:12:36.321394,2026-08-17 17:12:45.146654,0 days 00:00:08.825260,leaky_relu,False,False,32,0.2729724025951582,ordinal,True,4,0.00028355563156649697,mse,5.0,0.5049065502398464,adam,standard,none,standard,4.48401829678593e-07,512,512.0,256.0,512.0,True,"{'name': 'T034', 'preprocess': {'numeric_only': False, 'scaler': 'standard', 'encoding': 'ordinal', 'feature_engineering': True, 'add_log_features': False, 'winsorize': True, 'min_frequency': 5, 'target_transform': 'standard'}, 'model': {'hidden_layers': [512, 512, 256, 512], 'activation': 'leaky_relu', 'dropout': 0.2729724025951582, 'batch_norm': False, 'optimizer': 'adam', 'learning_rate': 0.00028355563156649697, 'weight_decay': 4.48401829678593e-07, 'momentum': 0.5049065502398464, 'batch_size': 32, 'max_epochs': 200, 'patience': 22, 'min_delta': 1e-05, 'loss': 'mse', 'scheduler': 'none', 'gradient_clip': 5.0}}",13.0,9457.119946197268,COMPLETE
35,30064.814002420095,2026-08-17 17:12:45.154581,2026-08-17 17:12:59.735845,0 days 00:00:14.581264,tanh,True,True,16,0.2810765219822418,onehot,True,2,0.0005544441436197135,smooth_l1,2.0,0.5726469816850812,adam,standard,none,log1p,8.755444498560215e-07,32,64.0,,,False,"{'name': 'T035', 'preprocess': {'numeric_only': False, 'scaler': 'standard', 'encoding': 'onehot', 'feature_engineering': True, 'add_log_features': True, 'winsorize': False, 'min_frequency': 2, 'target_transform': 'log1p'}, 'model': {'hidden_layers': [32, 64], 'activation': 'tanh', 'dropout': 0.2810765219822418, 'batch_norm': True, 'optimizer': 'adam', 'learning_rate': 0.0005544441436197135, 'weight_decay': 8.755444498560215e-07, 'momentum': 0.5726469816850812, 'batch_size': 16, 'max_epochs': 200, 'patience': 22, 'min_delta': 1e-05, 'loss': 'smooth_l1', 'scheduler': 'none', 'gradient_clip': 5.0}}",59.0,5306.512156726117,COMPLETE
36,30669.14670425724,2026-08-17 17:12:59.746931,2026-08-17 17:13:14.629061,0 days 00:00:14.882130,tanh,True,True,32,0.2865779280994453,ordinal,True,3,5.429963935380624e-05,smooth_l1,2.0,0.5204883918938557,adam,standard,none,log1p,1.0525591436534936e-05,32,256.0,64.0,,False,"{'name': 'T036', 'preprocess': {'numeric_only': False, 'scaler': 'standard', 'encoding': 'ordinal', 'feature_engineering': True, 'add_log_features': True, 'winsorize': False, 'min_frequency': 2, 'target_transform': 'log1p'}, 'model': {'hidden_layers': [32, 256, 64], 'activation': 'tanh', 'dropout': 0.2865779280994453, 'batch_norm': True, 'optimizer': 'adam', 'learning_rate': 5.429963935380624e-05, 'weight_decay': 1.0525591436534936e-05, 'momentum': 0.5204883918938557, 'batch_size': 32, 'max_epochs': 200, 'patience': 22, 'min_delta': 1e-05, 'loss': 'smooth_l1', 'scheduler': 'none', 'gradient_clip': 5.0}}",,,PRUNED
37,28701.513170185237,2026-08-17 17:13:14.770054,2026-08-17 17:13:27.237366,0 days 00:00:12.467312,tanh,True,True,16,0.21450218934587928,onehot,False,2,0.00022781806179817478,smooth_l1,5.0,0.605733238655516,adam,standard,none,log1p,1.5913814820321942e-07,64,32.0,,,False,"{'name': 'T037', 'preprocess': {'numeric_only': False, 'scaler': 'standard', 'encoding': 'onehot', 'feature_engineering': False, 'add_log_features': True, 'winsorize': False, 'min_frequency': 5, 'target_transform': 'log1p'}, 'model': {'hidden_layers': [64, 32], 'activation': 'tanh', 'dropout': 0.21450218934587928, 'batch_norm': True, 'optimizer': 'adam', 'learning_rate': 0.00022781806179817478, 'weight_decay': 1.5913814820321942e-07, 'momentum': 0.605733238655516, 'batch_size': 16, 'max_epochs': 200, 'patience': 22, 'min_delta': 1e-05, 'loss': 'smooth_l1', 'scheduler': 'none', 'gradient_clip': 5.0}}",,,PRUNED
38,31343.359697421605,2026-08-17 17:13:27.253919,2026-08-17 17:13:33.737323,0 days 00:00:06.483404,tanh,True,True,16,0.29744497692768973,onehot,True,2,0.0011733322759316521,mse,2.0,0.6114349928942906,adam,robust,none,log1p,2.0298395140063033e-07,32,64.0,,,False,"{'name': 'T038', 'preprocess': {'numeric_only': False, 'scaler': 'robust', 'encoding': 'onehot', 'feature_engineering': True, 'add_log_features': True, 'winsorize': False, 'min_frequency': 2, 'target_transform': 'log1p'}, 'model': {'hidden_layers': [32, 64], 'activation': 'tanh', 'dropout': 0.29744497692768973, 'batch_norm': True, 'optimizer': 'adam', 'learning_rate': 0.0011733322759316521, 'weight_decay': 2.0298395140063033e-07, 'momentum': 0.6114349928942906, 'batch_size': 16, 'max_epochs': 200, 'patience': 22, 'min_delta': 1e-05, 'loss': 'mse', 'scheduler': 'none', 'gradient_clip': 5.0}}",,,PRUNED
39,41449.67258877232,2026-08-17 17:13:33.737323,2026-08-17 17:13:42.300994,0 days 00:00:08.563671,tanh,True,False,256,0.30296426329262083,onehot,True,3,7.192989083964297e-05,smooth_l1,2.0,0.5316251157182352,adam,robust,none,log1p,2.2659408407174565e-06,128,512.0,512.0,,False,"{'name': 'T039', 'preprocess': {'numeric_only': False, 'scaler': 'robust', 'encoding': 'onehot', 'feature_engineering': True, 'add_log_features': True, 'winsorize': False, 'min_frequency': 2, 'target_transform': 'log1p'}, 'model': {'hidden_layers': [128, 512, 512], 'activation': 'tanh', 'dropout': 0.30296426329262083, 'batch_norm': False, 'optimizer': 'adam', 'learning_rate': 7.192989083964297e-05, 'weight_decay': 2.2659408407174565e-06, 'momentum': 0.5316251157182352, 'batch_size': 256, 'max_epochs': 200, 'patience': 22, 'min_delta': 1e-05, 'loss': 'smooth_l1', 'scheduler': 'none', 'gradient_clip': 5.0}}",,,PRUNED
40,28383.849973114546,2026-08-17 17:13:42.312208,2026-08-17 17:13:45.245314,0 days 00:00:02.933106,tanh,False,False,256,0.2321149189568348,ordinal,True,3,0.0042378154332327915,smooth_l1,2.0,0.5398263943427657,adam,standard,none,log1p,1.546967143010798e-07,256,128.0,64.0,,False,"{'name': 'T040', 'preprocess': {'numeric_only': False, 'scaler': 'standard', 'encoding': 'ordinal', 'feature_engineering': True, 'add_log_features': False, 'winsorize': False, 'min_frequency': 2, 'target_transform': 'log1p'}, 'model': {'hidden_layers': [256, 128, 64], 'activation': 'tanh', 'dropout': 0.2321149189568348, 'batch_norm': False, 'optimizer': 'adam', 'learning_rate': 0.0042378154332327915, 'weight_decay': 1.546967143010798e-07, 'momentum': 0.5398263943427657, 'batch_size': 256, 'max_epochs': 200, 'patience': 22, 'min_delta': 1e-05, 'loss': 'smooth_l1', 'scheduler': 'none', 'gradient_clip': 5.0}}",35.0,5726.8627490843755,COMPLETE
41,33104.869414907625,2026-08-17 17:13:45.253803,2026-08-17 17:13:54.612562,0 days 00:00:09.358759,relu,True,True,16,0.22694418633540173,onehot,True,3,0.0067287111437770225,smooth_l1,2.0,0.5374816525249292,adam,standard,none,log1p,5.182244204941811e-07,128,128.0,64.0,,False,"{'name': 'T041', 'preprocess': {'numeric_only': False, 'scaler': 'standard', 'encoding': 'onehot', 'feature_engineering': True, 'add_log_features': True, 'winsorize': False, 'min_frequency': 2, 'target_transform': 'log1p'}, 'model': {'hidden_layers': [128, 128, 64], 'activation': 'relu', 'dropout': 0.22694418633540173, 'batch_norm': True, 'optimizer': 'adam', 'learning_rate': 0.0067287111437770225, 'weight_decay': 5.182244204941811e-07, 'momentum': 0.5374816525249292, 'batch_size': 16, 'max_epochs': 200, 'patience': 22, 'min_delta': 1e-05, 'loss': 'smooth_l1', 'scheduler': 'none', 'gradient_clip': 5.0}}",25.0,17312.312155402153,COMPLETE
42,32097.07617894367,2026-08-17 17:13:54.622397,2026-08-17 17:13:58.252057,0 days 00:00:03.629660,gelu,False,False,256,0.17469754482566902,ordinal,False,3,0.0002460686854698089,smooth_l1,2.0,0.5070043164521133,adam,standard,none,log1p,1.3772185403253268e-06,256,128.0,64.0,,False,"{'name': 'T042', 'preprocess': {'numeric_only': False, 'scaler': 'standard', 'encoding': 'ordinal', 'feature_engineering': False, 'add_log_features': False, 'winsorize': False, 'min_frequency': 2, 'target_transform': 'log1p'}, 'model': {'hidden_layers': [256, 128, 64], 'activation': 'gelu', 'dropout': 0.17469754482566902, 'batch_norm': False, 'optimizer': 'adam', 'learning_rate': 0.0002460686854698089, 'weight_decay': 1.3772185403253268e-06, 'momentum': 0.5070043164521133, 'batch_size': 256, 'max_epochs': 200, 'patience': 22, 'min_delta': 1e-05, 'loss': 'smooth_l1', 'scheduler': 'none', 'gradient_clip': 5.0}}",34.0,13580.23832769832,COMPLETE
43,27996.688544362096,2026-08-17 17:13:58.263168,2026-08-17 17:14:05.761742,0 days 00:00:07.498574,tanh,False,False,32,0.2111410442927499,ordinal,True,3,0.008992529347637042,smooth_l1,2.0,0.5678298689253477,adamw,standard,plateau,log1p,3.4295343446320304e-07,256,128.0,64.0,,False,"{'name': 'T043', 'preprocess': {'numeric_only': False, 'scaler': 'standard', 'encoding': 'ordinal', 'feature_engineering': True, 'add_log_features': False, 'winsorize': False, 'min_frequency': 2, 'target_transform': 'log1p'}, 'model': {'hidden_layers': [256, 128, 64], 'activation': 'tanh', 'dropout': 0.2111410442927499, 'batch_norm': False, 'optimizer': 'adamw', 'learning_rate': 0.008992529347637042, 'weight_decay': 3.4295343446320304e-07, 'momentum': 0.5678298689253477, 'batch_size': 32, 'max_epochs': 200, 'patience': 22, 'min_delta': 1e-05, 'loss': 'smooth_l1', 'scheduler': 'plateau', 'gradient_clip': 5.0}}",51.0,5030.636280930527,COMPLETE
44,36934.838509290574,2026-08-17 17:14:05.776722,2026-08-17 17:14:09.552026,0 days 00:00:03.775304,leaky_relu,False,False,32,0.2830952498847563,ordinal,True,4,0.002728223100269421,smooth_l1,2.0,0.6246053851755998,adamw,standard,plateau,log1p,2.738835999158826e-07,256,128.0,64.0,32.0,False,"{'name': 'T044', 'preprocess': {'numeric_only': False, 'scaler': 'standard', 'encoding': 'ordinal', 'feature_engineering': True, 'add_log_features': False, 'winsorize': False, 'min_frequency': 2, 'target_transform': 'log1p'}, 'model': {'hidden_layers': [256, 128, 64, 32], 'activation': 'leaky_relu', 'dropout': 0.2830952498847563, 'batch_norm': False, 'optimizer': 'adamw', 'learning_rate': 0.002728223100269421, 'weight_decay': 2.738835999158826e-07, 'momentum': 0.6246053851755998, 'batch_size': 32, 'max_epochs': 200, 'patience': 22, 'min_delta': 1e-05, 'loss': 'smooth_l1', 'scheduler': 'plateau', 'gradient_clip': 5.0}}",5.0,23792.153503109977,COMPLETE
45,29940.908939332738,2026-08-17 17:14:09.561725,2026-08-17 17:14:16.353398,0 days 00:00:06.791673,tanh,True,False,32,0.20266733597872566,ordinal,True,3,0.005081063587747818,smooth_l1,,0.5615732722910713,adamw,robust,plateau,log1p,1.570125575877349e-06,256,128.0,64.0,,False,"{'name': 'T045', 'preprocess': {'numeric_only': False, 'scaler': 'robust', 'encoding': 'ordinal', 'feature_engineering': True, 'add_log_features': True, 'winsorize': False, 'min_frequency': None, 'target_transform': 'log1p'}, 'model': {'hidden_layers': [256, 128, 64], 'activation': 'tanh', 'dropout': 0.20266733597872566, 'batch_norm': False, 'optimizer': 'adamw', 'learning_rate': 0.005081063587747818, 'weight_decay': 1.570125575877349e-06, 'momentum': 0.5615732722910713, 'batch_size': 32, 'max_epochs': 200, 'patience': 22, 'min_delta': 1e-05, 'loss': 'smooth_l1', 'scheduler': 'plateau', 'gradient_clip': 5.0}}",,,PRUNED
46,32672.279633507696,2026-08-17 17:14:16.361624,2026-08-17 17:14:18.561620,0 days 00:00:02.199996,leaky_relu,False,False,256,0.1997390952621261,ordinal,True,2,0.006706217294887488,smooth_l1,2.0,0.6397695353208606,adam,standard,none,log1p,1.5717386938586697e-07,256,128.0,,,False,"{'name': 'T046', 'preprocess': {'numeric_only': False, 'scaler': 'standard', 'encoding': 'ordinal', 'feature_engineering': True, 'add_log_features': False, 'winsorize': False, 'min_frequency': 2, 'target_transform': 'log1p'}, 'model': {'hidden_layers': [256, 128], 'activation': 'leaky_relu', 'dropout': 0.1997390952621261, 'batch_norm': False, 'optimizer': 'adam', 'learning_rate': 0.006706217294887488, 'weight_decay': 1.5717386938586697e-07, 'momentum': 0.6397695353208606, 'batch_size': 256, 'max_epochs': 200, 'patience': 22, 'min_delta': 1e-05, 'loss': 'smooth_l1', 'scheduler': 'none', 'gradient_clip': 5.0}}",23.0,20877.36787927907,COMPLETE
47,41130.529866015044,2026-08-17 17:14:18.570006,2026-08-17 17:14:23.630123,0 days 00:00:05.060117,silu,False,False,16,0.19601186113077468,ordinal,True,2,0.014745103502073335,mse,2.0,0.6034641337144553,adamw,robust,plateau,log1p,2.0264646782824473e-06,256,128.0,,,False,"{'name': 'T047', 'preprocess': {'numeric_only': False, 'scaler': 'robust', 'encoding': 'ordinal', 'feature_engineering': True, 'add_log_features': False, 'winsorize': False, 'min_frequency': 2, 'target_transform': 'log1p'}, 'model': {'hidden_layers': [256, 128], 'activation': 'silu', 'dropout': 0.19601186113077468, 'batch_norm': False, 'optimizer': 'adamw', 'learning_rate': 0.014745103502073335, 'weight_decay': 2.0264646782824473e-06, 'momentum': 0.6034641337144553, 'batch_size': 16, 'max_epochs': 200, 'patience': 22, 'min_delta': 1e-05, 'loss': 'mse', 'scheduler': 'plateau', 'gradient_clip': 5.0}}",,,PRUNED
48,26202.80524282043,2026-08-17 17:14:23.643884,2026-08-17 17:14:28.236531,0 days 00:00:04.592647,tanh,False,False,64,0.15387973483005923,ordinal,True,3,0.00820415564350493,mse,5.0,0.5369325303749197,adamw,standard,plateau,log1p,1.0471154256359431e-07,256,128.0,64.0,,False,"{'name': 'T048', 'preprocess': {'numeric_only': False, 'scaler': 'standard', 'encoding': 'ordinal', 'feature_engineering': True, 'add_log_features': False, 'winsorize': False, 'min_frequency': 5, 'target_transform': 'log1p'}, 'model': {'hidden_layers': [256, 128, 64], 'activation': 'tanh', 'dropout': 0.15387973483005923, 'batch_norm': False, 'optimizer': 'adamw', 'learning_rate': 0.00820415564350493, 'weight_decay': 1.0471154256359431e-07, 'momentum': 0.5369325303749197, 'batch_size': 64, 'max_epochs': 200, 'patience': 22, 'min_delta': 1e-05, 'loss': 'mse', 'scheduler': 'plateau', 'gradient_clip': 5.0}}",59.0,6011.139035206386,COMPLETE
49,33850.3416850474,2026-08-17 17:14:28.244820,2026-08-17 17:14:31.995762,0 days 00:00:03.750942,leaky_relu,False,False,64,0.0891581856887332,ordinal,True,4,0.01538007494335644,mse,5.0,0.5135826743774373,adamw,standard,plateau,standard,1.5246810441281458e-07,256,128.0,64.0,256.0,False,"{'name': 'T049', 'preprocess': {'numeric_only': False, 'scaler': 'standard', 'encoding': 'ordinal', 'feature_engineering': True, 'add_log_features': False, 'winsorize': False, 'min_frequency': 5, 'target_transform': 'standard'}, 'model': {'hidden_layers': [256, 128, 64, 256], 'activation': 'leaky_relu', 'dropout': 0.0891581856887332, 'batch_norm': False, 'optimizer': 'adamw', 'learning_rate': 0.01538007494335644, 'weight_decay': 1.5246810441281458e-07, 'momentum': 0.5135826743774373, 'batch_size': 64, 'max_epochs': 200, 'patience': 22, 'min_delta': 1e-05, 'loss': 'mse', 'scheduler': 'plateau', 'gradient_clip': 5.0}}",18.0,16872.626517697827,COMPLETE
50,29996.683592774225,2026-08-17 17:14:32.012497,2026-08-17 17:14:37.386488,0 days 00:00:05.373991,tanh,False,True,64,0.11848132104684815,ordinal,True,3,0.008546017380746585,mse,5.0,0.5106083159428803,adamw,standard,cosine,log1p,4.64800756069251e-07,512,128.0,64.0,,False,"{'name': 'T050', 'preprocess': {'numeric_only': False, 'scaler': 'standard', 'encoding': 'ordinal', 'feature_engineering': True, 'add_log_features': False, 'winsorize': False, 'min_frequency': 5, 'target_transform': 'log1p'}, 'model': {'hidden_layers': [512, 128, 64], 'activation': 'tanh', 'dropout': 0.11848132104684815, 'batch_norm': True, 'optimizer': 'adamw', 'learning_rate': 0.008546017380746585, 'weight_decay': 4.64800756069251e-07, 'momentum': 0.5106083159428803, 'batch_size': 64, 'max_epochs': 200, 'patience': 22, 'min_delta': 1e-05, 'loss': 'mse', 'scheduler': 'cosine', 'gradient_clip': 5.0}}",20.0,5758.909398845976,COMPLETE
51,26468.35962517484,2026-08-17 17:14:37.405317,2026-08-17 17:14:43.636374,0 days 00:00:06.231057,tanh,False,False,32,0.14440962618726724,ordinal,True,3,0.007926837951807347,mse,5.0,0.5925867332040697,adamw,standard,none,log1p,5.671985867764037e-06,256,128.0,64.0,,False,"{'name': 'T051', 'preprocess': {'numeric_only': False, 'scaler': 'standard', 'encoding': 'ordinal', 'feature_engineering': True, 'add_log_features': False, 'winsorize': False, 'min_frequency': 5, 'target_transform': 'log1p'}, 'model': {'hidden_layers': [256, 128, 64], 'activation': 'tanh', 'dropout': 0.14440962618726724, 'batch_norm': False, 'optimizer': 'adamw', 'learning_rate': 0.007926837951807347, 'weight_decay': 5.671985867764037e-06, 'momentum': 0.5925867332040697, 'batch_size': 32, 'max_epochs': 200, 'patience': 22, 'min_delta': 1e-05, 'loss': 'mse', 'scheduler': 'none', 'gradient_clip': 5.0}}",26.0,6404.108662867728,COMPLETE
52,27807.883999769187,2026-08-17 17:14:43.644673,2026-08-17 17:14:51.039264,0 days 00:00:07.394591,tanh,False,False,32,0.16335622499222477,ordinal,True,4,0.005218234518193547,mse,5.0,0.5851959065400227,adamw,standard,none,log1p,3.7975862881494414e-05,256,128.0,64.0,64.0,True,"{'name': 'T052', 'preprocess': {'numeric_only': False, 'scaler': 'standard', 'encoding': 'ordinal', 'feature_engineering': True, 'add_log_features': False, 'winsorize': True, 'min_frequency': 5, 'target_transform': 'log1p'}, 'model': {'hidden_layers': [256, 128, 64, 64], 'activation': 'tanh', 'dropout': 0.16335622499222477, 'batch_norm': False, 'optimizer': 'adamw', 'learning_rate': 0.005218234518193547, 'weight_decay': 3.7975862881494414e-05, 'momentum': 0.5851959065400227, 'batch_size': 32, 'max_epochs': 200, 'patience': 22, 'min_delta': 1e-05, 'loss': 'mse', 'scheduler': 'none', 'gradient_clip': 5.0}}",23.0,5652.393175166851,COMPLETE
53,32562.85448860604,2026-08-17 17:14:51.049548,2026-08-17 17:14:54.237074,0 days 00:00:03.187526,tanh,False,False,32,0.12481156022183829,ordinal,True,4,0.004125349619371839,mse,5.0,0.6487715461397816,adamw,robust,none,log1p,0.0002663997675400308,256,128.0,64.0,64.0,True,"{'name': 'T053', 'preprocess': {'numeric_only': False, 'scaler': 'robust', 'encoding': 'ordinal', 'feature_engineering': True, 'add_log_features': False, 'winsorize': True, 'min_frequency': 5, 'target_transform': 'log1p'}, 'model': {'hidden_layers': [256, 128, 64, 64], 'activation': 'tanh', 'dropout': 0.12481156022183829, 'batch_norm': False, 'optimizer': 'adamw', 'learning_rate': 0.004125349619371839, 'weight_decay': 0.0002663997675400308, 'momentum': 0.6487715461397816, 'batch_size': 32, 'max_epochs': 200, 'patience': 22, 'min_delta': 1e-05, 'loss': 'mse', 'scheduler': 'none', 'gradient_clip': 5.0}}",,,PRUNED
54,27788.70106473376,2026-08-17 17:14:54.255471,2026-08-17 17:14:57.689155,0 days 00:00:03.433684,tanh,True,False,128,0.10731971578695271,ordinal,True,4,0.0013657238089895367,mse,5.0,0.5125663074892762,adamw,standard,none,log1p,3.7305083685622996e-07,256,128.0,64.0,64.0,True,"{'name': 'T054', 'preprocess': {'numeric_only': False, 'scaler': 'standard', 'encoding': 'ordinal', 'feature_engineering': True, 'add_log_features': True, 'winsorize': True, 'min_frequency': 5, 'target_transform': 'log1p'}, 'model': {'hidden_layers': [256, 128, 64, 64], 'activation': 'tanh', 'dropout': 0.10731971578695271, 'batch_norm': False, 'optimizer': 'adamw', 'learning_rate': 0.0013657238089895367, 'weight_decay': 3.7305083685622996e-07, 'momentum': 0.5125663074892762, 'batch_size': 128, 'max_epochs': 200, 'patience': 22, 'min_delta': 1e-05, 'loss': 'mse', 'scheduler': 'none', 'gradient_clip': 5.0}}",26.0,6924.6635283092555,COMPLETE
55,26333.504266498407,2026-08-17 17:14:57.702568,2026-08-17 17:15:01.044372,0 days 00:00:03.341804,tanh,True,False,128,0.12410443015989453,ordinal,True,4,0.001175376814653534,mse,5.0,0.572501535407307,rmsprop,standard,none,log1p,2.3446149142536564e-06,256,128.0,64.0,64.0,True,"{'name': 'T055', 'preprocess': {'numeric_only': False, 'scaler': 'standard', 'encoding': 'ordinal', 'feature_engineering': True, 'add_log_features': True, 'winsorize': True, 'min_frequency': 5, 'target_transform': 'log1p'}, 'model': {'hidden_layers': [256, 128, 64, 64], 'activation': 'tanh', 'dropout': 0.12410443015989453, 'batch_norm': False, 'optimizer': 'rmsprop', 'learning_rate': 0.001175376814653534, 'weight_decay': 2.3446149142536564e-06, 'momentum': 0.572501535407307, 'batch_size': 128, 'max_epochs': 200, 'patience': 22, 'min_delta': 1e-05, 'loss': 'mse', 'scheduler': 'none', 'gradient_clip': 5.0}}",19.0,6526.424726438433,COMPLETE
56,29380.561943253728,2026-08-17 17:15:01.044372,2026-08-17 17:15:03.319398,0 days 00:00:02.275026,tanh,True,False,128,0.2179942157171771,ordinal,True,3,0.009360503248429167,mse,5.0,0.5531158771870568,rmsprop,standard,none,log1p,1.0592661531703241e-05,256,128.0,64.0,,True,"{'name': 'T056', 'preprocess': {'numeric_only': False, 'scaler': 'standard', 'encoding': 'ordinal', 'feature_engineering': True, 'add_log_features': True, 'winsorize': True, 'min_frequency': 5, 'target_transform': 'log1p'}, 'model': {'hidden_layers': [256, 128, 64], 'activation': 'tanh', 'dropout': 0.2179942157171771, 'batch_norm': False, 'optimizer': 'rmsprop', 'learning_rate': 0.009360503248429167, 'weight_decay': 1.0592661531703241e-05, 'momentum': 0.5531158771870568, 'batch_size': 128, 'max_epochs': 200, 'patience': 22, 'min_delta': 1e-05, 'loss': 'mse', 'scheduler': 'none', 'gradient_clip': 5.0}}",,,PRUNED
57,29428.876513646792,2026-08-17 17:15:03.336174,2026-08-17 17:15:05.934694,0 days 00:00:02.598520,tanh,True,False,128,0.10422427191414227,ordinal,True,4,0.004085945221178312,smooth_l1,5.0,0.5371165067592316,adamw,robust,none,log1p,4.035036177579298e-07,256,128.0,64.0,64.0,True,"{'name': 'T057', 'preprocess': {'numeric_only': False, 'scaler': 'robust', 'encoding': 'ordinal', 'feature_engineering': True, 'add_log_features': True, 'winsorize': True, 'min_frequency': 5, 'target_transform': 'log1p'}, 'model': {'hidden_layers': [256, 128, 64, 64], 'activation': 'tanh', 'dropout': 0.10422427191414227, 'batch_norm': False, 'optimizer': 'adamw', 'learning_rate': 0.004085945221178312, 'weight_decay': 4.035036177579298e-07, 'momentum': 0.5371165067592316, 'batch_size': 128, 'max_epochs': 200, 'patience': 22, 'min_delta': 1e-05, 'loss': 'smooth_l1', 'scheduler': 'none', 'gradient_clip': 5.0}}",,,PRUNED
58,28639.51994511855,2026-08-17 17:15:05.944471,2026-08-17 17:15:08.906246,0 days 00:00:02.961775,tanh,False,False,64,0.1615196368042112,ordinal,False,2,0.02232460927324397,mse,,0.5805214481154574,adamw,standard,none,log1p,2.458208108189979e-07,256,128.0,,,False,"{'name': 'T058', 'preprocess': {'numeric_only': False, 'scaler': 'standard', 'encoding': 'ordinal', 'feature_engineering': False, 'add_log_features': False, 'winsorize': False, 'min_frequency': None, 'target_transform': 'log1p'}, 'model': {'hidden_layers': [256, 128], 'activation': 'tanh', 'dropout': 0.1615196368042112, 'batch_norm': False, 'optimizer': 'adamw', 'learning_rate': 0.02232460927324397, 'weight_decay': 2.458208108189979e-07, 'momentum': 0.5805214481154574, 'batch_size': 64, 'max_epochs': 200, 'patience': 22, 'min_delta': 1e-05, 'loss': 'mse', 'scheduler': 'none', 'gradient_clip': 5.0}}",22.0,5726.108434236078,COMPLETE
59,31270.259484208764,2026-08-17 17:15:08.918007,2026-08-17 17:15:11.664197,0 days 00:00:02.746190,tanh,False,False,64,0.14557944938280148,ordinal,True,4,0.010026387278094913,mse,5.0,0.6053637131281465,rmsprop,standard,plateau,log1p,3.298203827005202e-07,64,128.0,64.0,64.0,False,"{'name': 'T059', 'preprocess': {'numeric_only': False, 'scaler': 'standard', 'encoding': 'ordinal', 'feature_engineering': True, 'add_log_features': False, 'winsorize': False, 'min_frequency': 5, 'target_transform': 'log1p'}, 'model': {'hidden_layers': [64, 128, 64, 64], 'activation': 'tanh', 'dropout': 0.14557944938280148, 'batch_norm': False, 'optimizer': 'rmsprop', 'learning_rate': 0.010026387278094913, 'weight_decay': 3.298203827005202e-07, 'momentum': 0.6053637131281465, 'batch_size': 64, 'max_epochs': 200, 'patience': 22, 'min_delta': 1e-05, 'loss': 'mse', 'scheduler': 'plateau', 'gradient_clip': 5.0}}",,,PRUNED
60,26760.47939163957,2026-08-17 17:24:15.628331,2026-08-17 17:24:19.220741,0 days 00:00:03.592410,tanh,False,False,32,0.27251906434512274,ordinal,True,2,0.0026554814300210282,smooth_l1,,0.5963083001369476,adamw,standard,cosine,log1p,1.8028927634166186e-07,64,128.0,,,False,"{'name': 'T060', 'preprocess': {'numeric_only': False, 'scaler': 'standard', 'encoding': 'ordinal', 'feature_engineering': True, 'add_log_features': False, 'winsorize': False, 'min_frequency': None, 'target_transform': 'log1p'}, 'model': {'hidden_layers': [64, 128], 'activation': 'tanh', 'dropout': 0.27251906434512274, 'batch_norm': False, 'optimizer': 'adamw', 'learning_rate': 0.0026554814300210282, 'weight_decay': 1.8028927634166186e-07, 'momentum': 0.5963083001369476, 'batch_size': 32, 'max_epochs': 200, 'patience': 22, 'min_delta': 1e-05, 'loss': 'smooth_l1', 'scheduler': 'cosine', 'gradient_clip': 5.0}}",32.0,5952.705041983788,COMPLETE
61,27226.987433741484,2026-08-17 17:24:19.229130,2026-08-17 17:24:22.962425,0 days 00:00:03.733295,tanh,False,False,64,0.2072798520010907,ordinal,True,2,0.0005988377549866325,smooth_l1,,0.5533852393034808,adamw,standard,cosine,log1p,2.0644770320773654e-06,64,128.0,,,False,"{'name': 'T061', 'preprocess': {'numeric_only': False, 'scaler': 'standard', 'encoding': 'ordinal', 'feature_engineering': True, 'add_log_features': False, 'winsorize': False, 'min_frequency': None, 'target_transform': 'log1p'}, 'model': {'hidden_layers': [64, 128], 'activation': 'tanh', 'dropout': 0.2072798520010907, 'batch_norm': False, 'optimizer': 'adamw', 'learning_rate': 0.0005988377549866325, 'weight_decay': 2.0644770320773654e-06, 'momentum': 0.5533852393034808, 'batch_size': 64, 'max_epochs': 200, 'patience': 22, 'min_delta': 1e-05, 'loss': 'smooth_l1', 'scheduler': 'cosine', 'gradient_clip': 5.0}}",63.0,8003.104726002499,COMPLETE
62,,2026-08-17 17:24:22.978516,2026-08-17 17:39:28.803938,0 days 00:15:05.825422,tanh,False,True,32,0.2470570906300969,ordinal,True,2,0.0008948220132047123,smooth_l1,,0.6290641167469726,sgd,standard,cosine,log1p,4.452114827840712e-07,64,128.0,,,False,"{'name': 'T062', 'preprocess': {'numeric_only': False, 'scaler': 'standard', 'encoding': 'ordinal', 'feature_engineering': True, 'add_log_features': False, 'winsorize': False, 'min_frequency': None, 'target_transform': 'log1p'}, 'model': {'hidden_layers': [64, 128], 'activation': 'tanh', 'dropout': 0.2470570906300969, 'batch_norm': True, 'optimizer': 'sgd', 'learning_rate': 0.0008948220132047123, 'weight_decay': 4.452114827840712e-07, 'momentum': 0.6290641167469726, 'batch_size': 32, 'max_epochs': 200, 'patience': 22, 'min_delta': 1e-05, 'loss': 'smooth_l1', 'scheduler': 'cosine', 'gradient_clip': 5.0}}",,,PRUNED
63,28864.76806810578,2026-08-17 17:24:56.512160,2026-08-17 17:25:04.290312,0 days 00:00:07.778152,tanh,False,False,64,0.149828286424121,ordinal,True,2,0.00012266811614977696,smooth_l1,,0.5367368660141847,adamw,standard,cosine,log1p,1.2849833507101533e-05,64,128.0,,,False,"{'name': 'T063', 'preprocess': {'numeric_only': False, 'scaler': 'standard', 'encoding': 'ordinal', 'feature_engineering': True, 'add_log_features': False, 'winsorize': False, 'min_frequency': None, 'target_transform': 'log1p'}, 'model': {'hidden_layers': [64, 128], 'activation': 'tanh', 'dropout': 0.149828286424121, 'batch_norm': False, 'optimizer': 'adamw', 'learning_rate': 0.00012266811614977696, 'weight_decay': 1.2849833507101533e-05, 'momentum': 0.5367368660141847, 'batch_size': 64, 'max_epochs': 200, 'patience': 22, 'min_delta': 1e-05, 'loss': 'smooth_l1', 'scheduler': 'cosine', 'gradient_clip': 5.0}}",186.0,7568.989343440065,COMPLETE
64,26655.543974599135,2026-08-17 17:25:04.305748,2026-08-17 17:25:09.031876,0 days 00:00:04.726128,leaky_relu,True,False,128,0.12270245453981232,ordinal,True,4,8.28634851276043e-05,mse,5.0,0.633111036646417,adamw,standard,none,log1p,1.279703901652893e-07,256,128.0,64.0,64.0,False,"{'name': 'T064', 'preprocess': {'numeric_only': False, 'scaler': 'standard', 'encoding': 'ordinal', 'feature_engineering': True, 'add_log_features': True, 'winsorize': False, 'min_frequency': 5, 'target_transform': 'log1p'}, 'model': {'hidden_layers': [256, 128, 64, 64], 'activation': 'leaky_relu', 'dropout': 0.12270245453981232, 'batch_norm': False, 'optimizer': 'adamw', 'learning_rate': 8.28634851276043e-05, 'weight_decay': 1.279703901652893e-07, 'momentum': 0.633111036646417, 'batch_size': 128, 'max_epochs': 200, 'patience': 22, 'min_delta': 1e-05, 'loss': 'mse', 'scheduler': 'none', 'gradient_clip': 5.0}}",,,PRUNED
65,36384.994124678175,2026-08-17 17:25:09.045180,2026-08-17 17:25:12.073419,0 days 00:00:03.028239,relu,False,False,32,0.2602566649253142,onehot,True,2,0.008509507535881497,smooth_l1,,0.5345440427139573,adamw,standard,cosine,log1p,1.0310674509801898e-06,64,128.0,,,False,"{'name': 'T065', 'preprocess': {'numeric_only': False, 'scaler': 'standard', 'encoding': 'onehot', 'feature_engineering': True, 'add_log_features': False, 'winsorize': False, 'min_frequency': None, 'target_transform': 'log1p'}, 'model': {'hidden_layers': [64, 128], 'activation': 'relu', 'dropout': 0.2602566649253142, 'batch_norm': False, 'optimizer': 'adamw', 'learning_rate': 0.008509507535881497, 'weight_decay': 1.0310674509801898e-06, 'momentum': 0.5345440427139573, 'batch_size': 32, 'max_epochs': 200, 'patience': 22, 'min_delta': 1e-05, 'loss': 'smooth_l1', 'scheduler': 'cosine', 'gradient_clip': 5.0}}",18.0,23309.74557098755,COMPLETE
66,28266.78535874469,2026-08-17 17:25:12.086858,2026-08-17 17:25:20.791774,0 days 00:00:08.704916,tanh,True,False,16,0.137343928362235,ordinal,False,4,0.0005113112507560077,mse,5.0,0.5768435217904041,adamw,standard,none,log1p,1.358815731832504e-06,256,128.0,64.0,64.0,True,"{'name': 'T066', 'preprocess': {'numeric_only': False, 'scaler': 'standard', 'encoding': 'ordinal', 'feature_engineering': False, 'add_log_features': True, 'winsorize': True, 'min_frequency': 5, 'target_transform': 'log1p'}, 'model': {'hidden_layers': [256, 128, 64, 64], 'activation': 'tanh', 'dropout': 0.137343928362235, 'batch_norm': False, 'optimizer': 'adamw', 'learning_rate': 0.0005113112507560077, 'weight_decay': 1.358815731832504e-06, 'momentum': 0.5768435217904041, 'batch_size': 16, 'max_epochs': 200, 'patience': 22, 'min_delta': 1e-05, 'loss': 'mse', 'scheduler': 'none', 'gradient_clip': 5.0}}",18.0,6156.601967043688,COMPLETE
67,28286.318207766148,2026-08-17 17:25:20.866243,2026-08-17 17:25:25.175357,0 days 00:00:04.309114,tanh,False,False,32,0.12206485936694184,ordinal,True,3,0.006750584123762228,mse,5.0,0.7134171553138181,adamw,standard,none,log1p,2.7678498729444134e-06,256,128.0,32.0,,False,"{'name': 'T067', 'preprocess': {'numeric_only': False, 'scaler': 'standard', 'encoding': 'ordinal', 'feature_engineering': True, 'add_log_features': False, 'winsorize': False, 'min_frequency': 5, 'target_transform': 'log1p'}, 'model': {'hidden_layers': [256, 128, 32], 'activation': 'tanh', 'dropout': 0.12206485936694184, 'batch_norm': False, 'optimizer': 'adamw', 'learning_rate': 0.006750584123762228, 'weight_decay': 2.7678498729444134e-06, 'momentum': 0.7134171553138181, 'batch_size': 32, 'max_epochs': 200, 'patience': 22, 'min_delta': 1e-05, 'loss': 'mse', 'scheduler': 'none', 'gradient_clip': 5.0}}",23.0,5109.757388133504,COMPLETE
68,29744.58729876137,2026-08-17 17:25:25.178293,2026-08-17 17:25:29.234892,0 days 00:00:04.056599,relu,True,False,32,0.08791554874017318,ordinal,True,4,0.0035353332217092893,mse,,0.5408262034941865,adam,standard,none,log1p,1.8805112909650743e-07,256,128.0,64.0,64.0,True,"{'name': 'T068', 'preprocess': {'numeric_only': False, 'scaler': 'standard', 'encoding': 'ordinal', 'feature_engineering': True, 'add_log_features': True, 'winsorize': True, 'min_frequency': None, 'target_transform': 'log1p'}, 'model': {'hidden_layers': [256, 128, 64, 64], 'activation': 'relu', 'dropout': 0.08791554874017318, 'batch_norm': False, 'optimizer': 'adam', 'learning_rate': 0.0035353332217092893, 'weight_decay': 1.8805112909650743e-07, 'momentum': 0.5408262034941865, 'batch_size': 32, 'max_epochs': 200, 'patience': 22, 'min_delta': 1e-05, 'loss': 'mse', 'scheduler': 'none', 'gradient_clip': 5.0}}",11.0,12036.033411779514,COMPLETE
69,27907.09761016334,2026-08-17 17:25:29.244804,2026-08-17 17:25:34.744694,0 days 00:00:05.499890,tanh,False,False,32,0.37436941633666193,ordinal,True,2,0.000802727126567714,mse,,0.5253799313909039,adamw,standard,cosine,log1p,5.4089850885560775e-06,128,256.0,,,False,"{'name': 'T069', 'preprocess': {'numeric_only': False, 'scaler': 'standard', 'encoding': 'ordinal', 'feature_engineering': True, 'add_log_features': False, 'winsorize': False, 'min_frequency': None, 'target_transform': 'log1p'}, 'model': {'hidden_layers': [128, 256], 'activation': 'tanh', 'dropout': 0.37436941633666193, 'batch_norm': False, 'optimizer': 'adamw', 'learning_rate': 0.000802727126567714, 'weight_decay': 5.4089850885560775e-06, 'momentum': 0.5253799313909039, 'batch_size': 32, 'max_epochs': 200, 'patience': 22, 'min_delta': 1e-05, 'loss': 'mse', 'scheduler': 'cosine', 'gradient_clip': 5.0}}",52.0,7895.445568043976,COMPLETE
70,26320.39709731439,2026-08-17 17:25:34.760187,2026-08-17 17:25:38.182811,0 days 00:00:03.422624,tanh,False,False,32,0.1262552831362604,ordinal,True,2,0.006052209864422865,smooth_l1,,0.7185480619918195,adamw,standard,cosine,log1p,1.6842798507773023e-07,64,128.0,,,False,"{'name': 'T070', 'preprocess': {'numeric_only': False, 'scaler': 'standard', 'encoding': 'ordinal', 'feature_engineering': True, 'add_log_features': False, 'winsorize': False, 'min_frequency': None, 'target_transform': 'log1p'}, 'model': {'hidden_layers': [64, 128], 'activation': 'tanh', 'dropout': 0.1262552831362604, 'batch_norm': False, 'optimizer': 'adamw', 'learning_rate': 0.006052209864422865, 'weight_decay': 1.6842798507773023e-07, 'momentum': 0.7185480619918195, 'batch_size': 32, 'max_epochs': 200, 'patience': 22, 'min_delta': 1e-05, 'loss': 'smooth_l1', 'scheduler': 'cosine', 'gradient_clip': 5.0}}",13.0,7138.7310649017945,COMPLETE
71,28985.493304767202,2026-08-17 17:25:38.194721,2026-08-17 17:25:43.891264,0 days 00:00:05.696543,tanh,False,False,32,0.2366713400512421,ordinal,True,3,0.005128407357959523,smooth_l1,,0.6533925000420502,sgd,standard,none,log1p,2.884405280299475e-07,64,128.0,32.0,,False,"{'name': 'T071', 'preprocess': {'numeric_only': False, 'scaler': 'standard', 'encoding': 'ordinal', 'feature_engineering': True, 'add_log_features': False, 'winsorize': False, 'min_frequency': None, 'target_transform': 'log1p'}, 'model': {'hidden_layers': [64, 128, 32], 'activation': 'tanh', 'dropout': 0.2366713400512421, 'batch_norm': False, 'optimizer': 'sgd', 'learning_rate': 0.005128407357959523, 'weight_decay': 2.884405280299475e-07, 'momentum': 0.6533925000420502, 'batch_size': 32, 'max_epochs': 200, 'patience': 22, 'min_delta': 1e-05, 'loss': 'smooth_l1', 'scheduler': 'none', 'gradient_clip': 5.0}}",,,PRUNED
72,25412.62675223766,2026-08-17 17:25:43.903017,2026-08-17 17:25:48.961345,0 days 00:00:05.058328,tanh,False,False,16,0.07096985033835249,ordinal,True,3,0.010361277669750736,smooth_l1,,0.6716056682440282,adamw,standard,cosine,log1p,2.0247244473827764e-06,32,128.0,64.0,,False,"{'name': 'T072', 'preprocess': {'numeric_only': False, 'scaler': 'standard', 'encoding': 'ordinal', 'feature_engineering': True, 'add_log_features': False, 'winsorize': False, 'min_frequency': None, 'target_transform': 'log1p'}, 'model': {'hidden_layers': [32, 128, 64], 'activation': 'tanh', 'dropout': 0.07096985033835249, 'batch_norm': False, 'optimizer': 'adamw', 'learning_rate': 0.010361277669750736, 'weight_decay': 2.0247244473827764e-06, 'momentum': 0.6716056682440282, 'batch_size': 16, 'max_epochs': 200, 'patience': 22, 'min_delta': 1e-05, 'loss': 'smooth_l1', 'scheduler': 'cosine', 'gradient_clip': 5.0}}",,,PRUNED
73,39467.70727291274,2026-08-17 17:25:48.969647,2026-08-17 17:25:51.728009,0 days 00:00:02.758362,relu,False,False,32,0.02325886099262431,ordinal,True,2,0.015511896771622513,smooth_l1,,0.753166346071195,adamw,standard,plateau,log1p,2.7934984764402805e-07,64,128.0,,,False,"{'name': 'T073', 'preprocess': {'numeric_only': False, 'scaler': 'standard', 'encoding': 'ordinal', 'feature_engineering': True, 'add_log_features': False, 'winsorize': False, 'min_frequency': None, 'target_transform': 'log1p'}, 'model': {'hidden_layers': [64, 128], 'activation': 'relu', 'dropout': 0.02325886099262431, 'batch_norm': False, 'optimizer': 'adamw', 'learning_rate': 0.015511896771622513, 'weight_decay': 2.7934984764402805e-07, 'momentum': 0.753166346071195, 'batch_size': 32, 'max_epochs': 200, 'patience': 22, 'min_delta': 1e-05, 'loss': 'smooth_l1', 'scheduler': 'plateau', 'gradient_clip': 5.0}}",9.0,33512.93602246272,COMPLETE
74,28463.807756529437,2026-08-17 17:25:51.752990,2026-08-17 17:25:55.436227,0 days 00:00:03.683237,tanh,False,True,32,0.1618546483138701,ordinal,True,2,0.005160187168301144,smooth_l1,,0.6575795563021136,adamw,standard,cosine,log1p,1.085566499005427e-07,64,128.0,,,False,"{'name': 'T074', 'preprocess': {'numeric_only': False, 'scaler': 'standard', 'encoding': 'ordinal', 'feature_engineering': True, 'add_log_features': False, 'winsorize': False, 'min_frequency': None, 'target_transform': 'log1p'}, 'model': {'hidden_layers': [64, 128], 'activation': 'tanh', 'dropout': 0.1618546483138701, 'batch_norm': True, 'optimizer': 'adamw', 'learning_rate': 0.005160187168301144, 'weight_decay': 1.085566499005427e-07, 'momentum': 0.6575795563021136, 'batch_size': 32, 'max_epochs': 200, 'patience': 22, 'min_delta': 1e-05, 'loss': 'smooth_l1', 'scheduler': 'cosine', 'gradient_clip': 5.0}}",12.0,6662.865555407987,COMPLETE
75,33717.90513033441,2026-08-17 17:25:55.444602,2026-08-17 17:25:58.706046,0 days 00:00:03.261444,silu,False,False,64,0.27330823732461546,onehot,True,3,0.006618872060420224,smooth_l1,5.0,0.5481570694380649,adamw,standard,plateau,log1p,1.4415449390800202e-06,256,128.0,64.0,,False,"{'name': 'T075', 'preprocess': {'numeric_only': False, 'scaler': 'standard', 'encoding': 'onehot', 'feature_engineering': True, 'add_log_features': False, 'winsorize': False, 'min_frequency': 5, 'target_transform': 'log1p'}, 'model': {'hidden_layers': [256, 128, 64], 'activation': 'silu', 'dropout': 0.27330823732461546, 'batch_norm': False, 'optimizer': 'adamw', 'learning_rate': 0.006618872060420224, 'weight_decay': 1.4415449390800202e-06, 'momentum': 0.5481570694380649, 'batch_size': 64, 'max_epochs': 200, 'patience': 22, 'min_delta': 1e-05, 'loss': 'smooth_l1', 'scheduler': 'plateau', 'gradient_clip': 5.0}}",22.0,19657.10098854443,COMPLETE
76,29578.52993206543,2026-08-17 17:25:58.711313,2026-08-17 17:26:02.102917,0 days 00:00:03.391604,relu,True,False,128,0.04820522480313452,ordinal,True,4,0.018632922802838802,mse,5.0,0.5038508959315651,adamw,standard,none,log1p,1.0795290955957621e-07,32,512.0,64.0,64.0,True,"{'name': 'T076', 'preprocess': {'numeric_only': False, 'scaler': 'standard', 'encoding': 'ordinal', 'feature_engineering': True, 'add_log_features': True, 'winsorize': True, 'min_frequency': 5, 'target_transform': 'log1p'}, 'model': {'hidden_layers': [32, 512, 64, 64], 'activation': 'relu', 'dropout': 0.04820522480313452, 'batch_norm': False, 'optimizer': 'adamw', 'learning_rate': 0.018632922802838802, 'weight_decay': 1.0795290955957621e-07, 'momentum': 0.5038508959315651, 'batch_size': 128, 'max_epochs': 200, 'patience': 22, 'min_delta': 1e-05, 'loss': 'mse', 'scheduler': 'none', 'gradient_clip': 5.0}}",37.0,11011.7782783034,COMPLETE
77,31689.370049963814,2026-08-17 17:26:02.119478,2026-08-17 17:26:08.086145,0 days 00:00:05.966667,tanh,False,True,128,0.04267995817915571,ordinal,True,4,0.00013017278320106792,mse,5.0,0.512509629000987,adamw,standard,plateau,log1p,7.692763350612567e-07,256,128.0,64.0,64.0,True,"{'name': 'T077', 'preprocess': {'numeric_only': False, 'scaler': 'standard', 'encoding': 'ordinal', 'feature_engineering': True, 'add_log_features': False, 'winsorize': True, 'min_frequency': 5, 'target_transform': 'log1p'}, 'model': {'hidden_layers': [256, 128, 64, 64], 'activation': 'tanh', 'dropout': 0.04267995817915571, 'batch_norm': True, 'optimizer': 'adamw', 'learning_rate': 0.00013017278320106792, 'weight_decay': 7.692763350612567e-07, 'momentum': 0.512509629000987, 'batch_size': 128, 'max_epochs': 200, 'patience': 22, 'min_delta': 1e-05, 'loss': 'mse', 'scheduler': 'plateau', 'gradient_clip': 5.0}}",,,PRUNED
78,29015.800447018846,2026-08-17 17:26:08.103267,2026-08-17 17:26:11.538308,0 days 00:00:03.435041,gelu,False,False,128,0.2481076788407232,ordinal,True,3,0.00034738210922004076,mse,5.0,0.5658939902271845,adamw,standard,none,log1p,4.693233882469195e-06,32,128.0,64.0,,True,"{'name': 'T078', 'preprocess': {'numeric_only': False, 'scaler': 'standard', 'encoding': 'ordinal', 'feature_engineering': True, 'add_log_features': False, 'winsorize': True, 'min_frequency': 5, 'target_transform': 'log1p'}, 'model': {'hidden_layers': [32, 128, 64], 'activation': 'gelu', 'dropout': 0.2481076788407232, 'batch_norm': False, 'optimizer': 'adamw', 'learning_rate': 0.00034738210922004076, 'weight_decay': 4.693233882469195e-06, 'momentum': 0.5658939902271845, 'batch_size': 128, 'max_epochs': 200, 'patience': 22, 'min_delta': 1e-05, 'loss': 'mse', 'scheduler': 'none', 'gradient_clip': 5.0}}",,,PRUNED
79,26318.762409855884,2026-08-17 17:26:11.538308,2026-08-17 17:26:15.236056,0 days 00:00:03.697748,tanh,True,False,64,0.06068165995956777,ordinal,True,4,0.0009026914521375009,mse,2.0,0.7637116463314778,rmsprop,standard,none,log1p,1.5979098730616169e-06,256,256.0,64.0,64.0,True,"{'name': 'T079', 'preprocess': {'numeric_only': False, 'scaler': 'standard', 'encoding': 'ordinal', 'feature_engineering': True, 'add_log_features': True, 'winsorize': True, 'min_frequency': 2, 'target_transform': 'log1p'}, 'model': {'hidden_layers': [256, 256, 64, 64], 'activation': 'tanh', 'dropout': 0.06068165995956777, 'batch_norm': False, 'optimizer': 'rmsprop', 'learning_rate': 0.0009026914521375009, 'weight_decay': 1.5979098730616169e-06, 'momentum': 0.7637116463314778, 'batch_size': 64, 'max_epochs': 200, 'patience': 22, 'min_delta': 1e-05, 'loss': 'mse', 'scheduler': 'none', 'gradient_clip': 5.0}}",16.0,7284.040146857206,COMPLETE
80,28347.261770321864,2026-08-17 17:26:15.244476,2026-08-17 17:26:18.344268,0 days 00:00:03.099792,tanh,True,False,64,0.09890264311913691,ordinal,True,3,0.0004281949038920902,mse,2.0,0.7561275688716893,rmsprop,robust,none,log1p,6.175648544399063e-07,256,256.0,64.0,,True,"{'name': 'T080', 'preprocess': {'numeric_only': False, 'scaler': 'robust', 'encoding': 'ordinal', 'feature_engineering': True, 'add_log_features': True, 'winsorize': True, 'min_frequency': 2, 'target_transform': 'log1p'}, 'model': {'hidden_layers': [256, 256, 64], 'activation': 'tanh', 'dropout': 0.09890264311913691, 'batch_norm': False, 'optimizer': 'rmsprop', 'learning_rate': 0.0004281949038920902, 'weight_decay': 6.175648544399063e-07, 'momentum': 0.7561275688716893, 'batch_size': 64, 'max_epochs': 200, 'patience': 22, 'min_delta': 1e-05, 'loss': 'mse', 'scheduler': 'none', 'gradient_clip': 5.0}}",,,PRUNED
81,26628.742196522217,2026-08-17 17:26:18.355877,2026-08-17 17:26:24.085961,0 days 00:00:05.730084,tanh,True,False,64,0.08108288871483209,ordinal,False,4,0.007747844728225864,mse,2.0,0.864544743652621,sgd,standard,none,log1p,1.5896866187798435e-06,256,256.0,512.0,256.0,True,"{'name': 'T081', 'preprocess': {'numeric_only': False, 'scaler': 'standard', 'encoding': 'ordinal', 'feature_engineering': False, 'add_log_features': True, 'winsorize': True, 'min_frequency': 2, 'target_transform': 'log1p'}, 'model': {'hidden_layers': [256, 256, 512, 256], 'activation': 'tanh', 'dropout': 0.08108288871483209, 'batch_norm': False, 'optimizer': 'sgd', 'learning_rate': 0.007747844728225864, 'weight_decay': 1.5896866187798435e-06, 'momentum': 0.864544743652621, 'batch_size': 64, 'max_epochs': 200, 'patience': 22, 'min_delta': 1e-05, 'loss': 'mse', 'scheduler': 'none', 'gradient_clip': 5.0}}",,,PRUNED
82,28247.073971341713,2026-08-17 17:26:24.099021,2026-08-17 17:26:27.999414,0 days 00:00:03.900393,tanh,True,False,64,0.0029692414971578887,ordinal,True,4,0.0017791116855420273,mse,5.0,0.6996163318987723,rmsprop,standard,cosine,log1p,4.2762179411682173e-07,256,256.0,64.0,64.0,True,"{'name': 'T082', 'preprocess': {'numeric_only': False, 'scaler': 'standard', 'encoding': 'ordinal', 'feature_engineering': True, 'add_log_features': True, 'winsorize': True, 'min_frequency': 5, 'target_transform': 'log1p'}, 'model': {'hidden_layers': [256, 256, 64, 64], 'activation': 'tanh', 'dropout': 0.0029692414971578887, 'batch_norm': False, 'optimizer': 'rmsprop', 'learning_rate': 0.0017791116855420273, 'weight_decay': 4.2762179411682173e-07, 'momentum': 0.6996163318987723, 'batch_size': 64, 'max_epochs': 200, 'patience': 22, 'min_delta': 1e-05, 'loss': 'mse', 'scheduler': 'cosine', 'gradient_clip': 5.0}}",13.0,6813.094574517265,COMPLETE
83,29736.694540121105,2026-08-17 17:26:28.010179,2026-08-17 17:26:30.746748,0 days 00:00:02.736569,tanh,False,False,256,0.24947138392330687,ordinal,True,3,0.0016180186873467931,mse,5.0,0.6207662717769715,adamw,robust,plateau,log1p,2.6995761921975805e-07,256,256.0,64.0,,True,"{'name': 'T083', 'preprocess': {'numeric_only': False, 'scaler': 'robust', 'encoding': 'ordinal', 'feature_engineering': True, 'add_log_features': False, 'winsorize': True, 'min_frequency': 5, 'target_transform': 'log1p'}, 'model': {'hidden_layers': [256, 256, 64], 'activation': 'tanh', 'dropout': 0.24947138392330687, 'batch_norm': False, 'optimizer': 'adamw', 'learning_rate': 0.0016180186873467931, 'weight_decay': 2.6995761921975805e-07, 'momentum': 0.6207662717769715, 'batch_size': 256, 'max_epochs': 200, 'patience': 22, 'min_delta': 1e-05, 'loss': 'mse', 'scheduler': 'plateau', 'gradient_clip': 5.0}}",,,PRUNED
84,27014.148629194515,2026-08-17 17:26:30.760912,2026-08-17 17:26:32.930926,0 days 00:00:02.170014,tanh,False,False,64,0.24611318652420017,ordinal,True,2,0.007498144650561839,mse,5.0,0.5310308478402911,adamw,standard,plateau,log1p,1.9532253081951168e-07,128,128.0,,,False,"{'name': 'T084', 'preprocess': {'numeric_only': False, 'scaler': 'standard', 'encoding': 'ordinal', 'feature_engineering': True, 'add_log_features': False, 'winsorize': False, 'min_frequency': 5, 'target_transform': 'log1p'}, 'model': {'hidden_layers': [128, 128], 'activation': 'tanh', 'dropout': 0.24611318652420017, 'batch_norm': False, 'optimizer': 'adamw', 'learning_rate': 0.007498144650561839, 'weight_decay': 1.9532253081951168e-07, 'momentum': 0.5310308478402911, 'batch_size': 64, 'max_epochs': 200, 'patience': 22, 'min_delta': 1e-05, 'loss': 'mse', 'scheduler': 'plateau', 'gradient_clip': 5.0}}",11.0,6654.293949868559,COMPLETE
85,28343.186610364366,2026-08-17 17:26:32.942389,2026-08-17 17:26:35.992896,0 days 00:00:03.050507,tanh,False,False,64,0.44308156582617547,ordinal,True,2,0.012894502945401828,mse,5.0,0.585477580606499,adamw,standard,plateau,log1p,6.28229693283632e-07,128,128.0,,,False,"{'name': 'T085', 'preprocess': {'numeric_only': False, 'scaler': 'standard', 'encoding': 'ordinal', 'feature_engineering': True, 'add_log_features': False, 'winsorize': False, 'min_frequency': 5, 'target_transform': 'log1p'}, 'model': {'hidden_layers': [128, 128], 'activation': 'tanh', 'dropout': 0.44308156582617547, 'batch_norm': False, 'optimizer': 'adamw', 'learning_rate': 0.012894502945401828, 'weight_decay': 6.28229693283632e-07, 'momentum': 0.585477580606499, 'batch_size': 64, 'max_epochs': 200, 'patience': 22, 'min_delta': 1e-05, 'loss': 'mse', 'scheduler': 'plateau', 'gradient_clip': 5.0}}",34.0,5119.43300614547,COMPLETE
86,30521.832159399248,2026-08-17 17:26:36.003050,2026-08-17 17:26:40.096685,0 days 00:00:04.093635,tanh,True,False,64,0.1565971964368876,ordinal,True,2,0.012686980180996548,mse,5.0,0.7050506586593188,sgd,standard,plateau,log1p,2.848749337983816e-07,256,512.0,,,False,"{'name': 'T086', 'preprocess': {'numeric_only': False, 'scaler': 'standard', 'encoding': 'ordinal', 'feature_engineering': True, 'add_log_features': True, 'winsorize': False, 'min_frequency': 5, 'target_transform': 'log1p'}, 'model': {'hidden_layers': [256, 512], 'activation': 'tanh', 'dropout': 0.1565971964368876, 'batch_norm': False, 'optimizer': 'sgd', 'learning_rate': 0.012686980180996548, 'weight_decay': 2.848749337983816e-07, 'momentum': 0.7050506586593188, 'batch_size': 64, 'max_epochs': 200, 'patience': 22, 'min_delta': 1e-05, 'loss': 'mse', 'scheduler': 'plateau', 'gradient_clip': 5.0}}",30.0,8518.37019790216,COMPLETE
87,29937.19038318118,2026-08-17 17:26:40.105473,2026-08-17 17:26:43.085609,0 days 00:00:02.980136,leaky_relu,True,False,64,0.05477029314095036,onehot,True,4,0.0008486327703611563,mse,2.0,0.8180066477184946,rmsprop,standard,none,log1p,5.224799092480877e-06,256,128.0,32.0,64.0,True,"{'name': 'T087', 'preprocess': {'numeric_only': False, 'scaler': 'standard', 'encoding': 'onehot', 'feature_engineering': True, 'add_log_features': True, 'winsorize': True, 'min_frequency': 2, 'target_transform': 'log1p'}, 'model': {'hidden_layers': [256, 128, 32, 64], 'activation': 'leaky_relu', 'dropout': 0.05477029314095036, 'batch_norm': False, 'optimizer': 'rmsprop', 'learning_rate': 0.0008486327703611563, 'weight_decay': 5.224799092480877e-06, 'momentum': 0.8180066477184946, 'batch_size': 64, 'max_epochs': 200, 'patience': 22, 'min_delta': 1e-05, 'loss': 'mse', 'scheduler': 'none', 'gradient_clip': 5.0}}",15.0,14533.568894897244,COMPLETE
88,27610.30313673458,2026-08-17 17:26:43.098472,2026-08-17 17:26:47.852214,0 days 00:00:04.753742,tanh,True,False,128,0.060451229480869034,ordinal,True,4,0.0007052405747963674,mse,5.0,0.5334284856726659,adamw,standard,none,standard,1.550920189671138e-07,256,256.0,256.0,32.0,True,"{'name': 'T088', 'preprocess': {'numeric_only': False, 'scaler': 'standard', 'encoding': 'ordinal', 'feature_engineering': True, 'add_log_features': True, 'winsorize': True, 'min_frequency': 5, 'target_transform': 'standard'}, 'model': {'hidden_layers': [256, 256, 256, 32], 'activation': 'tanh', 'dropout': 0.060451229480869034, 'batch_norm': False, 'optimizer': 'adamw', 'learning_rate': 0.0007052405747963674, 'weight_decay': 1.550920189671138e-07, 'momentum': 0.5334284856726659, 'batch_size': 128, 'max_epochs': 200, 'patience': 22, 'min_delta': 1e-05, 'loss': 'mse', 'scheduler': 'none', 'gradient_clip': 5.0}}",48.0,6488.03745973883,COMPLETE
89,29953.50235852887,2026-08-17 17:26:47.867798,2026-08-17 17:26:58.154936,0 days 00:00:10.287138,gelu,True,False,32,0.028185947002173417,ordinal,True,4,0.001260819367001996,mse,5.0,0.5948083701642055,adamw,standard,none,standard,2.927541749279137e-07,256,256.0,256.0,32.0,True,"{'name': 'T089', 'preprocess': {'numeric_only': False, 'scaler': 'standard', 'encoding': 'ordinal', 'feature_engineering': True, 'add_log_features': True, 'winsorize': True, 'min_frequency': 5, 'target_transform': 'standard'}, 'model': {'hidden_layers': [256, 256, 256, 32], 'activation': 'gelu', 'dropout': 0.028185947002173417, 'batch_norm': False, 'optimizer': 'adamw', 'learning_rate': 0.001260819367001996, 'weight_decay': 2.927541749279137e-07, 'momentum': 0.5948083701642055, 'batch_size': 32, 'max_epochs': 200, 'patience': 22, 'min_delta': 1e-05, 'loss': 'mse', 'scheduler': 'none', 'gradient_clip': 5.0}}",44.0,9013.933236180012,COMPLETE
90,26338.808277497563,2026-08-17 17:26:58.165275,2026-08-17 17:27:00.630904,0 days 00:00:02.465629,tanh,True,False,128,0.04292786703434004,ordinal,True,4,8.562345935137193e-05,mse,,0.6474390060133992,rmsprop,standard,none,log1p,2.1648661448435737e-07,64,256.0,256.0,32.0,True,"{'name': 'T090', 'preprocess': {'numeric_only': False, 'scaler': 'standard', 'encoding': 'ordinal', 'feature_engineering': True, 'add_log_features': True, 'winsorize': True, 'min_frequency': None, 'target_transform': 'log1p'}, 'model': {'hidden_layers': [64, 256, 256, 32], 'activation': 'tanh', 'dropout': 0.04292786703434004, 'batch_norm': False, 'optimizer': 'rmsprop', 'learning_rate': 8.562345935137193e-05, 'weight_decay': 2.1648661448435737e-07, 'momentum': 0.6474390060133992, 'batch_size': 128, 'max_epochs': 200, 'patience': 22, 'min_delta': 1e-05, 'loss': 'mse', 'scheduler': 'none', 'gradient_clip': 5.0}}",,,PRUNED
91,27445.056760689404,2026-08-17 17:27:00.643776,2026-08-17 17:27:07.377344,0 days 00:00:06.733568,tanh,False,False,32,0.3383323019928381,ordinal,False,2,0.0008406975809046387,smooth_l1,,0.5293452580050435,adamw,standard,cosine,log1p,3.28257471873265e-07,64,256.0,,,False,"{'name': 'T091', 'preprocess': {'numeric_only': False, 'scaler': 'standard', 'encoding': 'ordinal', 'feature_engineering': False, 'add_log_features': False, 'winsorize': False, 'min_frequency': None, 'target_transform': 'log1p'}, 'model': {'hidden_layers': [64, 256], 'activation': 'tanh', 'dropout': 0.3383323019928381, 'batch_norm': False, 'optimizer': 'adamw', 'learning_rate': 0.0008406975809046387, 'weight_decay': 3.28257471873265e-07, 'momentum': 0.5293452580050435, 'batch_size': 32, 'max_epochs': 200, 'patience': 22, 'min_delta': 1e-05, 'loss': 'smooth_l1', 'scheduler': 'cosine', 'gradient_clip': 5.0}}",63.0,7585.606318254482,COMPLETE
92,50297.61174889116,2026-08-17 17:27:07.390351,2026-08-17 17:27:09.759588,0 days 00:00:02.369237,silu,False,False,32,0.3368073749066288,ordinal,False,1,0.004703431290549054,smooth_l1,5.0,0.5476478803195507,adamw,standard,cosine,log1p,2.1631210655394468e-05,64,,,,False,"{'name': 'T092', 'preprocess': {'numeric_only': False, 'scaler': 'standard', 'encoding': 'ordinal', 'feature_engineering': False, 'add_log_features': False, 'winsorize': False, 'min_frequency': 5, 'target_transform': 'log1p'}, 'model': {'hidden_layers': [64], 'activation': 'silu', 'dropout': 0.3368073749066288, 'batch_norm': False, 'optimizer': 'adamw', 'learning_rate': 0.004703431290549054, 'weight_decay': 2.1631210655394468e-05, 'momentum': 0.5476478803195507, 'batch_size': 32, 'max_epochs': 200, 'patience': 22, 'min_delta': 1e-05, 'loss': 'smooth_l1', 'scheduler': 'cosine', 'gradient_clip': 5.0}}",9.0,50454.556951103004,COMPLETE
93,35656.239384219174,2026-08-17 17:27:09.773466,2026-08-17 17:27:12.656889,0 days 00:00:02.883423,tanh,False,False,32,0.27691473309779485,ordinal,False,2,0.0049684118403174,smooth_l1,,0.5849986977643489,adamw,robust,none,log1p,6.975377046094388e-07,64,256.0,,,False,"{'name': 'T093', 'preprocess': {'numeric_only': False, 'scaler': 'robust', 'encoding': 'ordinal', 'feature_engineering': False, 'add_log_features': False, 'winsorize': False, 'min_frequency': None, 'target_transform': 'log1p'}, 'model': {'hidden_layers': [64, 256], 'activation': 'tanh', 'dropout': 0.27691473309779485, 'batch_norm': False, 'optimizer': 'adamw', 'learning_rate': 0.0049684118403174, 'weight_decay': 6.975377046094388e-07, 'momentum': 0.5849986977643489, 'batch_size': 32, 'max_epochs': 200, 'patience': 22, 'min_delta': 1e-05, 'loss': 'smooth_l1', 'scheduler': 'none', 'gradient_clip': 5.0}}",,,PRUNED
94,28820.374546832914,2026-08-17 17:27:12.668448,2026-08-17 17:27:23.560477,0 days 00:00:10.892029,tanh,False,False,16,0.3340890181050723,ordinal,True,2,0.0017608025613030695,smooth_l1,2.0,0.6539563811922245,adamw,robust,cosine,log1p,8.168517073415869e-07,64,256.0,,,False,"{'name': 'T094', 'preprocess': {'numeric_only': False, 'scaler': 'robust', 'encoding': 'ordinal', 'feature_engineering': True, 'add_log_features': False, 'winsorize': False, 'min_frequency': 2, 'target_transform': 'log1p'}, 'model': {'hidden_layers': [64, 256], 'activation': 'tanh', 'dropout': 0.3340890181050723, 'batch_norm': False, 'optimizer': 'adamw', 'learning_rate': 0.0017608025613030695, 'weight_decay': 8.168517073415869e-07, 'momentum': 0.6539563811922245, 'batch_size': 16, 'max_epochs': 200, 'patience': 22, 'min_delta': 1e-05, 'loss': 'smooth_l1', 'scheduler': 'cosine', 'gradient_clip': 5.0}}",,,PRUNED
95,27266.12280854717,2026-08-17 17:27:23.573204,2026-08-17 17:27:26.462940,0 days 00:00:02.889736,tanh,False,False,64,0.3135441078557485,ordinal,False,2,0.0017630984653475396,smooth_l1,2.0,0.506099785240184,adamw,standard,cosine,log1p,1.203131932303384e-06,64,256.0,,,True,"{'name': 'T095', 'preprocess': {'numeric_only': False, 'scaler': 'standard', 'encoding': 'ordinal', 'feature_engineering': False, 'add_log_features': False, 'winsorize': True, 'min_frequency': 2, 'target_transform': 'log1p'}, 'model': {'hidden_layers': [64, 256], 'activation': 'tanh', 'dropout': 0.3135441078557485, 'batch_norm': False, 'optimizer': 'adamw', 'learning_rate': 0.0017630984653475396, 'weight_decay': 1.203131932303384e-06, 'momentum': 0.506099785240184, 'batch_size': 64, 'max_epochs': 200, 'patience': 22, 'min_delta': 1e-05, 'loss': 'smooth_l1', 'scheduler': 'cosine', 'gradient_clip': 5.0}}",36.0,7914.052972231093,COMPLETE
96,29034.251379712383,2026-08-17 17:27:26.476771,2026-08-17 17:27:33.702129,0 days 00:00:07.225358,tanh,False,False,32,0.3833476173986776,ordinal,False,3,0.0013854298728365032,smooth_l1,,0.6569415576677781,adamw,standard,cosine,log1p,8.698596343411314e-07,64,256.0,128.0,,False,"{'name': 'T096', 'preprocess': {'numeric_only': False, 'scaler': 'standard', 'encoding': 'ordinal', 'feature_engineering': False, 'add_log_features': False, 'winsorize': False, 'min_frequency': None, 'target_transform': 'log1p'}, 'model': {'hidden_layers': [64, 256, 128], 'activation': 'tanh', 'dropout': 0.3833476173986776, 'batch_norm': False, 'optimizer': 'adamw', 'learning_rate': 0.0013854298728365032, 'weight_decay': 8.698596343411314e-07, 'momentum': 0.6569415576677781, 'batch_size': 32, 'max_epochs': 200, 'patience': 22, 'min_delta': 1e-05, 'loss': 'smooth_l1', 'scheduler': 'cosine', 'gradient_clip': 5.0}}",57.0,5893.371129485993,COMPLETE
97,27506.07053397133,2026-08-17 17:27:33.717300,2026-08-17 17:27:38.693262,0 days 00:00:04.975962,tanh,False,False,64,0.27709971039741166,ordinal,True,3,0.002533779995236693,smooth_l1,2.0,0.5486878628947147,adamw,standard,cosine,log1p,1.705281325918437e-07,64,256.0,512.0,,True,"{'name': 'T097', 'preprocess': {'numeric_only': False, 'scaler': 'standard', 'encoding': 'ordinal', 'feature_engineering': True, 'add_log_features': False, 'winsorize': True, 'min_frequency': 2, 'target_transform': 'log1p'}, 'model': {'hidden_layers': [64, 256, 512], 'activation': 'tanh', 'dropout': 0.27709971039741166, 'batch_norm': False, 'optimizer': 'adamw', 'learning_rate': 0.002533779995236693, 'weight_decay': 1.705281325918437e-07, 'momentum': 0.5486878628947147, 'batch_size': 64, 'max_epochs': 200, 'patience': 22, 'min_delta': 1e-05, 'loss': 'smooth_l1', 'scheduler': 'cosine', 'gradient_clip': 5.0}}",33.0,6315.328902528008,COMPLETE
98,30695.44262500213,2026-08-17 17:27:38.703225,2026-08-17 17:27:41.942415,0 days 00:00:03.239190,leaky_relu,False,False,64,0.24809458847614532,onehot,False,2,0.0004900814191713887,smooth_l1,5.0,0.5189306144314174,adamw,standard,cosine,log1p,6.980843115227936e-07,64,256.0,,,True,"{'name': 'T098', 'preprocess': {'numeric_only': False, 'scaler': 'standard', 'encoding': 'onehot', 'feature_engineering': False, 'add_log_features': False, 'winsorize': True, 'min_frequency': 5, 'target_transform': 'log1p'}, 'model': {'hidden_layers': [64, 256], 'activation': 'leaky_relu', 'dropout': 0.24809458847614532, 'batch_norm': False, 'optimizer': 'adamw', 'learning_rate': 0.0004900814191713887, 'weight_decay': 6.980843115227936e-07, 'momentum': 0.5189306144314174, 'batch_size': 64, 'max_epochs': 200, 'patience': 22, 'min_delta': 1e-05, 'loss': 'smooth_l1', 'scheduler': 'cosine', 'gradient_clip': 5.0}}",36.0,14157.785647824336,COMPLETE
99,28773.555127410014,2026-08-17 17:27:41.954907,2026-08-17 17:27:44.805006,0 days 00:00:02.850099,relu,False,False,64,0.2032288388741889,ordinal,False,1,0.00032417612683979314,smooth_l1,2.0,0.5232624180376719,adamw,standard,cosine,log1p,3.336007509180913e-06,64,,,,True,"{'name': 'T099', 'preprocess': {'numeric_only': False, 'scaler': 'standard', 'encoding': 'ordinal', 'feature_engineering': False, 'add_log_features': False, 'winsorize': True, 'min_frequency': 2, 'target_transform': 'log1p'}, 'model': {'hidden_layers': [64], 'activation': 'relu', 'dropout': 0.2032288388741889, 'batch_norm': False, 'optimizer': 'adamw', 'learning_rate': 0.00032417612683979314, 'weight_decay': 3.336007509180913e-06, 'momentum': 0.5232624180376719, 'batch_size': 64, 'max_epochs': 200, 'patience': 22, 'min_delta': 1e-05, 'loss': 'smooth_l1', 'scheduler': 'cosine', 'gradient_clip': 5.0}}",54.0,10216.756679843851,COMPLETE
100,75393.13551895083,2026-08-17 17:27:44.818183,2026-08-17 17:27:46.872384,0 days 00:00:02.054201,leaky_relu,False,False,64,0.23910047367581627,ordinal,True,1,0.028653888789480938,smooth_l1,,0.6954130630170797,adamw,standard,cosine,log1p,9.018894341223904e-07,64,,,,False,"{'name': 'T100', 'preprocess': {'numeric_only': False, 'scaler': 'standard', 'encoding': 'ordinal', 'feature_engineering': True, 'add_log_features': False, 'winsorize': False, 'min_frequency': None, 'target_transform': 'log1p'}, 'model': {'hidden_layers': [64], 'activation': 'leaky_relu', 'dropout': 0.23910047367581627, 'batch_norm': False, 'optimizer': 'adamw', 'learning_rate': 0.028653888789480938, 'weight_decay': 9.018894341223904e-07, 'momentum': 0.6954130630170797, 'batch_size': 64, 'max_epochs': 200, 'patience': 22, 'min_delta': 1e-05, 'loss': 'smooth_l1', 'scheduler': 'cosine', 'gradient_clip': 5.0}}",22.0,91942.42473918277,COMPLETE
101,28228.244327517794,2026-08-17 17:27:46.890144,2026-08-17 17:27:55.275261,0 days 00:00:08.385117,tanh,False,False,16,0.15875102018118414,ordinal,True,3,0.001284265915297421,mse,5.0,0.5845215939698065,adamw,standard,plateau,log1p,3.668811498184561e-07,256,256.0,32.0,,False,"{'name': 'T101', 'preprocess': {'numeric_only': False, 'scaler': 'standard', 'encoding': 'ordinal', 'feature_engineering': True, 'add_log_features': False, 'winsorize': False, 'min_frequency': 5, 'target_transform': 'log1p'}, 'model': {'hidden_layers': [256, 256, 32], 'activation': 'tanh', 'dropout': 0.15875102018118414, 'batch_norm': False, 'optimizer': 'adamw', 'learning_rate': 0.001284265915297421, 'weight_decay': 3.668811498184561e-07, 'momentum': 0.5845215939698065, 'batch_size': 16, 'max_epochs': 200, 'patience': 22, 'min_delta': 1e-05, 'loss': 'mse', 'scheduler': 'plateau', 'gradient_clip': 5.0}}",11.0,5798.034580569545,COMPLETE
102,27793.51783386127,2026-08-17 17:27:55.284812,2026-08-17 17:27:58.864480,0 days 00:00:03.579668,tanh,False,False,64,0.20626583779944585,ordinal,True,3,0.005142866629633598,smooth_l1,2.0,0.6512196648543395,adamw,standard,cosine,log1p,5.760867581940417e-06,64,256.0,512.0,,True,"{'name': 'T102', 'preprocess': {'numeric_only': False, 'scaler': 'standard', 'encoding': 'ordinal', 'feature_engineering': True, 'add_log_features': False, 'winsorize': True, 'min_frequency': 2, 'target_transform': 'log1p'}, 'model': {'hidden_layers': [64, 256, 512], 'activation': 'tanh', 'dropout': 0.20626583779944585, 'batch_norm': False, 'optimizer': 'adamw', 'learning_rate': 0.005142866629633598, 'weight_decay': 5.760867581940417e-06, 'momentum': 0.6512196648543395, 'batch_size': 64, 'max_epochs': 200, 'patience': 22, 'min_delta': 1e-05, 'loss': 'smooth_l1', 'scheduler': 'cosine', 'gradient_clip': 5.0}}",14.0,6708.550755350595,COMPLETE
103,28397.922742375,2026-08-17 17:27:58.868021,2026-08-17 17:28:22.284487,0 days 00:00:23.416466,tanh,True,True,16,0.08976317092894583,ordinal,True,4,0.003691820780856627,mse,2.0,0.6750906711680679,rmsprop,standard,none,log1p,2.86691231060059e-06,256,256.0,512.0,256.0,False,"{'name': 'T103', 'preprocess': {'numeric_only': False, 'scaler': 'standard', 'encoding': 'ordinal', 'feature_engineering': True, 'add_log_features': True, 'winsorize': False, 'min_frequency': 2, 'target_transform': 'log1p'}, 'model': {'hidden_layers': [256, 256, 512, 256], 'activation': 'tanh', 'dropout': 0.08976317092894583, 'batch_norm': True, 'optimizer': 'rmsprop', 'learning_rate': 0.003691820780856627, 'weight_decay': 2.86691231060059e-06, 'momentum': 0.6750906711680679, 'batch_size': 16, 'max_epochs': 200, 'patience': 22, 'min_delta': 1e-05, 'loss': 'mse', 'scheduler': 'none', 'gradient_clip': 5.0}}",31.0,6390.866333586117,COMPLETE
104,25782.818687844487,2026-08-17 17:28:22.304377,2026-08-17 17:28:37.501349,0 days 00:00:15.196972,tanh,False,False,64,0.10163770339326073,onehot,True,3,0.010939862001025882,mse,5.0,0.594916090992214,adamw,standard,plateau,log1p,1.0611421506588956e-07,512,256.0,512.0,,False,"{'name': 'T104', 'preprocess': {'numeric_only': False, 'scaler': 'standard', 'encoding': 'onehot', 'feature_engineering': True, 'add_log_features': False, 'winsorize': False, 'min_frequency': 5, 'target_transform': 'log1p'}, 'model': {'hidden_layers': [512, 256, 512], 'activation': 'tanh', 'dropout': 0.10163770339326073, 'batch_norm': False, 'optimizer': 'adamw', 'learning_rate': 0.010939862001025882, 'weight_decay': 1.0611421506588956e-07, 'momentum': 0.594916090992214, 'batch_size': 64, 'max_epochs': 200, 'patience': 22, 'min_delta': 1e-05, 'loss': 'mse', 'scheduler': 'plateau', 'gradient_clip': 5.0}}",56.0,9090.79733281713,COMPLETE
105,30669.40300701016,2026-08-17 17:28:37.520058,2026-08-17 17:28:47.473513,0 days 00:00:09.953455,tanh,False,False,256,0.12227209965376779,onehot,True,2,0.004817202092033592,mse,5.0,0.6252958470867228,sgd,standard,plateau,log1p,1.8192724224947777e-07,512,64.0,,,False,"{'name': 'T105', 'preprocess': {'numeric_only': False, 'scaler': 'standard', 'encoding': 'onehot', 'feature_engineering': True, 'add_log_features': False, 'winsorize': False, 'min_frequency': 5, 'target_transform': 'log1p'}, 'model': {'hidden_layers': [512, 64], 'activation': 'tanh', 'dropout': 0.12227209965376779, 'batch_norm': False, 'optimizer': 'sgd', 'learning_rate': 0.004817202092033592, 'weight_decay': 1.8192724224947777e-07, 'momentum': 0.6252958470867228, 'batch_size': 256, 'max_epochs': 200, 'patience': 22, 'min_delta': 1e-05, 'loss': 'mse', 'scheduler': 'plateau', 'gradient_clip': 5.0}}",88.0,7617.761589067758,COMPLETE
106,44651.39629149893,2026-08-17 17:28:47.489376,2026-08-17 17:28:52.212285,0 days 00:00:04.722909,gelu,False,False,64,0.15650791430843766,onehot,True,3,0.006425044432394034,mse,5.0,0.5925282843196549,adamw,robust,plateau,log1p,1.206325580544519e-06,512,128.0,512.0,,True,"{'name': 'T106', 'preprocess': {'numeric_only': False, 'scaler': 'robust', 'encoding': 'onehot', 'feature_engineering': True, 'add_log_features': False, 'winsorize': True, 'min_frequency': 5, 'target_transform': 'log1p'}, 'model': {'hidden_layers': [512, 128, 512], 'activation': 'gelu', 'dropout': 0.15650791430843766, 'batch_norm': False, 'optimizer': 'adamw', 'learning_rate': 0.006425044432394034, 'weight_decay': 1.206325580544519e-06, 'momentum': 0.5925282843196549, 'batch_size': 64, 'max_epochs': 200, 'patience': 22, 'min_delta': 1e-05, 'loss': 'mse', 'scheduler': 'plateau', 'gradient_clip': 5.0}}",,,PRUNED
107,29755.954548878584,2026-08-17 17:28:52.228245,2026-08-17 17:28:58.173457,0 days 00:00:05.945212,tanh,False,False,64,0.264057199235524,onehot,True,3,0.00044130783532480823,mse,5.0,0.5035019002623884,adamw,standard,plateau,log1p,2.674314991148634e-07,512,256.0,512.0,,False,"{'name': 'T107', 'preprocess': {'numeric_only': False, 'scaler': 'standard', 'encoding': 'onehot', 'feature_engineering': True, 'add_log_features': False, 'winsorize': False, 'min_frequency': 5, 'target_transform': 'log1p'}, 'model': {'hidden_layers': [512, 256, 512], 'activation': 'tanh', 'dropout': 0.264057199235524, 'batch_norm': False, 'optimizer': 'adamw', 'learning_rate': 0.00044130783532480823, 'weight_decay': 2.674314991148634e-07, 'momentum': 0.5035019002623884, 'batch_size': 64, 'max_epochs': 200, 'patience': 22, 'min_delta': 1e-05, 'loss': 'mse', 'scheduler': 'plateau', 'gradient_clip': 5.0}}",22.0,8944.617517370336,COMPLETE
108,27973.21262691656,2026-08-17 17:28:58.190091,2026-08-17 17:29:07.165016,0 days 00:00:08.974925,tanh,True,True,64,0.04707502099679295,ordinal,True,4,7.333944430988452e-05,mse,2.0,0.7472751396590457,rmsprop,standard,none,log1p,2.2311511480138632e-05,32,128.0,512.0,128.0,True,"{'name': 'T108', 'preprocess': {'numeric_only': False, 'scaler': 'standard', 'encoding': 'ordinal', 'feature_engineering': True, 'add_log_features': True, 'winsorize': True, 'min_frequency': 2, 'target_transform': 'log1p'}, 'model': {'hidden_layers': [32, 128, 512, 128], 'activation': 'tanh', 'dropout': 0.04707502099679295, 'batch_norm': True, 'optimizer': 'rmsprop', 'learning_rate': 7.333944430988452e-05, 'weight_decay': 2.2311511480138632e-05, 'momentum': 0.7472751396590457, 'batch_size': 64, 'max_epochs': 200, 'patience': 22, 'min_delta': 1e-05, 'loss': 'mse', 'scheduler': 'none', 'gradient_clip': 5.0}}",,,PRUNED
109,25350.572188313457,2026-08-17 17:29:07.179330,2026-08-17 17:29:13.541928,0 days 00:00:06.362598,tanh,False,False,64,0.07693697465502221,onehot,True,3,0.010497107988343921,mse,,0.6410128642491457,adamw,standard,plateau,log1p,1.8065532921157753e-07,512,128.0,128.0,,False,"{'name': 'T109', 'preprocess': {'numeric_only': False, 'scaler': 'standard', 'encoding': 'onehot', 'feature_engineering': True, 'add_log_features': False, 'winsorize': False, 'min_frequency': None, 'target_transform': 'log1p'}, 'model': {'hidden_layers': [512, 128, 128], 'activation': 'tanh', 'dropout': 0.07693697465502221, 'batch_norm': False, 'optimizer': 'adamw', 'learning_rate': 0.010497107988343921, 'weight_decay': 1.8065532921157753e-07, 'momentum': 0.6410128642491457, 'batch_size': 64, 'max_epochs': 200, 'patience': 22, 'min_delta': 1e-05, 'loss': 'mse', 'scheduler': 'plateau', 'gradient_clip': 5.0}}",57.0,8685.456949677124,COMPLETE
110,27139.834417206614,2026-08-17 17:29:13.549054,2026-08-17 17:29:21.047015,0 days 00:00:07.497961,tanh,False,False,64,0.021472737893333586,onehot,True,4,0.025960600882087955,mse,,0.7129758101994271,adamw,standard,plateau,log1p,1.2414296559831396e-07,512,128.0,128.0,256.0,False,"{'name': 'T110', 'preprocess': {'numeric_only': False, 'scaler': 'standard', 'encoding': 'onehot', 'feature_engineering': True, 'add_log_features': False, 'winsorize': False, 'min_frequency': None, 'target_transform': 'log1p'}, 'model': {'hidden_layers': [512, 128, 128, 256], 'activation': 'tanh', 'dropout': 0.021472737893333586, 'batch_norm': False, 'optimizer': 'adamw', 'learning_rate': 0.025960600882087955, 'weight_decay': 1.2414296559831396e-07, 'momentum': 0.7129758101994271, 'batch_size': 64, 'max_epochs': 200, 'patience': 22, 'min_delta': 1e-05, 'loss': 'mse', 'scheduler': 'plateau', 'gradient_clip': 5.0}}",63.0,7041.21145560621,COMPLETE
111,28393.107409186476,2026-08-17 17:29:21.056425,2026-08-17 17:29:25.281412,0 days 00:00:04.224987,tanh,False,False,64,0.01107338819351185,onehot,True,4,0.017272817331798418,mse,,0.6279106873268977,adamw,standard,plateau,log1p,3.2977564823802216e-07,32,128.0,128.0,256.0,False,"{'name': 'T111', 'preprocess': {'numeric_only': False, 'scaler': 'standard', 'encoding': 'onehot', 'feature_engineering': True, 'add_log_features': False, 'winsorize': False, 'min_frequency': None, 'target_transform': 'log1p'}, 'model': {'hidden_layers': [32, 128, 128, 256], 'activation': 'tanh', 'dropout': 0.01107338819351185, 'batch_norm': False, 'optimizer': 'adamw', 'learning_rate': 0.017272817331798418, 'weight_decay': 3.2977564823802216e-07, 'momentum': 0.6279106873268977, 'batch_size': 64, 'max_epochs': 200, 'patience': 22, 'min_delta': 1e-05, 'loss': 'mse', 'scheduler': 'plateau', 'gradient_clip': 5.0}}",32.0,9008.633438422297,COMPLETE
112,38522.836201183825,2026-08-17 17:29:25.292491,2026-08-17 17:29:26.943627,0 days 00:00:01.651136,relu,False,False,64,0.1076177584765792,ordinal,True,2,0.017225603937500337,mse,5.0,0.5236955979120991,adamw,standard,plateau,log1p,2.880869985832957e-07,32,128.0,,,False,"{'name': 'T112', 'preprocess': {'numeric_only': False, 'scaler': 'standard', 'encoding': 'ordinal', 'feature_engineering': True, 'add_log_features': False, 'winsorize': False, 'min_frequency': 5, 'target_transform': 'log1p'}, 'model': {'hidden_layers': [32, 128], 'activation': 'relu', 'dropout': 0.1076177584765792, 'batch_norm': False, 'optimizer': 'adamw', 'learning_rate': 0.017225603937500337, 'weight_decay': 2.880869985832957e-07, 'momentum': 0.5236955979120991, 'batch_size': 64, 'max_epochs': 200, 'patience': 22, 'min_delta': 1e-05, 'loss': 'mse', 'scheduler': 'plateau', 'gradient_clip': 5.0}}",9.0,26809.22624547625,COMPLETE
113,28099.073182770186,2026-08-17 17:29:26.956507,2026-08-17 17:29:30.922987,0 days 00:00:03.966480,tanh,False,False,128,0.08641978926719839,onehot,False,3,0.029375915288695945,mse,2.0,0.5195822278579113,adamw,standard,plateau,log1p,2.442405902707089e-07,128,128.0,128.0,,False,"{'name': 'T113', 'preprocess': {'numeric_only': False, 'scaler': 'standard', 'encoding': 'onehot', 'feature_engineering': False, 'add_log_features': False, 'winsorize': False, 'min_frequency': 2, 'target_transform': 'log1p'}, 'model': {'hidden_layers': [128, 128, 128], 'activation': 'tanh', 'dropout': 0.08641978926719839, 'batch_norm': False, 'optimizer': 'adamw', 'learning_rate': 0.029375915288695945, 'weight_decay': 2.442405902707089e-07, 'momentum': 0.5195822278579113, 'batch_size': 128, 'max_epochs': 200, 'patience': 22, 'min_delta': 1e-05, 'loss': 'mse', 'scheduler': 'plateau', 'gradient_clip': 5.0}}",59.0,6262.592711955933,COMPLETE
114,27431.696761234885,2026-08-17 17:29:30.934058,2026-08-17 17:29:36.830464,0 days 00:00:05.896406,tanh,False,False,16,0.02457688473595112,onehot,True,3,0.0016271424264830971,mse,,0.659528882926369,adamw,standard,plateau,log1p,2.560987047864873e-06,512,128.0,128.0,,True,"{'name': 'T114', 'preprocess': {'numeric_only': False, 'scaler': 'standard', 'encoding': 'onehot', 'feature_engineering': True, 'add_log_features': False, 'winsorize': True, 'min_frequency': None, 'target_transform': 'log1p'}, 'model': {'hidden_layers': [512, 128, 128], 'activation': 'tanh', 'dropout': 0.02457688473595112, 'batch_norm': False, 'optimizer': 'adamw', 'learning_rate': 0.0016271424264830971, 'weight_decay': 2.560987047864873e-06, 'momentum': 0.659528882926369, 'batch_size': 16, 'max_epochs': 200, 'patience': 22, 'min_delta': 1e-05, 'loss': 'mse', 'scheduler': 'plateau', 'gradient_clip': 5.0}}",4.0,7717.630461908067,COMPLETE
115,25599.465236743523,2026-08-17 17:29:36.842577,2026-08-17 17:29:44.027754,0 days 00:00:07.185177,tanh,False,False,64,0.1603687090255656,onehot,False,4,0.008346215434048166,mse,,0.802376374488231,adamw,standard,plateau,log1p,2.7597147292861404e-06,512,128.0,128.0,256.0,False,"{'name': 'T115', 'preprocess': {'numeric_only': False, 'scaler': 'standard', 'encoding': 'onehot', 'feature_engineering': False, 'add_log_features': False, 'winsorize': False, 'min_frequency': None, 'target_transform': 'log1p'}, 'model': {'hidden_layers': [512, 128, 128, 256], 'activation': 'tanh', 'dropout': 0.1603687090255656, 'batch_norm': False, 'optimizer': 'adamw', 'learning_rate': 0.008346215434048166, 'weight_decay': 2.7597147292861404e-06, 'momentum': 0.802376374488231, 'batch_size': 64, 'max_epochs': 200, 'patience': 22, 'min_delta': 1e-05, 'loss': 'mse', 'scheduler': 'plateau', 'gradient_clip': 5.0}}",54.0,7187.225602956585,COMPLETE
116,27453.2445746648,2026-08-17 17:29:44.039329,2026-08-17 17:29:48.231140,0 days 00:00:04.191811,tanh,False,False,64,0.08672548217629918,onehot,False,4,0.0028977694853874426,mse,,0.7670700282687775,adamw,standard,plateau,log1p,0.00010160102613273137,512,128.0,128.0,256.0,False,"{'name': 'T116', 'preprocess': {'numeric_only': False, 'scaler': 'standard', 'encoding': 'onehot', 'feature_engineering': False, 'add_log_features': False, 'winsorize': False, 'min_frequency': None, 'target_transform': 'log1p'}, 'model': {'hidden_layers': [512, 128, 128, 256], 'activation': 'tanh', 'dropout': 0.08672548217629918, 'batch_norm': False, 'optimizer': 'adamw', 'learning_rate': 0.0028977694853874426, 'weight_decay': 0.00010160102613273137, 'momentum': 0.7670700282687775, 'batch_size': 64, 'max_epochs': 200, 'patience': 22, 'min_delta': 1e-05, 'loss': 'mse', 'scheduler': 'plateau', 'gradient_clip': 5.0}}",25.0,7745.691506917334,COMPLETE
117,42382.014526113795,2026-08-17 17:29:48.240793,2026-08-17 17:29:51.747745,0 days 00:00:03.506952,silu,False,False,32,0.13785605603148635,ordinal,True,2,0.004037644829021692,smooth_l1,,0.6458425910522461,adamw,standard,cosine,log1p,5.713537185459982e-07,256,128.0,,,False,"{'name': 'T117', 'preprocess': {'numeric_only': False, 'scaler': 'standard', 'encoding': 'ordinal', 'feature_engineering': True, 'add_log_features': False, 'winsorize': False, 'min_frequency': None, 'target_transform': 'log1p'}, 'model': {'hidden_layers': [256, 128], 'activation': 'silu', 'dropout': 0.13785605603148635, 'batch_norm': False, 'optimizer': 'adamw', 'learning_rate': 0.004037644829021692, 'weight_decay': 5.713537185459982e-07, 'momentum': 0.6458425910522461, 'batch_size': 32, 'max_epochs': 200, 'patience': 22, 'min_delta': 1e-05, 'loss': 'smooth_l1', 'scheduler': 'cosine', 'gradient_clip': 5.0}}",17.0,37216.629461394485,COMPLETE
118,28100.043599138484,2026-08-17 17:29:51.762313,2026-08-17 17:29:57.389410,0 days 00:00:05.627097,tanh,False,False,64,0.07711655204221823,onehot,True,4,0.029257942734305844,mse,,0.8919506549630711,sgd,standard,plateau,log1p,2.203142026444621e-07,512,128.0,128.0,256.0,False,"{'name': 'T118', 'preprocess': {'numeric_only': False, 'scaler': 'standard', 'encoding': 'onehot', 'feature_engineering': True, 'add_log_features': False, 'winsorize': False, 'min_frequency': None, 'target_transform': 'log1p'}, 'model': {'hidden_layers': [512, 128, 128, 256], 'activation': 'tanh', 'dropout': 0.07711655204221823, 'batch_norm': False, 'optimizer': 'sgd', 'learning_rate': 0.029257942734305844, 'weight_decay': 2.203142026444621e-07, 'momentum': 0.8919506549630711, 'batch_size': 64, 'max_epochs': 200, 'patience': 22, 'min_delta': 1e-05, 'loss': 'mse', 'scheduler': 'plateau', 'gradient_clip': 5.0}}",35.0,7661.5621033913385,COMPLETE
119,26809.988183276975,2026-08-17 17:29:57.402493,2026-08-17 17:30:01.002874,0 days 00:00:03.600381,tanh,True,True,64,0.05837863512055515,ordinal,True,4,0.0018914844197188282,mse,2.0,0.8997929504983865,adamw,standard,plateau,log1p,6.847725964140495e-07,256,128.0,128.0,256.0,True,"{'name': 'T119', 'preprocess': {'numeric_only': False, 'scaler': 'standard', 'encoding': 'ordinal', 'feature_engineering': True, 'add_log_features': True, 'winsorize': True, 'min_frequency': 2, 'target_transform': 'log1p'}, 'model': {'hidden_layers': [256, 128, 128, 256], 'activation': 'tanh', 'dropout': 0.05837863512055515, 'batch_norm': True, 'optimizer': 'adamw', 'learning_rate': 0.0018914844197188282, 'weight_decay': 6.847725964140495e-07, 'momentum': 0.8997929504983865, 'batch_size': 64, 'max_epochs': 200, 'patience': 22, 'min_delta': 1e-05, 'loss': 'mse', 'scheduler': 'plateau', 'gradient_clip': 5.0}}",,,PRUNED
120,28280.96161242036,2026-08-17 17:30:01.014629,2026-08-17 17:30:02.856017,0 days 00:00:01.841388,tanh,False,False,256,0.28293957249693924,ordinal,False,4,0.0010718492458520832,mse,,0.7010455059961225,adamw,standard,plateau,log1p,4.7014373395140174e-07,512,128.0,128.0,256.0,False,"{'name': 'T120', 'preprocess': {'numeric_only': False, 'scaler': 'standard', 'encoding': 'ordinal', 'feature_engineering': False, 'add_log_features': False, 'winsorize': False, 'min_frequency': None, 'target_transform': 'log1p'}, 'model': {'hidden_layers': [512, 128, 128, 256], 'activation': 'tanh', 'dropout': 0.28293957249693924, 'batch_norm': False, 'optimizer': 'adamw', 'learning_rate': 0.0010718492458520832, 'weight_decay': 4.7014373395140174e-07, 'momentum': 0.7010455059961225, 'batch_size': 256, 'max_epochs': 200, 'patience': 22, 'min_delta': 1e-05, 'loss': 'mse', 'scheduler': 'plateau', 'gradient_clip': 5.0}}",,,PRUNED
121,27273.008200847176,2026-08-17 17:30:02.864313,2026-08-17 17:30:07.260739,0 days 00:00:04.396426,tanh,False,False,64,0.12642498792482473,ordinal,False,4,0.004740290451662982,mse,5.0,0.8358866957372426,adam,standard,plateau,log1p,3.1608506856806743e-07,512,128.0,128.0,256.0,False,"{'name': 'T121', 'preprocess': {'numeric_only': False, 'scaler': 'standard', 'encoding': 'ordinal', 'feature_engineering': False, 'add_log_features': False, 'winsorize': False, 'min_frequency': 5, 'target_transform': 'log1p'}, 'model': {'hidden_layers': [512, 128, 128, 256], 'activation': 'tanh', 'dropout': 0.12642498792482473, 'batch_norm': False, 'optimizer': 'adam', 'learning_rate': 0.004740290451662982, 'weight_decay': 3.1608506856806743e-07, 'momentum': 0.8358866957372426, 'batch_size': 64, 'max_epochs': 200, 'patience': 22, 'min_delta': 1e-05, 'loss': 'mse', 'scheduler': 'plateau', 'gradient_clip': 5.0}}",21.0,7082.552888895724,COMPLETE
122,32574.61003905195,2026-08-17 17:30:07.272678,2026-08-17 17:30:11.923767,0 days 00:00:04.651089,tanh,False,False,128,0.07672195506976248,onehot,True,3,0.020569709651406247,mse,,0.7239336166300941,adamw,robust,plateau,log1p,5.821122669172705e-07,512,128.0,128.0,,False,"{'name': 'T122', 'preprocess': {'numeric_only': False, 'scaler': 'robust', 'encoding': 'onehot', 'feature_engineering': True, 'add_log_features': False, 'winsorize': False, 'min_frequency': None, 'target_transform': 'log1p'}, 'model': {'hidden_layers': [512, 128, 128], 'activation': 'tanh', 'dropout': 0.07672195506976248, 'batch_norm': False, 'optimizer': 'adamw', 'learning_rate': 0.020569709651406247, 'weight_decay': 5.821122669172705e-07, 'momentum': 0.7239336166300941, 'batch_size': 128, 'max_epochs': 200, 'patience': 22, 'min_delta': 1e-05, 'loss': 'mse', 'scheduler': 'plateau', 'gradient_clip': 5.0}}",,,PRUNED
123,27553.136073069512,2026-08-17 17:30:11.935560,2026-08-17 17:30:15.083346,0 days 00:00:03.147786,tanh,False,True,64,0.013973749705720587,onehot,True,3,0.0010949278835040972,mse,,0.79296392005287,adamw,standard,plateau,standard,1.150967720685438e-06,512,128.0,128.0,,False,"{'name': 'T123', 'preprocess': {'numeric_only': False, 'scaler': 'standard', 'encoding': 'onehot', 'feature_engineering': True, 'add_log_features': False, 'winsorize': False, 'min_frequency': None, 'target_transform': 'standard'}, 'model': {'hidden_layers': [512, 128, 128], 'activation': 'tanh', 'dropout': 0.013973749705720587, 'batch_norm': True, 'optimizer': 'adamw', 'learning_rate': 0.0010949278835040972, 'weight_decay': 1.150967720685438e-06, 'momentum': 0.79296392005287, 'batch_size': 64, 'max_epochs': 200, 'patience': 22, 'min_delta': 1e-05, 'loss': 'mse', 'scheduler': 'plateau', 'gradient_clip': 5.0}}",,,PRUNED
124,28519.429990648783,2026-08-17 17:30:15.089116,2026-08-17 17:30:16.829949,0 days 00:00:01.740833,tanh,False,False,64,0.13190217705780244,ordinal,True,1,0.003359520737905501,mse,5.0,0.5963681524698572,adamw,standard,plateau,log1p,1.4623603622372645e-07,128,,,,True,"{'name': 'T124', 'preprocess': {'numeric_only': False, 'scaler': 'standard', 'encoding': 'ordinal', 'feature_engineering': True, 'add_log_features': False, 'winsorize': True, 'min_frequency': 5, 'target_transform': 'log1p'}, 'model': {'hidden_layers': [128], 'activation': 'tanh', 'dropout': 0.13190217705780244, 'batch_norm': False, 'optimizer': 'adamw', 'learning_rate': 0.003359520737905501, 'weight_decay': 1.4623603622372645e-07, 'momentum': 0.5963681524698572, 'batch_size': 64, 'max_epochs': 200, 'patience': 22, 'min_delta': 1e-05, 'loss': 'mse', 'scheduler': 'plateau', 'gradient_clip': 5.0}}",8.0,8467.874367043329,COMPLETE
125,25472.103764621323,2026-08-17 17:30:16.839107,2026-08-17 17:30:19.527012,0 days 00:00:02.687905,tanh,False,True,64,0.2057758991280548,ordinal,True,2,0.028279252032410933,mse,5.0,0.5104580471027994,adamw,standard,plateau,standard,6.191125855543255e-07,128,128.0,,,False,"{'name': 'T125', 'preprocess': {'numeric_only': False, 'scaler': 'standard', 'encoding': 'ordinal', 'feature_engineering': True, 'add_log_features': False, 'winsorize': False, 'min_frequency': 5, 'target_transform': 'standard'}, 'model': {'hidden_layers': [128, 128], 'activation': 'tanh', 'dropout': 0.2057758991280548, 'batch_norm': True, 'optimizer': 'adamw', 'learning_rate': 0.028279252032410933, 'weight_decay': 6.191125855543255e-07, 'momentum': 0.5104580471027994, 'batch_size': 64, 'max_epochs': 200, 'patience': 22, 'min_delta': 1e-05, 'loss': 'mse', 'scheduler': 'plateau', 'gradient_clip': 5.0}}",,,PRUNED
126,24527.332270847488,2026-08-17 17:30:19.540557,2026-08-17 17:30:26.177894,0 days 00:00:06.637337,tanh,False,False,32,0.0620012960884858,onehot,True,3,0.013758964704425487,mse,,0.5501543764066039,adamw,standard,plateau,standard,3.31411982590966e-07,512,512.0,128.0,,False,"{'name': 'T126', 'preprocess': {'numeric_only': False, 'scaler': 'standard', 'encoding': 'onehot', 'feature_engineering': True, 'add_log_features': False, 'winsorize': False, 'min_frequency': None, 'target_transform': 'standard'}, 'model': {'hidden_layers': [512, 512, 128], 'activation': 'tanh', 'dropout': 0.0620012960884858, 'batch_norm': False, 'optimizer': 'adamw', 'learning_rate': 0.013758964704425487, 'weight_decay': 3.31411982590966e-07, 'momentum': 0.5501543764066039, 'batch_size': 32, 'max_epochs': 200, 'patience': 22, 'min_delta': 1e-05, 'loss': 'mse', 'scheduler': 'plateau', 'gradient_clip': 5.0}}",,,PRUNED
127,44889.57079261491,2026-08-17 17:30:26.193538,2026-08-17 17:30:31.147247,0 days 00:00:04.953709,gelu,False,True,64,0.1360112764190502,onehot,False,3,0.005860638968223565,mse,,0.5963857417545436,adamw,standard,plateau,log1p,1.467055881244631e-07,512,128.0,128.0,,False,"{'name': 'T127', 'preprocess': {'numeric_only': False, 'scaler': 'standard', 'encoding': 'onehot', 'feature_engineering': False, 'add_log_features': False, 'winsorize': False, 'min_frequency': None, 'target_transform': 'log1p'}, 'model': {'hidden_layers': [512, 128, 128], 'activation': 'gelu', 'dropout': 0.1360112764190502, 'batch_norm': True, 'optimizer': 'adamw', 'learning_rate': 0.005860638968223565, 'weight_decay': 1.467055881244631e-07, 'momentum': 0.5963857417545436, 'batch_size': 64, 'max_epochs': 200, 'patience': 22, 'min_delta': 1e-05, 'loss': 'mse', 'scheduler': 'plateau', 'gradient_clip': 5.0}}",20.0,39752.224383083514,COMPLETE
128,24431.497664336734,2026-08-17 17:30:31.160991,2026-08-17 17:30:36.019388,0 days 00:00:04.858397,tanh,False,False,32,0.039593665274388325,onehot,True,3,0.01952753101639184,mse,5.0,0.53173829721449,adamw,standard,plateau,log1p,1.11774630351989e-07,64,128.0,128.0,,False,"{'name': 'T128', 'preprocess': {'numeric_only': False, 'scaler': 'standard', 'encoding': 'onehot', 'feature_engineering': True, 'add_log_features': False, 'winsorize': False, 'min_frequency': 5, 'target_transform': 'log1p'}, 'model': {'hidden_layers': [64, 128, 128], 'activation': 'tanh', 'dropout': 0.039593665274388325, 'batch_norm': False, 'optimizer': 'adamw', 'learning_rate': 0.01952753101639184, 'weight_decay': 1.11774630351989e-07, 'momentum': 0.53173829721449, 'batch_size': 32, 'max_epochs': 200, 'patience': 22, 'min_delta': 1e-05, 'loss': 'mse', 'scheduler': 'plateau', 'gradient_clip': 5.0}}",,,PRUNED
129,73077.58562124887,2026-08-17 17:30:36.029423,2026-08-17 17:30:37.449954,0 days 00:00:01.420531,relu,False,False,64,0.0418904554242495,onehot,True,3,0.004506969851534349,mse,,0.6553272943173611,rmsprop,standard,plateau,log1p,1.2206528456356923e-06,512,32.0,64.0,,False,"{'name': 'T129', 'preprocess': {'numeric_only': False, 'scaler': 'standard', 'encoding': 'onehot', 'feature_engineering': True, 'add_log_features': False, 'winsorize': False, 'min_frequency': None, 'target_transform': 'log1p'}, 'model': {'hidden_layers': [512, 32, 64], 'activation': 'relu', 'dropout': 0.0418904554242495, 'batch_norm': False, 'optimizer': 'rmsprop', 'learning_rate': 0.004506969851534349, 'weight_decay': 1.2206528456356923e-06, 'momentum': 0.6553272943173611, 'batch_size': 64, 'max_epochs': 200, 'patience': 22, 'min_delta': 1e-05, 'loss': 'mse', 'scheduler': 'plateau', 'gradient_clip': 5.0}}",,,PRUNED
130,25923.967232913044,2026-08-17 17:30:37.461990,2026-08-17 17:30:42.326086,0 days 00:00:04.864096,tanh,False,False,64,0.08974655494150234,onehot,True,3,0.008125109021288362,mse,2.0,0.6550334362922553,adamw,standard,plateau,log1p,1.5231224111988353e-07,512,128.0,64.0,,False,"{'name': 'T130', 'preprocess': {'numeric_only': False, 'scaler': 'standard', 'encoding': 'onehot', 'feature_engineering': True, 'add_log_features': False, 'winsorize': False, 'min_frequency': 2, 'target_transform': 'log1p'}, 'model': {'hidden_layers': [512, 128, 64], 'activation': 'tanh', 'dropout': 0.08974655494150234, 'batch_norm': False, 'optimizer': 'adamw', 'learning_rate': 0.008125109021288362, 'weight_decay': 1.5231224111988353e-07, 'momentum': 0.6550334362922553, 'batch_size': 64, 'max_epochs': 200, 'patience': 22, 'min_delta': 1e-05, 'loss': 'mse', 'scheduler': 'plateau', 'gradient_clip': 5.0}}",44.0,7010.625235960655,COMPLETE
131,27295.642940023747,2026-08-17 17:30:42.336702,2026-08-17 17:30:44.125345,0 days 00:00:01.788643,tanh,False,False,64,0.22768095336145724,onehot,False,3,0.019800449206655933,mse,5.0,0.6243380961198939,adamw,standard,plateau,log1p,4.486453336581865e-07,32,128.0,64.0,,True,"{'name': 'T131', 'preprocess': {'numeric_only': False, 'scaler': 'standard', 'encoding': 'onehot', 'feature_engineering': False, 'add_log_features': False, 'winsorize': True, 'min_frequency': 5, 'target_transform': 'log1p'}, 'model': {'hidden_layers': [32, 128, 64], 'activation': 'tanh', 'dropout': 0.22768095336145724, 'batch_norm': False, 'optimizer': 'adamw', 'learning_rate': 0.019800449206655933, 'weight_decay': 4.486453336581865e-07, 'momentum': 0.6243380961198939, 'batch_size': 64, 'max_epochs': 200, 'patience': 22, 'min_delta': 1e-05, 'loss': 'mse', 'scheduler': 'plateau', 'gradient_clip': 5.0}}",,,PRUNED
132,27946.28903567362,2026-08-17 17:30:44.136750,2026-08-17 17:30:48.930429,0 days 00:00:04.793679,tanh,True,False,32,0.09468783388114407,ordinal,True,3,0.0007272062461444027,mse,2.0,0.7841756824844499,rmsprop,standard,none,log1p,7.048623648354623e-07,128,128.0,64.0,,True,"{'name': 'T132', 'preprocess': {'numeric_only': False, 'scaler': 'standard', 'encoding': 'ordinal', 'feature_engineering': True, 'add_log_features': True, 'winsorize': True, 'min_frequency': 2, 'target_transform': 'log1p'}, 'model': {'hidden_layers': [128, 128, 64], 'activation': 'tanh', 'dropout': 0.09468783388114407, 'batch_norm': False, 'optimizer': 'rmsprop', 'learning_rate': 0.0007272062461444027, 'weight_decay': 7.048623648354623e-07, 'momentum': 0.7841756824844499, 'batch_size': 32, 'max_epochs': 200, 'patience': 22, 'min_delta': 1e-05, 'loss': 'mse', 'scheduler': 'none', 'gradient_clip': 5.0}}",26.0,6622.2169790962425,COMPLETE
133,26442.68343650612,2026-08-17 17:30:48.947138,2026-08-17 17:30:55.921932,0 days 00:00:06.974794,tanh,False,False,16,0.08275230314345153,onehot,True,2,0.004871176550395082,mse,2.0,0.6098560867029573,adamw,standard,cosine,log1p,1.825099630731634e-07,512,128.0,,,False,"{'name': 'T133', 'preprocess': {'numeric_only': False, 'scaler': 'standard', 'encoding': 'onehot', 'feature_engineering': True, 'add_log_features': False, 'winsorize': False, 'min_frequency': 2, 'target_transform': 'log1p'}, 'model': {'hidden_layers': [512, 128], 'activation': 'tanh', 'dropout': 0.08275230314345153, 'batch_norm': False, 'optimizer': 'adamw', 'learning_rate': 0.004871176550395082, 'weight_decay': 1.825099630731634e-07, 'momentum': 0.6098560867029573, 'batch_size': 16, 'max_epochs': 200, 'patience': 22, 'min_delta': 1e-05, 'loss': 'mse', 'scheduler': 'cosine', 'gradient_clip': 5.0}}",20.0,8780.62737853408,COMPLETE
134,27038.366174638188,2026-08-17 17:30:55.943792,2026-08-17 17:31:04.834638,0 days 00:00:08.890846,tanh,False,False,16,0.05692145856472713,onehot,True,2,0.004721531366264586,mse,2.0,0.6121253467299632,adamw,standard,cosine,log1p,8.169861202307993e-07,512,128.0,,,False,"{'name': 'T134', 'preprocess': {'numeric_only': False, 'scaler': 'standard', 'encoding': 'onehot', 'feature_engineering': True, 'add_log_features': False, 'winsorize': False, 'min_frequency': 2, 'target_transform': 'log1p'}, 'model': {'hidden_layers': [512, 128], 'activation': 'tanh', 'dropout': 0.05692145856472713, 'batch_norm': False, 'optimizer': 'adamw', 'learning_rate': 0.004721531366264586, 'weight_decay': 8.169861202307993e-07, 'momentum': 0.6121253467299632, 'batch_size': 16, 'max_epochs': 200, 'patience': 22, 'min_delta': 1e-05, 'loss': 'mse', 'scheduler': 'cosine', 'gradient_clip': 5.0}}",15.0,9015.200520499437,COMPLETE
135,41353.64913725742,2026-08-17 17:31:04.846900,2026-08-17 17:31:10.171771,0 days 00:00:05.324871,leaky_relu,False,False,16,0.015895227804127388,onehot,True,2,0.011075534958166908,mse,2.0,0.7249717925435639,adamw,standard,cosine,log1p,2.5340058135843393e-06,256,128.0,,,False,"{'name': 'T135', 'preprocess': {'numeric_only': False, 'scaler': 'standard', 'encoding': 'onehot', 'feature_engineering': True, 'add_log_features': False, 'winsorize': False, 'min_frequency': 2, 'target_transform': 'log1p'}, 'model': {'hidden_layers': [256, 128], 'activation': 'leaky_relu', 'dropout': 0.015895227804127388, 'batch_norm': False, 'optimizer': 'adamw', 'learning_rate': 0.011075534958166908, 'weight_decay': 2.5340058135843393e-06, 'momentum': 0.7249717925435639, 'batch_size': 16, 'max_epochs': 200, 'patience': 22, 'min_delta': 1e-05, 'loss': 'mse', 'scheduler': 'cosine', 'gradient_clip': 5.0}}",12.0,36765.97415391495,COMPLETE
136,26661.12730820914,2026-08-17 17:31:10.187608,2026-08-17 17:31:16.235091,0 days 00:00:06.047483,tanh,False,False,16,0.10303548527405657,onehot,False,2,0.0076859031613589575,mse,2.0,0.5298265699325417,adamw,standard,cosine,log1p,1.5633463694557603e-07,512,128.0,,,False,"{'name': 'T136', 'preprocess': {'numeric_only': False, 'scaler': 'standard', 'encoding': 'onehot', 'feature_engineering': False, 'add_log_features': False, 'winsorize': False, 'min_frequency': 2, 'target_transform': 'log1p'}, 'model': {'hidden_layers': [512, 128], 'activation': 'tanh', 'dropout': 0.10303548527405657, 'batch_norm': False, 'optimizer': 'adamw', 'learning_rate': 0.0076859031613589575, 'weight_decay': 1.5633463694557603e-07, 'momentum': 0.5298265699325417, 'batch_size': 16, 'max_epochs': 200, 'patience': 22, 'min_delta': 1e-05, 'loss': 'mse', 'scheduler': 'cosine', 'gradient_clip': 5.0}}",18.0,6875.330249850678,COMPLETE
137,68776.88478322695,2026-08-17 17:31:16.238721,2026-08-17 17:31:20.440966,0 days 00:00:04.202245,silu,False,False,16,0.12186093863890199,onehot,False,1,0.0023976811894827633,mse,2.0,0.5760134349519902,adamw,standard,cosine,log1p,1.1495335265126976e-05,512,,,,False,"{'name': 'T137', 'preprocess': {'numeric_only': False, 'scaler': 'standard', 'encoding': 'onehot', 'feature_engineering': False, 'add_log_features': False, 'winsorize': False, 'min_frequency': 2, 'target_transform': 'log1p'}, 'model': {'hidden_layers': [512], 'activation': 'silu', 'dropout': 0.12186093863890199, 'batch_norm': False, 'optimizer': 'adamw', 'learning_rate': 0.0023976811894827633, 'weight_decay': 1.1495335265126976e-05, 'momentum': 0.5760134349519902, 'batch_size': 16, 'max_epochs': 200, 'patience': 22, 'min_delta': 1e-05, 'loss': 'mse', 'scheduler': 'cosine', 'gradient_clip': 5.0}}",8.0,82278.97545868861,COMPLETE
138,28251.072800248003,2026-08-17 17:31:20.451498,2026-08-17 17:31:28.087645,0 days 00:00:07.636147,tanh,False,False,16,0.04949598619221095,onehot,True,3,0.014413485396086051,mse,2.0,0.5898627896310612,sgd,standard,cosine,log1p,1.2368009346670672e-06,32,128.0,64.0,,False,"{'name': 'T138', 'preprocess': {'numeric_only': False, 'scaler': 'standard', 'encoding': 'onehot', 'feature_engineering': True, 'add_log_features': False, 'winsorize': False, 'min_frequency': 2, 'target_transform': 'log1p'}, 'model': {'hidden_layers': [32, 128, 64], 'activation': 'tanh', 'dropout': 0.04949598619221095, 'batch_norm': False, 'optimizer': 'sgd', 'learning_rate': 0.014413485396086051, 'weight_decay': 1.2368009346670672e-06, 'momentum': 0.5898627896310612, 'batch_size': 16, 'max_epochs': 200, 'patience': 22, 'min_delta': 1e-05, 'loss': 'mse', 'scheduler': 'cosine', 'gradient_clip': 5.0}}",39.0,7182.0060574376375,COMPLETE
139,28390.0663456099,2026-08-17 17:31:28.098661,2026-08-17 17:31:30.138239,0 days 00:00:02.039578,tanh,False,False,128,0.2259142678506052,onehot,True,1,0.00829741084296398,mse,2.0,0.5175593284044732,adamw,standard,cosine,log1p,3.6260944573366144e-07,512,,,,False,"{'name': 'T139', 'preprocess': {'numeric_only': False, 'scaler': 'standard', 'encoding': 'onehot', 'feature_engineering': True, 'add_log_features': False, 'winsorize': False, 'min_frequency': 2, 'target_transform': 'log1p'}, 'model': {'hidden_layers': [512], 'activation': 'tanh', 'dropout': 0.2259142678506052, 'batch_norm': False, 'optimizer': 'adamw', 'learning_rate': 0.00829741084296398, 'weight_decay': 3.6260944573366144e-07, 'momentum': 0.5175593284044732, 'batch_size': 128, 'max_epochs': 200, 'patience': 22, 'min_delta': 1e-05, 'loss': 'mse', 'scheduler': 'cosine', 'gradient_clip': 5.0}}",17.0,9324.064203907157,COMPLETE
140,30968.575234177082,2026-08-17 17:31:30.154946,2026-08-17 17:31:37.157627,0 days 00:00:07.002681,tanh,False,False,16,0.035672805834664034,onehot,False,1,0.0003386395015458524,mse,5.0,0.6108457576830041,adamw,standard,cosine,log1p,1.4151454635547858e-07,512,,,,False,"{'name': 'T140', 'preprocess': {'numeric_only': False, 'scaler': 'standard', 'encoding': 'onehot', 'feature_engineering': False, 'add_log_features': False, 'winsorize': False, 'min_frequency': 5, 'target_transform': 'log1p'}, 'model': {'hidden_layers': [512], 'activation': 'tanh', 'dropout': 0.035672805834664034, 'batch_norm': False, 'optimizer': 'adamw', 'learning_rate': 0.0003386395015458524, 'weight_decay': 1.4151454635547858e-07, 'momentum': 0.6108457576830041, 'batch_size': 16, 'max_epochs': 200, 'patience': 22, 'min_delta': 1e-05, 'loss': 'mse', 'scheduler': 'cosine', 'gradient_clip': 5.0}}",12.0,14708.020105012367,COMPLETE
141,45576.43332625527,2026-08-17 17:31:37.174291,2026-08-17 17:31:39.963125,0 days 00:00:02.788834,tanh,False,False,32,0.007781823055666923,ordinal,True,2,0.0282879323085727,mse,,0.6687962618386061,rmsprop,standard,cosine,log1p,2.2031606206286547e-07,64,128.0,,,False,"{'name': 'T141', 'preprocess': {'numeric_only': False, 'scaler': 'standard', 'encoding': 'ordinal', 'feature_engineering': True, 'add_log_features': False, 'winsorize': False, 'min_frequency': None, 'target_transform': 'log1p'}, 'model': {'hidden_layers': [64, 128], 'activation': 'tanh', 'dropout': 0.007781823055666923, 'batch_norm': False, 'optimizer': 'rmsprop', 'learning_rate': 0.0282879323085727, 'weight_decay': 2.2031606206286547e-07, 'momentum': 0.6687962618386061, 'batch_size': 32, 'max_epochs': 200, 'patience': 22, 'min_delta': 1e-05, 'loss': 'mse', 'scheduler': 'cosine', 'gradient_clip': 5.0}}",,,PRUNED
142,39545.490422246185,2026-08-17 17:31:39.979859,2026-08-17 17:31:43.657370,0 days 00:00:03.677511,silu,False,False,32,0.008478775668578728,onehot,True,2,0.002326307507959018,mse,2.0,0.5102190575679154,adam,standard,cosine,log1p,1.4947564031190604e-06,512,128.0,,,False,"{'name': 'T142', 'preprocess': {'numeric_only': False, 'scaler': 'standard', 'encoding': 'onehot', 'feature_engineering': True, 'add_log_features': False, 'winsorize': False, 'min_frequency': 2, 'target_transform': 'log1p'}, 'model': {'hidden_layers': [512, 128], 'activation': 'silu', 'dropout': 0.008478775668578728, 'batch_norm': False, 'optimizer': 'adam', 'learning_rate': 0.002326307507959018, 'weight_decay': 1.4947564031190604e-06, 'momentum': 0.5102190575679154, 'batch_size': 32, 'max_epochs': 200, 'patience': 22, 'min_delta': 1e-05, 'loss': 'mse', 'scheduler': 'cosine', 'gradient_clip': 5.0}}",11.0,29075.775325537994,COMPLETE
143,28123.82579938074,2026-08-17 17:31:43.663067,2026-08-17 17:31:50.245321,0 days 00:00:06.582254,tanh,False,False,16,0.014686030153308965,onehot,True,2,0.0009942512349836248,mse,2.0,0.687652664074552,adamw,standard,cosine,log1p,2.377131353038638e-06,512,128.0,,,False,"{'name': 'T143', 'preprocess': {'numeric_only': False, 'scaler': 'standard', 'encoding': 'onehot', 'feature_engineering': True, 'add_log_features': False, 'winsorize': False, 'min_frequency': 2, 'target_transform': 'log1p'}, 'model': {'hidden_layers': [512, 128], 'activation': 'tanh', 'dropout': 0.014686030153308965, 'batch_norm': False, 'optimizer': 'adamw', 'learning_rate': 0.0009942512349836248, 'weight_decay': 2.377131353038638e-06, 'momentum': 0.687652664074552, 'batch_size': 16, 'max_epochs': 200, 'patience': 22, 'min_delta': 1e-05, 'loss': 'mse', 'scheduler': 'cosine', 'gradient_clip': 5.0}}",6.0,10641.076468968922,COMPLETE
144,27725.646135453688,2026-08-17 17:31:50.255132,2026-08-17 17:31:52.925309,0 days 00:00:02.670177,tanh,False,False,64,0.12023791180066974,onehot,False,1,0.0032153243563836933,mse,2.0,0.6374202049821683,adam,standard,cosine,log1p,3.4702073261079403e-07,512,,,,True,"{'name': 'T144', 'preprocess': {'numeric_only': False, 'scaler': 'standard', 'encoding': 'onehot', 'feature_engineering': False, 'add_log_features': False, 'winsorize': True, 'min_frequency': 2, 'target_transform': 'log1p'}, 'model': {'hidden_layers': [512], 'activation': 'tanh', 'dropout': 0.12023791180066974, 'batch_norm': False, 'optimizer': 'adam', 'learning_rate': 0.0032153243563836933, 'weight_decay': 3.4702073261079403e-07, 'momentum': 0.6374202049821683, 'batch_size': 64, 'max_epochs': 200, 'patience': 22, 'min_delta': 1e-05, 'loss': 'mse', 'scheduler': 'cosine', 'gradient_clip': 5.0}}",26.0,9182.920536092251,COMPLETE
145,26874.09024492272,2026-08-17 17:31:52.936765,2026-08-17 17:32:03.829509,0 days 00:00:10.892744,tanh,False,True,16,0.22202652092431913,onehot,False,1,0.016206671990643948,mse,2.0,0.5966856106911831,adamw,robust,cosine,log1p,1.0427457090703517e-06,512,,,,False,"{'name': 'T145', 'preprocess': {'numeric_only': False, 'scaler': 'robust', 'encoding': 'onehot', 'feature_engineering': False, 'add_log_features': False, 'winsorize': False, 'min_frequency': 2, 'target_transform': 'log1p'}, 'model': {'hidden_layers': [512], 'activation': 'tanh', 'dropout': 0.22202652092431913, 'batch_norm': True, 'optimizer': 'adamw', 'learning_rate': 0.016206671990643948, 'weight_decay': 1.0427457090703517e-06, 'momentum': 0.5966856106911831, 'batch_size': 16, 'max_epochs': 200, 'patience': 22, 'min_delta': 1e-05, 'loss': 'mse', 'scheduler': 'cosine', 'gradient_clip': 5.0}}",,,PRUNED
146,36084.66051550948,2026-08-17 17:32:03.842572,2026-08-17 17:32:06.303690,0 days 00:00:02.461118,leaky_relu,False,False,64,0.11211002807409902,onehot,True,3,0.011247589251186673,mse,2.0,0.571989892732948,adamw,standard,plateau,log1p,1.0973924658543642e-06,512,128.0,64.0,,False,"{'name': 'T146', 'preprocess': {'numeric_only': False, 'scaler': 'standard', 'encoding': 'onehot', 'feature_engineering': True, 'add_log_features': False, 'winsorize': False, 'min_frequency': 2, 'target_transform': 'log1p'}, 'model': {'hidden_layers': [512, 128, 64], 'activation': 'leaky_relu', 'dropout': 0.11211002807409902, 'batch_norm': False, 'optimizer': 'adamw', 'learning_rate': 0.011247589251186673, 'weight_decay': 1.0973924658543642e-06, 'momentum': 0.571989892732948, 'batch_size': 64, 'max_epochs': 200, 'patience': 22, 'min_delta': 1e-05, 'loss': 'mse', 'scheduler': 'plateau', 'gradient_clip': 5.0}}",5.0,25321.760516718066,COMPLETE
147,43490.04557792224,2026-08-17 17:32:06.315128,2026-08-17 17:32:08.396274,0 days 00:00:02.081146,tanh,False,False,64,0.018656101728600924,onehot,True,3,0.019458289380032683,mse,2.0,0.6585261461418114,rmsprop,standard,plateau,log1p,1.927523183849669e-07,512,128.0,64.0,,True,"{'name': 'T147', 'preprocess': {'numeric_only': False, 'scaler': 'standard', 'encoding': 'onehot', 'feature_engineering': True, 'add_log_features': False, 'winsorize': True, 'min_frequency': 2, 'target_transform': 'log1p'}, 'model': {'hidden_layers': [512, 128, 64], 'activation': 'tanh', 'dropout': 0.018656101728600924, 'batch_norm': False, 'optimizer': 'rmsprop', 'learning_rate': 0.019458289380032683, 'weight_decay': 1.927523183849669e-07, 'momentum': 0.6585261461418114, 'batch_size': 64, 'max_epochs': 200, 'patience': 22, 'min_delta': 1e-05, 'loss': 'mse', 'scheduler': 'plateau', 'gradient_clip': 5.0}}",,,PRUNED
148,48657.742558494814,2026-08-17 17:32:08.413183,2026-08-17 17:32:12.277367,0 days 00:00:03.864184,gelu,False,False,64,0.11246531806844337,ordinal,False,3,0.005566281190902248,mse,5.0,0.5382414745741204,adamw,standard,plateau,log1p,6.895153883987203e-06,256,128.0,64.0,,False,"{'name': 'T148', 'preprocess': {'numeric_only': False, 'scaler': 'standard', 'encoding': 'ordinal', 'feature_engineering': False, 'add_log_features': False, 'winsorize': False, 'min_frequency': 5, 'target_transform': 'log1p'}, 'model': {'hidden_layers': [256, 128, 64], 'activation': 'gelu', 'dropout': 0.11246531806844337, 'batch_norm': False, 'optimizer': 'adamw', 'learning_rate': 0.005566281190902248, 'weight_decay': 6.895153883987203e-06, 'momentum': 0.5382414745741204, 'batch_size': 64, 'max_epochs': 200, 'patience': 22, 'min_delta': 1e-05, 'loss': 'mse', 'scheduler': 'plateau', 'gradient_clip': 5.0}}",32.0,46218.077032415305,COMPLETE
149,27515.28140830659,2026-08-17 17:32:12.289137,2026-08-17 17:32:17.187679,0 days 00:00:04.898542,tanh,False,False,16,0.0577518193000692,onehot,False,2,0.005699948865518998,mse,2.0,0.5370057979706789,adamw,standard,cosine,standard,5.07561222680397e-07,32,128.0,,,False,"{'name': 'T149', 'preprocess': {'numeric_only': False, 'scaler': 'standard', 'encoding': 'onehot', 'feature_engineering': False, 'add_log_features': False, 'winsorize': False, 'min_frequency': 2, 'target_transform': 'standard'}, 'model': {'hidden_layers': [32, 128], 'activation': 'tanh', 'dropout': 0.0577518193000692, 'batch_norm': False, 'optimizer': 'adamw', 'learning_rate': 0.005699948865518998, 'weight_decay': 5.07561222680397e-07, 'momentum': 0.5370057979706789, 'batch_size': 16, 'max_epochs': 200, 'patience': 22, 'min_delta': 1e-05, 'loss': 'mse', 'scheduler': 'cosine', 'gradient_clip': 5.0}}",21.0,8009.269131362546,COMPLETE
150,29689.121007287107,2026-08-17 17:32:17.200539,2026-08-17 17:32:19.826724,0 days 00:00:02.626185,tanh,False,False,64,0.02903374290031402,onehot,True,1,0.003492285549098031,mse,,0.62799157308454,adamw,standard,plateau,log1p,2.7520632977313733e-07,512,,,,False,"{'name': 'T150', 'preprocess': {'numeric_only': False, 'scaler': 'standard', 'encoding': 'onehot', 'feature_engineering': True, 'add_log_features': False, 'winsorize': False, 'min_frequency': None, 'target_transform': 'log1p'}, 'model': {'hidden_layers': [512], 'activation': 'tanh', 'dropout': 0.02903374290031402, 'batch_norm': False, 'optimizer': 'adamw', 'learning_rate': 0.003492285549098031, 'weight_decay': 2.7520632977313733e-07, 'momentum': 0.62799157308454, 'batch_size': 64, 'max_epochs': 200, 'patience': 22, 'min_delta': 1e-05, 'loss': 'mse', 'scheduler': 'plateau', 'gradient_clip': 5.0}}",17.0,12268.778328847999,COMPLETE
151,26713.901982628537,2026-08-17 17:32:19.836758,2026-08-17 17:32:23.654289,0 days 00:00:03.817531,tanh,False,False,32,0.030050490916739614,onehot,True,2,0.01501817108538678,smooth_l1,,0.7356910031726017,adamw,standard,cosine,log1p,5.6741986846666e-07,64,64.0,,,False,"{'name': 'T151', 'preprocess': {'numeric_only': False, 'scaler': 'standard', 'encoding': 'onehot', 'feature_engineering': True, 'add_log_features': False, 'winsorize': False, 'min_frequency': None, 'target_transform': 'log1p'}, 'model': {'hidden_layers': [64, 64], 'activation': 'tanh', 'dropout': 0.030050490916739614, 'batch_norm': False, 'optimizer': 'adamw', 'learning_rate': 0.01501817108538678, 'weight_decay': 5.6741986846666e-07, 'momentum': 0.7356910031726017, 'batch_size': 32, 'max_epochs': 200, 'patience': 22, 'min_delta': 1e-05, 'loss': 'smooth_l1', 'scheduler': 'cosine', 'gradient_clip': 5.0}}",27.0,7488.976855134571,COMPLETE
152,27194.69779929651,2026-08-17 17:32:23.667435,2026-08-17 17:32:27.283180,0 days 00:00:03.615745,tanh,False,False,32,0.07018562943049653,onehot,False,2,0.003154849458273558,mse,,0.7929664883597727,adamw,standard,cosine,log1p,2.7829144729330225e-06,64,64.0,,,False,"{'name': 'T152', 'preprocess': {'numeric_only': False, 'scaler': 'standard', 'encoding': 'onehot', 'feature_engineering': False, 'add_log_features': False, 'winsorize': False, 'min_frequency': None, 'target_transform': 'log1p'}, 'model': {'hidden_layers': [64, 64], 'activation': 'tanh', 'dropout': 0.07018562943049653, 'batch_norm': False, 'optimizer': 'adamw', 'learning_rate': 0.003154849458273558, 'weight_decay': 2.7829144729330225e-06, 'momentum': 0.7929664883597727, 'batch_size': 32, 'max_epochs': 200, 'patience': 22, 'min_delta': 1e-05, 'loss': 'mse', 'scheduler': 'cosine', 'gradient_clip': 5.0}}",21.0,6453.78347334057,COMPLETE
153,25792.067079934106,2026-08-17 17:32:27.292274,2026-08-17 17:32:30.911253,0 days 00:00:03.618979,tanh,False,False,64,0.0109477269070576,onehot,True,3,0.005059775442034816,smooth_l1,,0.7679761196327279,adamw,standard,cosine,log1p,4.852228998031377e-07,512,64.0,128.0,,False,"{'name': 'T153', 'preprocess': {'numeric_only': False, 'scaler': 'standard', 'encoding': 'onehot', 'feature_engineering': True, 'add_log_features': False, 'winsorize': False, 'min_frequency': None, 'target_transform': 'log1p'}, 'model': {'hidden_layers': [512, 64, 128], 'activation': 'tanh', 'dropout': 0.0109477269070576, 'batch_norm': False, 'optimizer': 'adamw', 'learning_rate': 0.005059775442034816, 'weight_decay': 4.852228998031377e-07, 'momentum': 0.7679761196327279, 'batch_size': 64, 'max_epochs': 200, 'patience': 22, 'min_delta': 1e-05, 'loss': 'smooth_l1', 'scheduler': 'cosine', 'gradient_clip': 5.0}}",20.0,7805.534797920352,COMPLETE
154,25971.851216553026,2026-08-17 17:32:30.920768,2026-08-17 17:32:35.017019,0 days 00:00:04.096251,tanh,False,False,32,0.009208554347851972,onehot,True,2,0.007701666036052553,smooth_l1,5.0,0.8400360226414482,adamw,standard,cosine,standard,2.326458873376576e-06,128,64.0,,,False,"{'name': 'T154', 'preprocess': {'numeric_only': False, 'scaler': 'standard', 'encoding': 'onehot', 'feature_engineering': True, 'add_log_features': False, 'winsorize': False, 'min_frequency': 5, 'target_transform': 'standard'}, 'model': {'hidden_layers': [128, 64], 'activation': 'tanh', 'dropout': 0.009208554347851972, 'batch_norm': False, 'optimizer': 'adamw', 'learning_rate': 0.007701666036052553, 'weight_decay': 2.326458873376576e-06, 'momentum': 0.8400360226414482, 'batch_size': 32, 'max_epochs': 200, 'patience': 22, 'min_delta': 1e-05, 'loss': 'smooth_l1', 'scheduler': 'cosine', 'gradient_clip': 5.0}}",31.0,6769.026368686247,COMPLETE
155,26458.684140008205,2026-08-17 17:32:35.024025,2026-08-17 17:32:38.636354,0 days 00:00:03.612329,tanh,False,False,32,0.00531106981728827,onehot,True,2,0.007996997683703504,smooth_l1,5.0,0.8401361698679547,adam,standard,cosine,standard,1.2691330779810567e-06,128,64.0,,,False,"{'name': 'T155', 'preprocess': {'numeric_only': False, 'scaler': 'standard', 'encoding': 'onehot', 'feature_engineering': True, 'add_log_features': False, 'winsorize': False, 'min_frequency': 5, 'target_transform': 'standard'}, 'model': {'hidden_layers': [128, 64], 'activation': 'tanh', 'dropout': 0.00531106981728827, 'batch_norm': False, 'optimizer': 'adam', 'learning_rate': 0.007996997683703504, 'weight_decay': 1.2691330779810567e-06, 'momentum': 0.8401361698679547, 'batch_size': 32, 'max_epochs': 200, 'patience': 22, 'min_delta': 1e-05, 'loss': 'smooth_l1', 'scheduler': 'cosine', 'gradient_clip': 5.0}}",28.0,6714.817770766595,COMPLETE
156,30762.955997617737,2026-08-17 17:32:38.645651,2026-08-17 17:32:42.329059,0 days 00:00:03.683408,tanh,False,False,16,0.05428625968106006,onehot,True,2,0.009353752534253518,smooth_l1,5.0,0.8061372651047538,rmsprop,standard,cosine,standard,3.111090838926508e-05,128,64.0,,,False,"{'name': 'T156', 'preprocess': {'numeric_only': False, 'scaler': 'standard', 'encoding': 'onehot', 'feature_engineering': True, 'add_log_features': False, 'winsorize': False, 'min_frequency': 5, 'target_transform': 'standard'}, 'model': {'hidden_layers': [128, 64], 'activation': 'tanh', 'dropout': 0.05428625968106006, 'batch_norm': False, 'optimizer': 'rmsprop', 'learning_rate': 0.009353752534253518, 'weight_decay': 3.111090838926508e-05, 'momentum': 0.8061372651047538, 'batch_size': 16, 'max_epochs': 200, 'patience': 22, 'min_delta': 1e-05, 'loss': 'smooth_l1', 'scheduler': 'cosine', 'gradient_clip': 5.0}}",,,PRUNED
157,50145.99529171625,2026-08-17 17:32:42.348305,2026-08-17 17:32:45.698569,0 days 00:00:03.350264,leaky_relu,False,False,64,0.07467005384111171,onehot,True,3,0.0014200474828993152,smooth_l1,,0.778014351248582,adamw,standard,cosine,log1p,1.8504538236723807e-05,512,64.0,64.0,,False,"{'name': 'T157', 'preprocess': {'numeric_only': False, 'scaler': 'standard', 'encoding': 'onehot', 'feature_engineering': True, 'add_log_features': False, 'winsorize': False, 'min_frequency': None, 'target_transform': 'log1p'}, 'model': {'hidden_layers': [512, 64, 64], 'activation': 'leaky_relu', 'dropout': 0.07467005384111171, 'batch_norm': False, 'optimizer': 'adamw', 'learning_rate': 0.0014200474828993152, 'weight_decay': 1.8504538236723807e-05, 'momentum': 0.778014351248582, 'batch_size': 64, 'max_epochs': 200, 'patience': 22, 'min_delta': 1e-05, 'loss': 'smooth_l1', 'scheduler': 'cosine', 'gradient_clip': 5.0}}",22.0,51803.85936577394,COMPLETE
158,25196.13293693611,2026-08-17 17:32:45.712307,2026-08-17 17:32:49.112269,0 days 00:00:03.399962,tanh,False,False,32,0.060477967297623766,onehot,True,3,0.00858716328279012,smooth_l1,,0.8937189400228447,adam,standard,cosine,standard,1.324656427302931e-07,128,64.0,32.0,,False,"{'name': 'T158', 'preprocess': {'numeric_only': False, 'scaler': 'standard', 'encoding': 'onehot', 'feature_engineering': True, 'add_log_features': False, 'winsorize': False, 'min_frequency': None, 'target_transform': 'standard'}, 'model': {'hidden_layers': [128, 64, 32], 'activation': 'tanh', 'dropout': 0.060477967297623766, 'batch_norm': False, 'optimizer': 'adam', 'learning_rate': 0.00858716328279012, 'weight_decay': 1.324656427302931e-07, 'momentum': 0.8937189400228447, 'batch_size': 32, 'max_epochs': 200, 'patience': 22, 'min_delta': 1e-05, 'loss': 'smooth_l1', 'scheduler': 'cosine', 'gradient_clip': 5.0}}",,,PRUNED
159,24213.317362978443,2026-08-17 17:32:49.137395,2026-08-17 17:32:51.370501,0 days 00:00:02.233106,tanh,False,False,32,0.11968980497998945,onehot,True,2,0.015168402380382627,smooth_l1,,0.7803455730122802,adamw,standard,cosine,log1p,6.726414272860714e-06,64,64.0,,,False,"{'name': 'T159', 'preprocess': {'numeric_only': False, 'scaler': 'standard', 'encoding': 'onehot', 'feature_engineering': True, 'add_log_features': False, 'winsorize': False, 'min_frequency': None, 'target_transform': 'log1p'}, 'model': {'hidden_layers': [64, 64], 'activation': 'tanh', 'dropout': 0.11968980497998945, 'batch_norm': False, 'optimizer': 'adamw', 'learning_rate': 0.015168402380382627, 'weight_decay': 6.726414272860714e-06, 'momentum': 0.7803455730122802, 'batch_size': 32, 'max_epochs': 200, 'patience': 22, 'min_delta': 1e-05, 'loss': 'smooth_l1', 'scheduler': 'cosine', 'gradient_clip': 5.0}}",,,PRUNED
160,26850.735139597364,2026-08-17 17:32:51.387248,2026-08-17 17:32:56.495443,0 days 00:00:05.108195,tanh,False,False,32,0.09789349082418153,onehot,True,2,0.014792295604980093,smooth_l1,5.0,0.8740201091324487,adamw,standard,cosine,standard,3.396916980581697e-06,512,64.0,,,False,"{'name': 'T160', 'preprocess': {'numeric_only': False, 'scaler': 'standard', 'encoding': 'onehot', 'feature_engineering': True, 'add_log_features': False, 'winsorize': False, 'min_frequency': 5, 'target_transform': 'standard'}, 'model': {'hidden_layers': [512, 64], 'activation': 'tanh', 'dropout': 0.09789349082418153, 'batch_norm': False, 'optimizer': 'adamw', 'learning_rate': 0.014792295604980093, 'weight_decay': 3.396916980581697e-06, 'momentum': 0.8740201091324487, 'batch_size': 32, 'max_epochs': 200, 'patience': 22, 'min_delta': 1e-05, 'loss': 'smooth_l1', 'scheduler': 'cosine', 'gradient_clip': 5.0}}",15.0,4993.397228838292,COMPLETE
161,50355.648790720385,2026-08-17 17:32:56.503795,2026-08-17 17:32:58.387082,0 days 00:00:01.883287,leaky_relu,False,False,32,0.02721087097638293,onehot,False,1,0.00243392541815424,smooth_l1,5.0,0.7983309047762611,adamw,standard,cosine,log1p,3.6062363566193874e-07,128,,,,False,"{'name': 'T161', 'preprocess': {'numeric_only': False, 'scaler': 'standard', 'encoding': 'onehot', 'feature_engineering': False, 'add_log_features': False, 'winsorize': False, 'min_frequency': 5, 'target_transform': 'log1p'}, 'model': {'hidden_layers': [128], 'activation': 'leaky_relu', 'dropout': 0.02721087097638293, 'batch_norm': False, 'optimizer': 'adamw', 'learning_rate': 0.00243392541815424, 'weight_decay': 3.6062363566193874e-07, 'momentum': 0.7983309047762611, 'batch_size': 32, 'max_epochs': 200, 'patience': 22, 'min_delta': 1e-05, 'loss': 'smooth_l1', 'scheduler': 'cosine', 'gradient_clip': 5.0}}",3.0,49897.98576647334,COMPLETE
162,23973.961487149438,2026-08-17 17:32:58.395424,2026-08-17 17:33:00.528729,0 days 00:00:02.133305,tanh,False,False,32,0.04107850123751122,ordinal,True,1,0.02817348068264326,smooth_l1,5.0,0.84830677644588,sgd,standard,cosine,standard,2.305283221352169e-07,128,,,,False,"{'name': 'T162', 'preprocess': {'numeric_only': False, 'scaler': 'standard', 'encoding': 'ordinal', 'feature_engineering': True, 'add_log_features': False, 'winsorize': False, 'min_frequency': 5, 'target_transform': 'standard'}, 'model': {'hidden_layers': [128], 'activation': 'tanh', 'dropout': 0.04107850123751122, 'batch_norm': False, 'optimizer': 'sgd', 'learning_rate': 0.02817348068264326, 'weight_decay': 2.305283221352169e-07, 'momentum': 0.84830677644588, 'batch_size': 32, 'max_epochs': 200, 'patience': 22, 'min_delta': 1e-05, 'loss': 'smooth_l1', 'scheduler': 'cosine', 'gradient_clip': 5.0}}",,,PRUNED
163,24265.532253198835,2026-08-17 17:33:00.538712,2026-08-17 17:33:02.553751,0 days 00:00:02.015039,tanh,False,False,32,0.19240563151986556,onehot,True,1,0.013062165741463615,smooth_l1,5.0,0.7995761016920505,adamw,standard,cosine,standard,3.357937795347716e-07,256,,,,False,"{'name': 'T163', 'preprocess': {'numeric_only': False, 'scaler': 'standard', 'encoding': 'onehot', 'feature_engineering': True, 'add_log_features': False, 'winsorize': False, 'min_frequency': 5, 'target_transform': 'standard'}, 'model': {'hidden_layers': [256], 'activation': 'tanh', 'dropout': 0.19240563151986556, 'batch_norm': False, 'optimizer': 'adamw', 'learning_rate': 0.013062165741463615, 'weight_decay': 3.357937795347716e-07, 'momentum': 0.7995761016920505, 'batch_size': 32, 'max_epochs': 200, 'patience': 22, 'min_delta': 1e-05, 'loss': 'smooth_l1', 'scheduler': 'cosine', 'gradient_clip': 5.0}}",,,PRUNED
164,34143.744423608034,2026-08-17 17:33:02.570379,2026-08-17 17:33:07.287188,0 days 00:00:04.716809,tanh,False,False,16,0.09863862885144978,ordinal,False,3,0.016210488451355802,mse,2.0,0.5242986559581441,adam,standard,cosine,log1p,2.191625911155852e-07,256,64.0,512.0,,False,"{'name': 'T164', 'preprocess': {'numeric_only': False, 'scaler': 'standard', 'encoding': 'ordinal', 'feature_engineering': False, 'add_log_features': False, 'winsorize': False, 'min_frequency': 2, 'target_transform': 'log1p'}, 'model': {'hidden_layers': [256, 64, 512], 'activation': 'tanh', 'dropout': 0.09863862885144978, 'batch_norm': False, 'optimizer': 'adam', 'learning_rate': 0.016210488451355802, 'weight_decay': 2.191625911155852e-07, 'momentum': 0.5242986559581441, 'batch_size': 16, 'max_epochs': 200, 'patience': 22, 'min_delta': 1e-05, 'loss': 'mse', 'scheduler': 'cosine', 'gradient_clip': 5.0}}",,,PRUNED
165,24537.572536721906,2026-08-17 17:33:07.303669,2026-08-17 17:33:10.020291,0 days 00:00:02.716622,tanh,False,False,64,0.10982968890853834,onehot,True,2,0.0029475195672818825,smooth_l1,2.0,0.8634411037218528,adamw,standard,cosine,standard,3.383798916477577e-05,512,64.0,,,False,"{'name': 'T165', 'preprocess': {'numeric_only': False, 'scaler': 'standard', 'encoding': 'onehot', 'feature_engineering': True, 'add_log_features': False, 'winsorize': False, 'min_frequency': 2, 'target_transform': 'standard'}, 'model': {'hidden_layers': [512, 64], 'activation': 'tanh', 'dropout': 0.10982968890853834, 'batch_norm': False, 'optimizer': 'adamw', 'learning_rate': 0.0029475195672818825, 'weight_decay': 3.383798916477577e-05, 'momentum': 0.8634411037218528, 'batch_size': 64, 'max_epochs': 200, 'patience': 22, 'min_delta': 1e-05, 'loss': 'smooth_l1', 'scheduler': 'cosine', 'gradient_clip': 5.0}}",,,PRUNED
166,27600.571439132866,2026-08-17 17:33:10.029350,2026-08-17 17:33:14.353906,0 days 00:00:04.324556,tanh,False,True,32,0.0023857050436343064,onehot,False,2,0.006927192408001756,smooth_l1,5.0,0.860550001560099,adamw,standard,cosine,standard,1.5381035382945343e-05,512,64.0,,,False,"{'name': 'T166', 'preprocess': {'numeric_only': False, 'scaler': 'standard', 'encoding': 'onehot', 'feature_engineering': False, 'add_log_features': False, 'winsorize': False, 'min_frequency': 5, 'target_transform': 'standard'}, 'model': {'hidden_layers': [512, 64], 'activation': 'tanh', 'dropout': 0.0023857050436343064, 'batch_norm': True, 'optimizer': 'adamw', 'learning_rate': 0.006927192408001756, 'weight_decay': 1.5381035382945343e-05, 'momentum': 0.860550001560099, 'batch_size': 32, 'max_epochs': 200, 'patience': 22, 'min_delta': 1e-05, 'loss': 'smooth_l1', 'scheduler': 'cosine', 'gradient_clip': 5.0}}",,,PRUNED
167,24289.325928833896,2026-08-17 17:33:14.378810,2026-08-17 17:33:22.468365,0 days 00:00:08.089555,tanh,False,False,64,0.10787226447199252,onehot,True,3,0.012202762255915808,smooth_l1,,0.7247399588930787,sgd,standard,cosine,log1p,1.9260829054157723e-06,512,64.0,64.0,,True,"{'name': 'T167', 'preprocess': {'numeric_only': False, 'scaler': 'standard', 'encoding': 'onehot', 'feature_engineering': True, 'add_log_features': False, 'winsorize': True, 'min_frequency': None, 'target_transform': 'log1p'}, 'model': {'hidden_layers': [512, 64, 64], 'activation': 'tanh', 'dropout': 0.10787226447199252, 'batch_norm': False, 'optimizer': 'sgd', 'learning_rate': 0.012202762255915808, 'weight_decay': 1.9260829054157723e-06, 'momentum': 0.7247399588930787, 'batch_size': 64, 'max_epochs': 200, 'patience': 22, 'min_delta': 1e-05, 'loss': 'smooth_l1', 'scheduler': 'cosine', 'gradient_clip': 5.0}}",,,PRUNED
168,28642.93086072141,2026-08-17 17:33:22.481042,2026-08-17 17:33:29.908013,0 days 00:00:07.426971,tanh,False,False,64,0.14321617547427734,onehot,True,2,0.003749511055483154,smooth_l1,,0.9142542090071956,adamw,robust,cosine,log1p,3.520403425678098e-07,512,64.0,,,False,"{'name': 'T168', 'preprocess': {'numeric_only': False, 'scaler': 'robust', 'encoding': 'onehot', 'feature_engineering': True, 'add_log_features': False, 'winsorize': False, 'min_frequency': None, 'target_transform': 'log1p'}, 'model': {'hidden_layers': [512, 64], 'activation': 'tanh', 'dropout': 0.14321617547427734, 'batch_norm': False, 'optimizer': 'adamw', 'learning_rate': 0.003749511055483154, 'weight_decay': 3.520403425678098e-07, 'momentum': 0.9142542090071956, 'batch_size': 64, 'max_epochs': 200, 'patience': 22, 'min_delta': 1e-05, 'loss': 'smooth_l1', 'scheduler': 'cosine', 'gradient_clip': 5.0}}",,,PRUNED
169,26303.98129536367,2026-08-17 17:33:29.931794,2026-08-17 17:33:34.992545,0 days 00:00:05.060751,tanh,False,False,32,0.0017224007782150113,onehot,True,2,0.008453540975373588,smooth_l1,5.0,0.7013795499364197,adamw,standard,cosine,standard,1.8704203108259657e-06,128,64.0,,,False,"{'name': 'T169', 'preprocess': {'numeric_only': False, 'scaler': 'standard', 'encoding': 'onehot', 'feature_engineering': True, 'add_log_features': False, 'winsorize': False, 'min_frequency': 5, 'target_transform': 'standard'}, 'model': {'hidden_layers': [128, 64], 'activation': 'tanh', 'dropout': 0.0017224007782150113, 'batch_norm': False, 'optimizer': 'adamw', 'learning_rate': 0.008453540975373588, 'weight_decay': 1.8704203108259657e-06, 'momentum': 0.7013795499364197, 'batch_size': 32, 'max_epochs': 200, 'patience': 22, 'min_delta': 1e-05, 'loss': 'smooth_l1', 'scheduler': 'cosine', 'gradient_clip': 5.0}}",29.0,6281.191994373513,COMPLETE
170,27491.183605595066,2026-08-17 17:33:35.007113,2026-08-17 17:33:41.822612,0 days 00:00:06.815499,tanh,False,False,64,0.14408314887499674,onehot,True,3,0.01860749763,smooth_l1,,0.6999687628159426,adamw,standard,none,standard,2.2018994846319508e-07,512,64.0,64.0,,False,"{'name': 'T170', 'preprocess': {'numeric_only': False, 'scaler': 'standard', 'encoding': 'onehot', 'feature_engineering': True, 'add_log_features': False, 'winsorize': False, 'min_frequency': None, 'target_transform': 'standard'}, 'model': {'hidden_layers': [512, 64, 64], 'activation': 'tanh', 'dropout': 0.14408314887499674, 'batch_norm': False, 'optimizer': 'adamw', 'learning_rate': 0.01860749763, 'weight_decay': 2.2018994846319508e-07, 'momentum': 0.6999687628159426, 'batch_size': 64, 'max_epochs': 200, 'patience': 22, 'min_delta': 1e-05, 'loss': 'smooth_l1', 'scheduler': 'none', 'gradient_clip': 5.0}}",37.0,5201.951905298353,COMPLETE
171,25110.115046061896,2026-08-17 17:33:41.833029,2026-08-17 17:33:48.604890,0 days 00:00:06.771861,tanh,False,False,64,0.011519223866763519,onehot,False,4,0.0010246916730815012,smooth_l1,,0.7935815714037167,rmsprop,standard,cosine,log1p,4.792848023650164e-07,512,64.0,128.0,128.0,False,"{'name': 'T171', 'preprocess': {'numeric_only': False, 'scaler': 'standard', 'encoding': 'onehot', 'feature_engineering': False, 'add_log_features': False, 'winsorize': False, 'min_frequency': None, 'target_transform': 'log1p'}, 'model': {'hidden_layers': [512, 64, 128, 128], 'activation': 'tanh', 'dropout': 0.011519223866763519, 'batch_norm': False, 'optimizer': 'rmsprop', 'learning_rate': 0.0010246916730815012, 'weight_decay': 4.792848023650164e-07, 'momentum': 0.7935815714037167, 'batch_size': 64, 'max_epochs': 200, 'patience': 22, 'min_delta': 1e-05, 'loss': 'smooth_l1', 'scheduler': 'cosine', 'gradient_clip': 5.0}}",43.0,7595.196426662248,COMPLETE
172,23666.153687543323,2026-08-17 17:33:48.616221,2026-08-17 17:33:50.778729,0 days 00:00:02.162508,tanh,False,False,64,0.009900139248748135,onehot,True,2,0.0010853267525098346,smooth_l1,5.0,0.7296796360391641,adam,standard,cosine,log1p,1.6503330289787907e-06,128,64.0,,,False,"{'name': 'T172', 'preprocess': {'numeric_only': False, 'scaler': 'standard', 'encoding': 'onehot', 'feature_engineering': True, 'add_log_features': False, 'winsorize': False, 'min_frequency': 5, 'target_transform': 'log1p'}, 'model': {'hidden_layers': [128, 64], 'activation': 'tanh', 'dropout': 0.009900139248748135, 'batch_norm': False, 'optimizer': 'adam', 'learning_rate': 0.0010853267525098346, 'weight_decay': 1.6503330289787907e-06, 'momentum': 0.7296796360391641, 'batch_size': 64, 'max_epochs': 200, 'patience': 22, 'min_delta': 1e-05, 'loss': 'smooth_l1', 'scheduler': 'cosine', 'gradient_clip': 5.0}}",,,PRUNED
173,23350.455317414242,2026-08-17 17:33:50.802884,2026-08-17 17:33:54.751275,0 days 00:00:03.948391,tanh,False,False,64,0.01004185728374052,onehot,False,4,0.00017423633683873093,smooth_l1,,0.8576238040020894,rmsprop,standard,cosine,log1p,9.009245978087452e-06,512,64.0,128.0,128.0,False,"{'name': 'T173', 'preprocess': {'numeric_only': False, 'scaler': 'standard', 'encoding': 'onehot', 'feature_engineering': False, 'add_log_features': False, 'winsorize': False, 'min_frequency': None, 'target_transform': 'log1p'}, 'model': {'hidden_layers': [512, 64, 128, 128], 'activation': 'tanh', 'dropout': 0.01004185728374052, 'batch_norm': False, 'optimizer': 'rmsprop', 'learning_rate': 0.00017423633683873093, 'weight_decay': 9.009245978087452e-06, 'momentum': 0.8576238040020894, 'batch_size': 64, 'max_epochs': 200, 'patience': 22, 'min_delta': 1e-05, 'loss': 'smooth_l1', 'scheduler': 'cosine', 'gradient_clip': 5.0}}",,,PRUNED
174,27478.459037281515,2026-08-17 17:33:54.772743,2026-08-17 17:33:57.169186,0 days 00:00:02.396443,tanh,False,False,128,0.04041238558474598,onehot,True,1,0.007302780651842626,smooth_l1,5.0,0.9339695754923295,adam,standard,cosine,standard,1.8026074609467566e-07,128,,,,False,"{'name': 'T174', 'preprocess': {'numeric_only': False, 'scaler': 'standard', 'encoding': 'onehot', 'feature_engineering': True, 'add_log_features': False, 'winsorize': False, 'min_frequency': 5, 'target_transform': 'standard'}, 'model': {'hidden_layers': [128], 'activation': 'tanh', 'dropout': 0.04041238558474598, 'batch_norm': False, 'optimizer': 'adam', 'learning_rate': 0.007302780651842626, 'weight_decay': 1.8026074609467566e-07, 'momentum': 0.9339695754923295, 'batch_size': 128, 'max_epochs': 200, 'patience': 22, 'min_delta': 1e-05, 'loss': 'smooth_l1', 'scheduler': 'cosine', 'gradient_clip': 5.0}}",14.0,7081.1984461212605,COMPLETE
175,30274.694607296748,2026-08-17 17:33:57.192424,2026-08-17 17:34:04.204117,0 days 00:00:07.011693,tanh,False,False,32,0.08986615753698605,onehot,True,2,0.003352709277091044,smooth_l1,5.0,0.7669977440218166,adamw,robust,cosine,standard,2.244648019663211e-06,128,64.0,,,False,"{'name': 'T175', 'preprocess': {'numeric_only': False, 'scaler': 'robust', 'encoding': 'onehot', 'feature_engineering': True, 'add_log_features': False, 'winsorize': False, 'min_frequency': 5, 'target_transform': 'standard'}, 'model': {'hidden_layers': [128, 64], 'activation': 'tanh', 'dropout': 0.08986615753698605, 'batch_norm': False, 'optimizer': 'adamw', 'learning_rate': 0.003352709277091044, 'weight_decay': 2.244648019663211e-06, 'momentum': 0.7669977440218166, 'batch_size': 32, 'max_epochs': 200, 'patience': 22, 'min_delta': 1e-05, 'loss': 'smooth_l1', 'scheduler': 'cosine', 'gradient_clip': 5.0}}",,,PRUNED
176,23423.952444419905,2026-08-17 17:34:04.217439,2026-08-17 17:34:12.286020,0 days 00:00:08.068581,gelu,False,False,16,0.11304379096276951,onehot,False,3,0.006439167061688769,mse,2.0,0.5237566767471069,adamw,standard,cosine,log1p,1.1126177918192726e-07,512,64.0,128.0,,True,"{'name': 'T176', 'preprocess': {'numeric_only': False, 'scaler': 'standard', 'encoding': 'onehot', 'feature_engineering': False, 'add_log_features': False, 'winsorize': True, 'min_frequency': 2, 'target_transform': 'log1p'}, 'model': {'hidden_layers': [512, 64, 128], 'activation': 'gelu', 'dropout': 0.11304379096276951, 'batch_norm': False, 'optimizer': 'adamw', 'learning_rate': 0.006439167061688769, 'weight_decay': 1.1126177918192726e-07, 'momentum': 0.5237566767471069, 'batch_size': 16, 'max_epochs': 200, 'patience': 22, 'min_delta': 1e-05, 'loss': 'mse', 'scheduler': 'cosine', 'gradient_clip': 5.0}}",,,PRUNED
177,24319.575173530415,2026-08-17 17:34:12.299639,2026-08-17 17:34:14.698705,0 days 00:00:02.399066,tanh,False,False,256,0.2261017742359574,ordinal,True,2,0.0059358647562101265,smooth_l1,,0.7272429835762325,adamw,standard,cosine,log1p,1.634056191302712e-07,512,64.0,,,False,"{'name': 'T177', 'preprocess': {'numeric_only': False, 'scaler': 'standard', 'encoding': 'ordinal', 'feature_engineering': True, 'add_log_features': False, 'winsorize': False, 'min_frequency': None, 'target_transform': 'log1p'}, 'model': {'hidden_layers': [512, 64], 'activation': 'tanh', 'dropout': 0.2261017742359574, 'batch_norm': False, 'optimizer': 'adamw', 'learning_rate': 0.0059358647562101265, 'weight_decay': 1.634056191302712e-07, 'momentum': 0.7272429835762325, 'batch_size': 256, 'max_epochs': 200, 'patience': 22, 'min_delta': 1e-05, 'loss': 'smooth_l1', 'scheduler': 'cosine', 'gradient_clip': 5.0}}",,,PRUNED
178,27720.23634713082,2026-08-17 17:34:14.714273,2026-08-17 17:34:19.129911,0 days 00:00:04.415638,tanh,True,False,64,0.04982251576608007,ordinal,True,4,9.395159581316489e-05,smooth_l1,2.0,0.7927527618498843,rmsprop,standard,none,log1p,3.2291703065311013e-05,256,64.0,128.0,128.0,True,"{'name': 'T178', 'preprocess': {'numeric_only': False, 'scaler': 'standard', 'encoding': 'ordinal', 'feature_engineering': True, 'add_log_features': True, 'winsorize': True, 'min_frequency': 2, 'target_transform': 'log1p'}, 'model': {'hidden_layers': [256, 64, 128, 128], 'activation': 'tanh', 'dropout': 0.04982251576608007, 'batch_norm': False, 'optimizer': 'rmsprop', 'learning_rate': 9.395159581316489e-05, 'weight_decay': 3.2291703065311013e-05, 'momentum': 0.7927527618498843, 'batch_size': 64, 'max_epochs': 200, 'patience': 22, 'min_delta': 1e-05, 'loss': 'smooth_l1', 'scheduler': 'none', 'gradient_clip': 5.0}}",26.0,8146.100604030299,COMPLETE
179,24031.349228003088,2026-08-17 17:34:19.142051,2026-08-17 17:34:22.236180,0 days 00:00:03.094129,tanh,True,False,64,0.098549448645623,ordinal,True,3,0.0025270194722737025,mse,2.0,0.6415380985468786,rmsprop,standard,none,standard,6.314812575368415e-06,64,64.0,128.0,,True,"{'name': 'T179', 'preprocess': {'numeric_only': False, 'scaler': 'standard', 'encoding': 'ordinal', 'feature_engineering': True, 'add_log_features': True, 'winsorize': True, 'min_frequency': 2, 'target_transform': 'standard'}, 'model': {'hidden_layers': [64, 64, 128], 'activation': 'tanh', 'dropout': 0.098549448645623, 'batch_norm': False, 'optimizer': 'rmsprop', 'learning_rate': 0.0025270194722737025, 'weight_decay': 6.314812575368415e-06, 'momentum': 0.6415380985468786, 'batch_size': 64, 'max_epochs': 200, 'patience': 22, 'min_delta': 1e-05, 'loss': 'mse', 'scheduler': 'none', 'gradient_clip': 5.0}}",,,PRUNED
180,30662.690789178727,2026-08-17 17:34:22.252561,2026-08-17 17:34:28.126257,0 days 00:00:05.873696,gelu,False,False,32,0.010187114272727268,onehot,True,3,0.006805339230375388,smooth_l1,5.0,0.7386546634447373,adamw,standard,none,standard,3.5751920479563267e-07,128,64.0,128.0,,False,"{'name': 'T180', 'preprocess': {'numeric_only': False, 'scaler': 'standard', 'encoding': 'onehot', 'feature_engineering': True, 'add_log_features': False, 'winsorize': False, 'min_frequency': 5, 'target_transform': 'standard'}, 'model': {'hidden_layers': [128, 64, 128], 'activation': 'gelu', 'dropout': 0.010187114272727268, 'batch_norm': False, 'optimizer': 'adamw', 'learning_rate': 0.006805339230375388, 'weight_decay': 3.5751920479563267e-07, 'momentum': 0.7386546634447373, 'batch_size': 32, 'max_epochs': 200, 'patience': 22, 'min_delta': 1e-05, 'loss': 'smooth_l1', 'scheduler': 'none', 'gradient_clip': 5.0}}",15.0,16896.119165363703,COMPLETE
181,26042.586900464783,2026-08-17 17:34:28.140259,2026-08-17 17:34:30.900441,0 days 00:00:02.760182,tanh,False,False,64,0.1281462275942973,onehot,False,2,0.017673409411087235,mse,2.0,0.5005006791892291,adamw,standard,cosine,log1p,1.216125556240491e-07,512,64.0,,,False,"{'name': 'T181', 'preprocess': {'numeric_only': False, 'scaler': 'standard', 'encoding': 'onehot', 'feature_engineering': False, 'add_log_features': False, 'winsorize': False, 'min_frequency': 2, 'target_transform': 'log1p'}, 'model': {'hidden_layers': [512, 64], 'activation': 'tanh', 'dropout': 0.1281462275942973, 'batch_norm': False, 'optimizer': 'adamw', 'learning_rate': 0.017673409411087235, 'weight_decay': 1.216125556240491e-07, 'momentum': 0.5005006791892291, 'batch_size': 64, 'max_epochs': 200, 'patience': 22, 'min_delta': 1e-05, 'loss': 'mse', 'scheduler': 'cosine', 'gradient_clip': 5.0}}",,,PRUNED
182,28476.5577946954,2026-08-17 17:34:30.918301,2026-08-17 17:34:38.400702,0 days 00:00:07.482401,silu,True,False,32,0.10143813553047425,onehot,True,2,0.015979384116382323,smooth_l1,5.0,0.8787543894294846,adamw,standard,cosine,standard,5.06940570037014e-06,512,64.0,,,True,"{'name': 'T182', 'preprocess': {'numeric_only': False, 'scaler': 'standard', 'encoding': 'onehot', 'feature_engineering': True, 'add_log_features': True, 'winsorize': True, 'min_frequency': 5, 'target_transform': 'standard'}, 'model': {'hidden_layers': [512, 64], 'activation': 'silu', 'dropout': 0.10143813553047425, 'batch_norm': False, 'optimizer': 'adamw', 'learning_rate': 0.015979384116382323, 'weight_decay': 5.06940570037014e-06, 'momentum': 0.8787543894294846, 'batch_size': 32, 'max_epochs': 200, 'patience': 22, 'min_delta': 1e-05, 'loss': 'smooth_l1', 'scheduler': 'cosine', 'gradient_clip': 5.0}}",25.0,10384.263371815186,COMPLETE
