Id,SalePrice,power_lgb_1,power_lgb_2,power_lgb_3,power_lgb_4,power_lgb_5,power_lgb_6,power_lgb_7,power_lgb_8,power_lgb_9,power_lgb_10,power_lgb_11,power_lgb_12
255,145000.0,143267.79812154645,147331.75018584833,143316.14564126814,146703.47550698902,142939.87999862028,143508.34086764627,147706.2150781952,145044.48091968935,147257.2301252139,147059.82097677607,145657.5000938676,143915.78775036184
1067,178000.0,175912.27576722816,176921.09773005813,177476.1669564181,174529.07556590435,174757.28289249452,174678.7842092287,176320.56495110175,177261.1388968377,176119.1337565127,175794.27159733197,177384.61051664603,174844.56578836896
639,85000.0,89646.52373939227,90002.40005109592,88262.9166420955,89088.77911063004,90519.70421974495,90935.32726003914,90879.36569976484,92372.798499063,91995.3348737525,92911.39762007367,89095.38659771021,90557.280766442
800,175000.0,160946.4475345446,149546.24066156123,157938.64181200348,153550.1136205563,162579.99444271871,157902.39642371528,157316.0460302634,154718.74897464033,150086.02587416387,154618.97554455837,157285.76729035462,163462.41711904912
381,127000.0,139799.68955420013,150132.9000677915,136524.8703701913,143955.15573715663,141971.28430399054,140196.18059751327,143445.6131316487,144149.68495116723,146646.96502145377,146782.5907187505,139483.4875310959,137964.60745806296
304,149900.0,126520.13781208082,129839.61134560744,131127.6940235971,131764.0382248204,132774.1471286405,131297.01026826902,130309.87249836634,130461.75774145614,131245.40468486634,132373.80018832133,132066.53718062796,132943.82941800874
87,174000.0,175991.75687413072,178248.9556276445,175368.701226884,176815.00125745847,171764.09949980446,176152.99941017607,176966.1443364062,174148.24550109365,177867.91792034206,175441.67741823356,176478.27719093877,175096.71981729
1386,125500.0,111342.68547557495,109357.89300219102,113171.44651363023,110726.55068809688,110757.91005816891,112048.12918627501,109155.86931006575,111064.89230901208,107206.83680752534,110540.31963674261,113388.15707621924,112037.61216304405
266,175500.0,177565.7076232801,181542.41361658546,178959.03273263635,182961.00815139755,175590.42390000387,180549.84100249002,181501.2482655,180742.1617594471,182947.97423660735,179325.95969169348,182308.47137240935,181093.72148043272
794,225000.0,238491.80952999415,235277.38066837649,233757.68519806047,234094.77274354894,232926.76804411615,238649.28728992358,231326.18232351125,234980.1703727986,230973.17594013832,229743.1737500476,234623.83060995777,234857.78330887342
1446,129000.0,121663.57217666082,124042.20185134963,125450.44583861827,121326.70133248901,124443.77610339446,123544.36275858687,122076.12484141783,123706.13521872231,123212.99374150403,120190.71594570232,123884.31085351239,124976.57509832816
809,159950.0,144332.85626499797,145390.13127386878,144316.27718311004,146736.98048080236,144209.81663138987,147549.2450280448,145720.9145393873,145656.03900064947,144229.63867326008,148142.013828443,144707.78237245712,145790.1992509214
1100,157000.0,162705.08897770007,175193.33412638024,165939.75014609017,170850.30319231635,165684.64893910944,171598.768103898,171355.6036648929,171373.80082206847,172873.22314303718,175563.68837402257,169469.38600309798,167340.2465626863
606,205000.0,207844.07901210742,207254.9333221907,208678.82102107495,206730.5933260639,200400.49138408812,207903.54746916422,206942.69566085766,204054.29996372538,211710.6070197899,207502.2233527358,207900.949867128,201929.39681852225
702,140000.0,141507.41053668084,143732.63347048184,144017.6434802439,142114.43784128147,140992.2442295245,141824.14136074134,144003.7217702808,141046.97491782444,147158.06347715415,142923.33819024672,142911.5722786395,139848.64717324963
222,200000.0,213424.1484576659,218747.93015152798,207900.14370475078,215198.45778425128,214871.43596274708,213612.84362081887,217286.01523005764,216567.90464847154,215676.39218212874,219072.3489682294,215249.3654751298,214944.31328032783
114,217000.0,236128.31671698083,222060.5859529897,238973.29891143073,236160.45165808135,232166.69003228075,238562.78708390583,230692.38021766683,225889.75184284672,231984.44532229836,231396.736034177,228138.62119509268,228328.33756625786
549,125000.0,121793.72612459087,131515.27373644855,122118.10711415073,126395.02168723936,125040.58190776364,127527.53380913055,126452.80751776199,127649.12576541264,129057.05233083473,128379.13707561081,125427.05749346812,125894.32544218264
1074,159500.0,148346.78291557162,149911.77819610926,153570.55256194327,151865.206159396,149442.1677232667,151545.8903850667,149514.25453606775,148445.6003381223,152095.363554913,148187.11865329792,151572.23314952204,151113.06967175793
175,184000.0,181360.05214144776,187414.8673209701,181297.35286918597,187753.65337295437,177261.50385670172,183675.95037110447,186763.30844093784,178866.8484880144,186223.7503712205,184863.35300023202,183961.40555701774,181561.15944389114
515,96500.0,91350.28071139722,92730.97318486209,84343.05544204733,89437.29411070628,92966.23536734348,88918.28206291544,90568.06272857956,90671.87525333108,90992.600249521,90165.32839694743,88615.32482638274,87443.5480817085
1351,200000.0,186026.61733374954,178670.1530246278,192917.58705023595,181257.51298196233,175742.85944897862,184535.94496021947,182494.01594025028,180010.11144107633,174821.8886072507,180548.70762905845,182467.67446304645,191680.21673814463
1146,149000.0,132475.4932754384,130065.71242119992,130776.76654168322,132091.8140268896,130513.98106991049,133918.0693054068,130611.9055808487,133159.58840636275,129742.23896556914,131910.1401686204,131498.26422672163,132172.95829574458
966,178900.0,169196.6853644162,167217.7269936696,170789.86461162684,166891.46276023256,172559.25660384295,170190.3397330732,167788.46694012894,171201.89902897875,167774.1831010483,170404.10197597527,170093.02901461427,171063.0567350139
937,184900.0,182386.39691444274,182159.82366746143,180219.4240572063,185746.23695045555,185909.90182377698,185517.98204122888,183042.691330756,184847.65363181254,183250.01027769654,184538.39388499988,184426.6331670783,184284.98076691834
286,164700.0,160102.0965977041,163495.5122823118,163194.59228066614,163836.78770361422,161640.1450769122,161196.9940224364,165050.30810520562,159030.79152689932,162056.44027116522,163015.06774915097,159757.49892194348,160844.640422601
1311,335000.0,291273.66385279887,300684.8971863844,295666.2731489409,298707.3149195185,295007.68527817714,290412.44602826756,297238.53467522573,299179.28390708467,308161.16840415687,300129.62280264427,290807.2301776234,278927.49166348943
343,87500.0,83534.72073374457,79099.84539026275,84516.76967146326,80240.62109062859,82363.98130772125,83327.42569443346,79412.85137749773,80130.36672518232,77001.04010668141,81029.17281137017,80720.68578060337,83352.86098666512
1166,233170.0,232150.0612892188,232017.19076868217,225528.0571376542,226697.02084266394,235034.7633815057,232920.26452044368,226657.55671403906,230099.37519960944,226375.16359070176,228417.55598273673,228618.66395122465,232475.37286599458
32,149350.0,140490.00191273182,141775.3733092577,141404.01740804024,137967.24938310502,142223.98662254418,140565.90342536097,141591.470992857,139388.37623973328,141768.5182601936,142290.69837598217,142781.5011847272,142035.4295107849
874,133000.0,133578.3710738969,129547.08257703173,134100.3450332869,131194.0675539073,131696.54564029298,133053.66619900343,133343.15289503842,129000.37941141601,130831.23536109361,129269.31204441283,133424.78810986006,133795.00430094724
211,98000.0,89236.68127182293,91607.67350877593,93131.47386641211,92269.0329403184,87955.18708854746,88931.16894469433,93435.00846811781,89353.89813324084,93350.67227461713,90101.55472372867,90645.31394702532,90098.03439107901
925,207500.0,185542.80948572943,186352.62913358593,182629.8130131908,192634.87560798106,182765.64400813892,180593.9561748706,187670.0011178735,185237.40785986252,187362.7394806037,190940.24101835367,184060.29971013035,187002.50431817622
406,150000.0,140026.45428568558,144199.46176945764,142229.2755596365,144264.4735016167,141602.58956508158,142859.03415582993,142219.36257899142,144056.83739829538,143123.92148187297,145428.744853738,141009.27650227235,140878.31724412632
771,134900.0,134318.01181801988,136101.67516100634,137053.20749594562,135037.16723611963,137680.70282618664,134845.08819004233,136401.39574101454,134965.15424965904,138123.44076727075,133824.47016419543,136488.58088595574,137728.21603912333
382,187750.0,200561.02417144936,199548.74137747558,195906.72854232733,198800.09985872282,199277.0787994421,201374.8304896315,197188.1831709678,198485.70201833616,198073.3381053619,199060.2094833978,198757.4849684076,197883.7043536631
890,149500.0,143853.24460185008,159261.33325592137,142447.3405187858,149999.14115535008,144960.1137411535,149300.1368653415,153058.0492911129,147037.84822312073,161569.10867609788,158024.0460070728,149749.9556903818,145499.30420567366
1201,116050.0,97897.18005056448,104647.17162336732,97239.81184504018,101811.05661932002,98364.78210002468,97997.8287653957,98065.91936601233,100728.16454999661,102173.62495731068,103062.41290731219,98153.33390941622,99213.69215462841
189,153337.0,152212.0093906832,145987.51478529064,154601.73962458293,149078.34350415177,148885.68560046708,150800.8384385967,152326.6883669278,145870.67606225595,147031.47652624556,148320.22352774016,151985.10328752856,152859.35232690824
894,165000.0,153078.40686927567,155501.58615277708,152385.40956363964,157717.92360899717,152611.97427622683,157080.87920971337,155963.4419452568,154270.67763024868,154620.44543004522,159719.6473299497,155703.9941370915,152705.31079208152
1328,130500.0,128642.40742794571,127366.16552278225,131386.3399301907,131059.78342747218,131441.4818981692,131186.78991697053,130712.72575496974,130825.87777888724,129880.81996117288,130417.91395763254,129219.52735716685,128651.18397113639
421,206300.0,197999.18344942524,185412.03871854788,202410.95453531083,195107.81402696006,196629.13774583006,201686.33183853538,198102.29782009113,195486.71083781493,193555.38522390425,191531.8317087375,200312.0528735997,197957.34992867708
579,146000.0,160844.16513207596,162369.99373004917,164753.51761646976,168302.9743242799,164237.14198293435,163153.47860543983,166901.1612068178,165095.18339508225,165482.15352204922,164302.4224341042,164358.85647728932,164086.15895011503
84,126500.0,130526.09999342612,134584.3041020305,127663.87948747468,129924.65237579885,131990.43010990962,131984.96437835298,134552.11624046435,131123.4517531586,134484.20949457708,130630.67614112841,129560.71122470798,131251.65802709258
1275,139000.0,127317.72366619608,130726.46165230252,123205.87225055644,126957.32959364406,128572.83253191995,127049.53684520314,126462.4305238506,129534.8220653286,127473.39419033797,128342.55979145184,125781.60017030103,125340.43636718794
49,113000.0,94663.68640837385,92980.43130045164,92755.71955394301,92931.19034661227,93637.79169788574,95774.7057396232,95045.79439933662,95969.3614926487,96862.68622248557,91930.8644908873,96550.71531524933,94982.87541813566
156,79000.0,81487.18300397882,83974.5525224914,82751.57243041515,87078.2270419609,82418.57114897556,86015.59599035962,83014.13563700275,86752.82091739545,85779.56696538051,85201.64317966654,87247.43393843315,87073.51328012216
974,182000.0,206009.39583035914,204179.79018439204,211667.89120288106,212029.40190536177,214802.6911982466,210609.27761620362,210672.033124655,205740.00263502914,205643.31724200817,204407.0326383417,206242.14221832223,214588.6808167416
1111,188000.0,189353.64566721904,186399.6697901444,191213.20007547544,188022.7575599317,189630.17890890522,188120.9272375251,186382.7528783965,187346.48556540746,186578.06676100154,187314.6399283978,186053.6974746323,190938.35117344823
951,129000.0,131433.68244240663,134728.44401316138,128662.68550109676,135164.81920606078,134554.34597137812,133498.65053964782,132394.5785303221,133457.9782391374,133321.24544279434,132963.90657639288,132982.865409169,133150.4009911275
1031,160000.0,136057.78774220342,135920.9903313337,133189.93904951515,135975.13931286143,133874.37548011536,132671.85180772393,132119.70782734506,133363.9662091675,135835.6107990914,136000.29923082519,130362.74063595888,132276.22440461256
1436,174000.0,160254.90266294067,161885.38480275354,159126.8788405124,161926.78316269917,159446.22653219348,161750.02523061252,162553.50447358735,162205.86119651757,166143.6293262684,163213.78928216314,162570.64547142116,161148.15418047938
1197,219210.0,230049.0170463216,230005.87890473113,238110.4045286235,236768.38098421076,235385.5607457101,237202.5621857836,237149.60655216945,233110.94813274677,235680.45891378942,231417.1435341055,233317.40922692983,239893.8209843886
1443,310000.0,320179.75099715905,327326.38868942816,309670.0278825317,328651.5655121491,330146.31090294034,334204.41567949764,318222.46003938105,339233.26814017684,325465.7614013903,309384.6994644502,331039.2784472228,339453.73569384357
482,374000.0,341301.7461595421,334010.8764466685,344773.59085478145,342778.8799612229,332364.95862708957,335506.41939724813,340362.33230648725,340190.20328420785,351824.5847698384,342609.0203428787,338838.7326670984,335540.62525806203
180,100000.0,117521.11689563113,114476.95977863693,116421.15519361153,115383.36255571884,117710.72477376684,118736.79055292747,113656.59781583115,117312.18661282318,114894.49198653169,114648.40857447099,119347.52868139635,118474.53687805215
860,250000.0,233595.98671697942,230676.95292345787,231591.11396362577,223111.44969598972,223907.8092111932,226740.83362899045,225743.57150216377,233058.59288357184,232542.28032034918,231567.46736446308,234086.95310614354,224386.31789958957
1214,145000.0,124410.71639947021,126411.51021217831,122382.45678493171,127974.925559664,126410.19865330379,125280.71892156225,127213.67885144897,129255.76861376835,127847.698596313,125179.24678491327,127758.82859532326,126416.21597185687
584,325000.0,308489.44541146915,270606.27024690027,300943.17566856387,289211.60409153893,285488.0197505815,296375.7267157329,289592.4211139374,279095.4915479083,288041.61095553485,275810.50994526286,287676.59905108577,292891.2633055206
478,380000.0,376435.94188482215,380243.25905044365,369624.9849578685,372401.7710437814,381499.97775411356,387438.2872099086,372322.8603069799,391067.1012851425,386967.7011230254,389835.44906180963,375344.5799736749,376898.8384859174
1406,275000.0,302115.6220714668,299264.0782124401,294324.5138597002,299467.13968727173,294063.6495689205,299576.31127643987,294459.3911580968,296842.1118632596,294880.36411643453,291537.83114906313,297718.7039812506,301549.6552852457
1147,180000.0,176354.8047200597,174203.06470594916,174711.53321767328,173290.56759023943,179212.65312300588,176820.89475302928,173507.34279665185,175291.13063764785,171859.69570477604,174083.88163776294,176090.56650827732,178009.5699009845
1167,245350.0,251388.37529920888,247360.9076501891,245432.94234741587,244922.90480609672,240259.82884398333,242452.4577030011,243405.73794372936,246902.21495774647,245263.63094607,243434.19191339528,241519.72269930437,237335.29191478572
347,151500.0,139243.1843562541,136448.82123247875,139340.42757227164,138203.14063613187,138394.9823330092,138474.55841967094,139999.5926179198,136526.80883592184,137861.57725724374,137317.347658159,139036.18971548136,142241.5914541807
1215,134500.0,131817.46163551524,131017.14111603594,131025.1592640214,131743.0528574428,130138.02868804557,132561.60357305515,132238.33261970902,132041.1783828245,130673.0302592042,130407.01065125279,131145.21410116006,130693.50879520962
1138,94000.0,94581.02460558312,94335.86114273682,95117.8564272652,96123.07454227794,92253.92183345034,91934.33585507145,93077.17316670412,93244.70750918167,96830.16699782189,93809.07587278324,91374.7802399204,94375.28488276369
1366,216000.0,201528.23642932213,204290.3249609669,202295.35456836608,199806.82545895592,200215.11427796815,201280.19997415182,202331.20175956076,199723.15910802674,202735.18786578745,203039.24584743826,200866.0776897372,201911.07765508024
655,350000.0,384077.29671366554,380417.127369009,384109.1126018199,372236.2505518233,375718.88230499596,377089.07001910673,375299.5791483217,383029.56062702136,375162.18546815065,378387.62443878164,380817.5999233754,375429.9473302686
989,195000.0,186679.07881088075,188343.00433741702,192633.54369475332,184286.55877769875,190918.7326107217,188579.20220073307,188246.76938887584,191767.49867851942,187142.1281748734,190076.18533768618,190448.4185420503,186838.12215376194
244,120000.0,134866.52629984423,133778.90254813957,137028.54523953906,136477.43185880102,136654.33324407748,136419.9623562191,139210.83525055833,134548.69605547187,134524.69441758838,134705.5525290833,137900.48843854718,141753.84456293352
1343,228500.0,255351.20412956638,253006.47622675172,251910.65473571312,249708.6903387596,243804.45428877894,247687.77289320718,246598.22538014365,251145.95455756423,249945.5709183541,250538.5535594681,248859.8817360585,242777.64341101891
1058,248000.0,218081.59299631638,224086.41875529275,216759.91007125608,223811.41215058023,216847.80615014388,218686.6098545595,220229.42820419723,219149.60806660648,223172.90004126358,228917.60754843487,216100.0097417294,211189.11749357992
1419,124000.0,134715.74970865063,136550.45343174823,133866.80703044366,132496.36585779072,135789.71728364343,132589.38090843576,134629.7789539681,134441.02913463747,134247.54943285836,131992.94222847748,132299.76295389677,132832.00268588332
1024,191000.0,183563.52748291285,183904.70055056817,180901.5384774786,184326.34597992292,182759.46631111132,183862.1210795209,182232.63022076097,186536.1080007982,182793.15277451975,184832.3125931755,183511.39083060934,181793.904134272
811,181000.0,172126.6223680088,170376.5009187696,171420.69911052182,171896.1732671055,173506.52174360363,174807.49669742223,170854.12031022093,173350.750490651,170186.33907638758,171464.0743519612,174859.85709051864,174042.97471832574
1385,105000.0,111615.6567736171,113847.97840123036,108931.40575934817,111526.03967730113,108531.41724303571,110816.68571152422,110745.91401801686,110876.21954031193,111690.09645817816,108749.23108980629,107197.2015264203,109312.36978568397
627,139900.0,124306.49953203081,125627.76880468318,124719.86803700904,124891.53372148144,122874.68672242448,124984.73611506946,127850.7499349472,122559.65343475313,126009.55417246696,128916.13406966819,124427.02590889565,122739.19645741029
814,157900.0,153318.74151669347,153385.02606948986,153476.44825928012,152134.2889279473,153594.46838400888,150861.1989264411,154063.29962769232,152875.59230808256,154042.54675306362,155111.26548276132,152429.97055550668,153796.41987560302
840,130500.0,128286.16680756076,124810.22286402473,128139.22062072846,125223.02738474487,128426.67469297523,128972.61600268855,124784.58371442521,127492.12512861959,124229.52967148383,121762.57972255962,126933.07201472203,126717.66600507645
371,172400.0,178461.78194828128,178918.2438843675,182300.98541364103,180622.5265270385,177167.95451961213,179660.29503197715,180058.61874013572,182038.41077524167,180494.39892713533,179206.22298607783,179887.9919148685,180392.02881769245
55,130000.0,118158.63080551756,123245.49370323792,119118.26501003894,121833.10266268681,114834.52165096297,118407.82187569665,122571.6784542662,118770.69559966335,123465.19326628873,120887.72667243995,116275.31176780845,118288.88697085064
535,178000.0,194071.20941266607,190304.79827952723,189846.8998210597,187580.57892585732,191561.6026237683,193173.89554558633,191866.36492260348,194136.23572852823,188950.66346801835,193080.88127780013,191317.14632705456,190837.14621442405
786,161500.0,152161.34959728757,160102.49977488193,145642.2644670462,152344.7356667372,146811.0608594413,149538.77736566597,151332.84519063155,152711.3673874721,158676.57122541126,158015.17724620568,146576.9339869926,145884.4862854758
313,119900.0,141959.62052124055,139016.56785472052,138245.59954340023,138770.8402029062,145014.07366884817,139145.09643632913,139023.69283665612,139768.45537000912,137567.365904392,137854.46516394694,141634.30258632422,142133.21930039182
1175,239000.0,215917.6848188172,215696.92513264675,212073.7608490698,212521.03799753185,214450.51196383353,211410.12053449507,214341.5029519637,204551.85865070156,205519.75045830023,209662.26545239295,209947.6315921312,212131.28520882418
110,190000.0,190698.2863223021,181391.47767934107,187334.28842233706,186399.84804604668,183621.1920226256,181610.25999858874,186139.13803931154,186360.23078402394,181765.3533933139,181674.62438942998,183185.6377751133,183514.04639331525
431,85400.0,94926.31754710912,94435.88391209106,94347.7925085327,94884.45384485861,94431.10993117424,95472.11182335632,93546.82478846807,96774.60576892152,95137.50865092373,95648.50782584237,94140.38386775453,94445.99898721515
101,205000.0,219715.9530291281,209667.59501545437,217074.0559707561,211302.55440585496,214726.13289603393,211291.38663473877,207682.4867177092,213588.57820041926,208581.62708226888,212050.06195656888,211724.0586707673,208693.86028801333
514,134000.0,145916.97696812978,144551.4397987546,143712.71026448318,146972.57085224404,143099.00446835248,144030.59803851947,145286.27001618655,147604.9515262094,145720.95763213278,143709.65828695058,146164.69634373757,144850.7354307411
1191,168000.0,176583.1228456247,171921.06858564063,172395.86351491293,172437.5234181474,174686.89118226687,171184.45186513232,170276.6651724361,174195.7832665124,168435.25874611235,169862.0207518229,174580.40586519413,174904.03213785833
267,185000.0,190467.2656696135,185871.3105028994,193757.82533064013,189405.5185222371,191410.2726510127,188699.7906434323,188269.4352734154,188066.89421467273,188840.10382586485,186628.07170549678,191253.39595405385,192171.44551277396
1291,180500.0,165848.94772519765,160672.24121387693,168308.1108128382,163997.45722669543,169955.88341113916,166714.01354460046,163669.02515027046,164525.86550259162,162462.14673198448,162208.53149719143,165246.7822826286,164518.31148576306
297,152000.0,135903.1705895265,135244.0481032307,139094.2506786428,135154.1240634442,141302.15795286934,139653.22608167114,140851.74801073415,139407.57246157315,135646.10501601239,135990.75277331442,138555.62427284068,145335.6212418206
507,215000.0,209461.81457080695,215131.20875949983,215109.46696670903,214800.18044806496,213448.9620369294,211395.3810247533,212140.23229285204,215887.07550646004,211747.60970593867,217095.81881513618,218466.75576440524,210777.4984506148
902,153000.0,145309.55018852526,141740.1006266955,146113.01767866343,146205.21109556957,143360.96639554037,146811.9078953462,143552.34259513186,145408.91974381712,143450.9936441278,141863.035563544,144625.17032535395,144195.32711981144
810,106000.0,125397.60031686006,121900.62562775335,122819.34333049558,121019.59560950471,120520.98020610807,120180.55238873656,123890.59510935197,119509.03370463786,124416.0512912672,124812.27095397621,121561.24944571326,118090.75658102125
378,340000.0,302649.54630993673,282215.9226759117,296777.3503542145,295955.31885176775,295042.83187401446,302780.26332810806,293350.3996109117,293140.6372877692,297997.0812683149,284912.2814265561,298631.6984064806,302800.8691195929
287,159000.0,189944.76782085857,182376.12971477135,193644.98325932233,181901.16511082143,184717.6349071548,183841.48967779867,182473.551229749,182530.1172628148,183092.14467876888,182344.77806644328,185266.68725482383,185891.880251581
1401,120000.0,120693.89817215373,119504.10390899144,121534.22124897623,118862.82580083904,118174.03728253464,118664.88599810105,119512.06662084338,119973.37164073452,118436.59448609219,118652.46368922495,119202.48752240751,120110.03381238304
1049,115000.0,131472.48270354967,143312.68454882436,130632.07310065754,135313.01495966007,134801.7384150262,137879.67942812847,130855.30294842883,134214.88182936652,138726.07096535293,141631.76204098362,130339.42214608204,132651.36634477126
127,128000.0,135840.91396840202,139441.99153257368,137121.53343518235,135732.61499556975,135699.8469665019,135922.04915578713,135375.98090960179,141032.9405661974,137888.57670275323,137760.54551155196,135992.69642942902,134972.49050210667
619,314813.0,322732.66055786726,327145.8785157164,322022.7725173971,314628.11342445173,315795.3957304981,318045.2604788879,333460.51342052384,311470.1314669483,322674.35914406733,324011.81360230345,318855.78607564996,314315.1430419534
293,131000.0,134516.5708098283,141921.74531291053,142780.00832922145,141255.2416660014,141628.33376531646,143035.11827908302,141140.342392434,134777.02511002056,142801.93644233167,142225.2598237932,139151.25096314386,143665.04674537855
528,446261.0,434444.2739540402,452800.1115116128,429018.3761833499,425405.0146593107,435623.8592091695,430934.6359759161,440014.3509641398,452829.54709979,429800.4029039659,440647.875573601,429202.33221442247,423306.81619963556
1256,127500.0,133533.5010632128,134400.02745748623,133776.14596766207,134414.33819151603,135908.3804582856,137102.49617196346,137555.40014828983,133719.31053772432,134455.61968939874,134726.20391866483,134733.90708808412,138680.74896877856
483,155000.0,184491.9046717285,191967.5566709571,182182.346208362,196049.8881544458,187333.87863433835,194489.52141417892,193550.95910271787,190558.2265481944,189183.75811087797,188713.0701922081,187697.34512338781,196117.63733135775
356,177500.0,173188.66704420836,174725.15276909905,173701.70032543034,174881.06084245344,177393.88593546505,171407.88332456903,173697.03079941648,174362.24370758602,174939.52791332576,175224.1002783206,173567.7094985322,171101.13686354348
171,128500.0,119820.30870768003,126067.75845666237,117082.91134917446,122844.84330304163,118934.68032631572,120899.3181723848,122743.55720613098,120403.31160032669,121245.36189126948,123769.32932373906,119700.30836064242,117018.29274006483
1196,176000.0,167713.9773313638,167708.31165003526,166185.678464158,168965.2095437424,168310.12708210398,169484.48337344575,169547.78504453742,168676.03403984624,168551.23057687705,168697.64111258357,169241.51641994715,168843.58789373393
662,402000.0,394658.1747495147,402492.53388862766,392335.3710802633,400825.94469719386,393601.51030121394,386780.4405963055,403629.3588001165,389505.588643921,405463.4319692226,406309.52655016916,395781.2957375274,395847.0778198699
1235,130000.0,113146.8101385297,124714.82780504673,114383.45519032759,119619.13501619024,117012.42308236161,118942.57815412914,118986.45247539133,121135.3132202882,123013.41082218724,125893.22778260938,117698.82021368794,112315.47094418097
210,145000.0,147582.64707981082,146212.3265790621,145907.15323939724,149754.21969325515,145967.90517676476,149632.81713560468,147853.2226717987,148273.60836240038,150103.77009716703,146445.75194253123,147147.65791671647,146325.80883215112
486,147000.0,141606.51966485602,141835.31226449853,142262.06421920354,143763.10655655462,143217.56632841085,142145.66339469177,143025.49275870057,141797.76295829265,143303.114231208,141588.0076236815,144168.77548520034,143569.28284133392
141,115000.0,97612.78964625043,98983.85299784747,96494.88470980637,98039.78919407143,95168.69716068817,95486.95508016042,96582.65564203817,93568.94861202141,97907.58898680343,95619.4821508084,94104.8888120388,97838.76755548548
1190,189000.0,197953.16393689392,195670.35917495482,195757.38665546922,193900.95692032907,193272.960310863,197771.9566651465,193853.59838863063,197353.40823387617,196434.62240269108,193823.3176731999,196368.8901249411,195689.27091733372
944,143000.0,138655.26762529695,142177.0733881832,138667.3434170834,138086.8004498136,144318.84241095837,141567.51554151604,139999.2930602277,140436.91507422112,140139.3698525146,142691.86297179022,143315.1895792596,142424.95933898256
622,240000.0,266827.39675998926,262775.65927310573,263601.6167347731,269759.54483736894,260688.48995808448,261386.7684606518,266441.0639925654,265289.3994032261,267146.5462712027,264173.83631995105,268603.2979899095,267411.95815097453
1158,230000.0,208775.30662404333,209292.99449205358,206169.25929685938,207496.3835212728,208624.69112581908,207646.0386647785,206823.54024181733,212530.49340968684,210076.58933695016,210291.05748207247,208089.69336165278,207135.19100571887
1323,190000.0,214428.60656643752,215976.50156479795,212948.68032253755,211663.8931559127,211762.68559902188,215182.85881662462,209230.64113067265,215127.6956965896,214632.4507587982,214592.61054912602,213762.5001404564,212890.82412739782
705,213000.0,209014.6016322243,207202.50291752256,211245.34233067965,208733.71729438877,210272.38116674445,208774.4634327656,210094.30851044535,210943.22449260543,209719.7307201789,209241.81913706686,210845.64413685238,210166.22523348106
1324,82500.0,76000.60257398569,71092.93541839204,78420.99614380387,75693.43841550424,77221.24344029077,79650.81274091826,75180.03611901654,75387.05632627216,73890.03440395695,72242.32056853913,79292.41588180455,81009.32781818794
200,274900.0,306820.0946591681,306181.16591243556,308462.2142429321,310861.6669521334,315166.2949158595,310253.31807501335,306154.38249317225,305402.7555139396,295479.13119615667,302875.72116046026,307972.6096635035,308652.2678274017
494,155000.0,144693.65259967837,151082.35547157805,141467.61391460718,141884.1019852166,147060.5396666116,145389.42188178742,141870.21591869046,148450.53250386674,148428.2450716858,148058.38717453837,141649.08815934416,143014.1302423899
665,423000.0,390526.65686583344,401367.6003824737,396456.8611297664,402471.2620858093,390796.4431591432,392854.5694095327,398922.9650684168,392125.5261403975,405592.83127451723,397108.5238497014,389161.9689118743,391050.9525378189
1340,128500.0,123409.35155510558,121509.83443157918,123036.92371240044,123862.14873204788,124020.99701070436,122486.48770690714,123522.99660898035,121075.76180512337,125452.37854691903,124542.44623507521,123817.28551673208,125483.59612621937
1059,335000.0,358338.249974051,357719.20982700505,358234.98211223615,357534.1811556079,358945.00387750263,355351.0262413667,355395.9364307256,352325.34423693287,353401.1380067643,350534.14592775615,351370.79494949826,346145.7262687281
1188,262000.0,282570.1194145859,285776.6811418483,285547.63102116535,281812.06428211526,285671.91118359653,293720.5320753776,283349.4000856664,294354.38947293814,279350.6091532307,288119.179760061,292464.418637026,291379.20034186036
11,129500.0,128088.45912562459,130342.52127864261,131683.1011570675,128896.78186121851,125846.47904224489,129175.2526639761,131732.04200635265,130818.31722544697,131634.6205677454,127659.97233961204,131075.99600326174,129715.96369923491
148,222500.0,217442.07901507348,215221.70903019374,215693.099427315,213863.70934142722,218784.99063356602,217179.53715569337,212259.86253877945,217067.27901644818,214707.02494674624,214588.4859407227,214993.05549302776,218337.39175166487
765,270000.0,237346.10037617502,237786.26569232685,230980.15254195582,231490.27582183597,237163.33975816678,232416.61493898157,230826.00411112793,238391.21602762485,235234.3823775335,236519.46694036855,232468.05340487964,231355.92214766363
283,207500.0,215768.0824869557,212320.4250309201,207148.24753342808,216030.927232054,215008.57908538936,212650.95248400394,213577.3591783095,213829.67334195165,213665.19041920794,213123.2675524258,211544.7648073836,213292.99015744275
299,175000.0,174547.18095467458,177329.71251740053,174456.97793710264,175049.2646929064,174650.4721492847,176066.4365471103,175673.32515929383,176289.88914528492,177516.82389799168,178340.18109199087,173402.59133679498,175494.5908118331
919,238000.0,276833.9711928285,255972.19388406948,265666.4206686838,258993.7664615815,286332.77296847815,272181.2471340409,263973.15451627766,262149.52257295186,257134.0474343692,257806.3139740913,266588.2263939155,273721.3955890618
292,135900.0,113982.95911577322,124845.06598463886,113531.22364312675,117534.02816902354,116907.84670889647,117302.89640480731,118241.74658426423,116532.34462291676,120839.35498832182,125397.92712809438,118559.2562419153,122119.12515711028
820,224000.0,224910.07606085474,218425.6842553129,222869.9426745533,219950.6167165821,220979.11855757746,218082.92525572548,213613.53966686552,218706.7480416414,214911.82053521954,215620.3636995497,219430.76608361313,216805.09052976337
574,170000.0,169545.71305547067,170427.36270083947,171270.98060340004,167753.97881337063,168075.26937039793,164581.84357341728,168178.00028732588,168778.64810531,168622.3408326594,167471.7566985562,166249.5672989291,164968.95596713005
1455,185000.0,186139.94475455937,183364.9541567609,181720.09504901717,182652.4451845025,187237.0419388059,184259.2426894343,182954.13011545438,183423.3638104294,184142.38588667824,182965.76026986638,182368.35238790588,185023.97450147112
550,263000.0,219028.62136593516,218788.3583126245,213744.99648793638,220086.73052794297,216976.55440651622,220283.28111761686,213253.11790413925,220318.46568536654,216681.33517093738,217787.4244249323,218699.8487495513,215725.30012076828
463,62383.0,121063.36298000612,122463.2823608405,122720.48505745041,125456.22493740496,124708.58700864133,123391.89162216881,121503.29626375008,123431.7158167692,123471.85594475403,121678.96586218393,123635.41234562932,122712.96072844481
130,150000.0,140529.1446043434,136727.44424866076,142803.10395916365,139672.25005202505,143392.7032954567,142096.5579158709,139187.39038110862,141477.5247307768,139672.65101898558,137321.76022232499,142379.66044365425,143310.25910167187
846,171000.0,189048.22441347415,182930.39948765878,192914.12484483153,183776.248718168,187425.02371124525,184405.13213528122,186064.36929603346,182696.5060530214,183041.4592156272,180419.5202944859,183087.58353854207,186421.79838404598
332,139000.0,136508.66400987055,136021.34912661696,137688.82603169262,135844.83484225938,136889.18468335734,137915.3509227528,136132.53021831787,136156.68917551351,135342.72636100388,135455.90791085653,139179.5228734903,137829.7406975038
324,126175.0,127148.88784683667,136041.7623885603,129148.9444691295,133223.76659979107,131715.75140704174,130527.70830862813,129940.93481419297,130481.06903778519,135858.57628819763,134658.08983010476,124569.34639364666,128621.54810597007
651,205950.0,200718.9208601928,200700.5757659199,210742.25492778415,204274.08616544178,208105.0777831768,202676.05422632673,202887.5374774228,198907.38351994584,201363.36893877466,198486.86128923256,203728.5525433597,206551.9491472974
440,110000.0,120480.92174645662,121567.53246421865,123290.00288620678,125419.86432217651,119007.54982435335,125364.84304345491,122655.57739916757,119063.39720294553,124488.61804519843,125578.24978301811,125375.8314159285,123669.61852213102
799,485000.0,414479.0160749963,412477.2472823318,392528.52713492775,402460.536491372,420926.7989718035,410199.5032851735,400399.6311871241,423185.2965013297,398631.32363719365,409028.5765860227,407443.44593971863,411578.66445181327
136,174000.0,181269.0188444718,179807.02815900734,182115.99760277368,182090.8122031982,175746.65769827538,179162.191414665,173295.8425494391,181472.88586293554,177330.66465603307,177001.39782374116,178380.39932925234,178413.3381905792
1453,145000.0,134764.40992003249,136350.7618023469,129652.32433756503,134376.5205335916,135676.68473382204,134158.1805236473,132953.10976675173,134418.23769638117,137291.1076721699,136133.1672185989,131882.85845922353,133047.0692674819
763,215200.0,205717.06457327577,207280.85125998213,205141.49915311468,205356.41338606103,205225.06419677043,203557.40648442012,203169.08354522803,211059.71965950084,205412.1716480538,202879.77554151707,203337.62335754203,200823.327085819
933,320000.0,313685.87038551504,318033.64561824413,313432.8117583816,323634.54560084903,310457.02799159056,321327.72133482376,322737.5011472272,312371.9370037947,335125.1921721278,329853.4364277472,323141.6386285751,319568.4389782154
436,212000.0,207367.3561880265,204993.99181275247,205619.57732958745,201742.09868874185,206513.16524979996,204339.33445993907,204166.24627865857,204783.2539423478,198243.5571391163,205190.52088083496,203081.8561224736,205878.99195545638
630,168500.0,160762.905288611,160682.69363572818,160594.76589096204,157656.37474361015,159434.69511219847,159037.07810239235,157280.98199684624,160714.19043788165,156393.67148508105,159340.60068758708,159251.4710426857,158638.81539499387
1211,189000.0,203838.88578524126,200522.59382769352,201462.45965910723,201155.88514666905,206552.73225766924,202029.5088812957,199388.95542184918,202621.02082411552,198515.74703595665,202916.45002951054,199978.699682034,203377.79305188463
1119,140000.0,135181.12065663576,134390.99967371728,137807.90857676792,138484.9505451451,138148.2585523009,136786.640762098,138591.43488872217,138027.1346862431,138134.6741401976,136666.60977668222,137271.75474974336,136619.19674699963
1085,187500.0,181983.07892378565,182499.3327621322,185145.3807845715,184777.73951235902,182910.49718536428,180742.7578331956,183480.65188026923,178523.07476346477,181585.90220630943,180828.7993754598,182386.47777254554,183903.4252209715
159,254900.0,222208.444788049,226159.62491299643,220814.8209249232,224728.54401146324,220923.87502141832,227780.54447223654,219726.72067739104,223333.56289214306,223891.2902466841,225337.8668162947,222357.78641438205,225765.98373505045
968,135000.0,136241.3018882438,135779.1739768995,138301.7809909011,135039.01964186196,138440.81516929288,136987.4323905676,136201.20500121475,135987.4724174926,134783.49364323687,135896.55393299967,138043.7980379873,137369.9344616142
1260,151000.0,151043.72372131565,149740.69989530666,153280.69115899183,151083.33899888268,152661.51616713454,151325.200109541,153943.25058384778,150978.25716767812,150230.88913754103,149409.44379606974,150970.89125393165,149394.13962022873
552,112500.0,112835.82750602144,116674.63170515034,110509.43952328985,114952.7608761521,112689.38100933847,114310.30028388581,111686.62805863017,115057.62397939725,116922.31230928846,114620.66654152857,113376.74054254011,110721.3888321351
498,184000.0,185107.31598680728,180493.7349751332,191050.98357846262,177801.360656679,188009.11327597467,180004.72883037775,177943.95462143823,182317.25467638485,178073.31326467483,177161.88405001475,180524.70723333006,185076.28755737483
1032,197000.0,217782.09598547223,231587.34933400963,212393.56280084536,218305.05905441951,229451.2922113847,234990.48324720922,220470.85793851953,226821.17235089195,230059.8791433132,227586.92190871428,230125.7046129776,236876.6760078197
1263,161500.0,135836.76453845814,132991.66771660346,133447.50829690616,135063.59078167763,141807.30373954627,135953.05964703052,135113.19780323457,131484.49592436865,136688.17107885896,134361.03256454857,135188.45935460294,134913.17070995952
1014,85000.0,92890.48035432582,97061.62496062108,91608.4762795912,94918.8487757605,91877.8040453198,94597.57677015073,93014.86900252187,94520.76897830227,95951.61149293465,96204.612372746,95877.30190554821,93447.06234622613
1312,203000.0,196576.03817453264,195861.62650492843,197203.4418917195,196232.10282606722,196205.78039920863,197020.83386238178,195958.56799695932,196784.67288222222,196691.26855960255,197149.20866424858,197524.40435304094,198760.27303220727
567,325000.0,312295.69511808257,298959.6052553011,303157.0638203886,304105.32210894936,310960.20542211796,316354.2881152307,306387.93008769193,313743.37696846505,302011.40336253983,301836.3358564373,313593.5839229305,310473.0321929309
611,313000.0,310982.551528743,307616.8932735608,318258.7782748582,324294.392563701,307821.4337591739,319245.6013721341,317510.1583062161,308854.6637746524,325052.50167992996,337678.36340667034,315685.94779385097,312007.0481984775
1279,237000.0,264641.58162545017,260637.6654479547,268823.80763103865,269510.16353718017,265515.0330749426,261371.60844529836,263188.93023921916,260823.72412348274,264353.5035365585,260812.5500164744,258735.47175262676,259962.34549484588
1264,180500.0,155932.3929296487,165870.44843926813,158091.90420499787,164833.4278419419,158659.47804005674,155790.39429053993,168078.3680067606,158740.1795010014,162544.61105158916,163730.5326770176,157418.8045438618,157058.6225595205
817,137000.0,133511.77343194495,138817.1799193754,132837.329919577,131585.61823076627,135922.69409601175,131426.15955645923,131998.12883451802,136424.29677471967,138398.5617493659,135442.0022059649,130819.300974259,131074.38121426056
439,90350.0,86232.44747768168,96215.11679720411,87779.6235743887,94493.01786342727,83678.90253654496,84217.61014646599,94573.25127562963,89415.15730265928,95014.51398736388,96001.26861245846,83947.27418385095,84417.01952022388
941,150900.0,185684.18052103114,176984.40080054716,187781.41481938024,186401.45326543855,181416.15179070967,181020.55492390902,186274.26783045885,182096.9469958427,184357.21251261054,182993.6651590504,184457.3883791221,187195.57752826408
97,214000.0,217032.01732989287,216441.2776958856,219769.46856419824,214948.17008892645,225843.04830595586,220854.17675664768,214863.20850451925,222153.37415026646,216809.73838211832,217242.71422898892,218142.6786674419,221509.22946052227
561,121500.0,171515.6067751856,166691.88099718204,171050.4211729925,165246.72138835682,172844.14145153528,169226.3514123386,166508.87276043175,167491.46932083886,165588.70399436704,166761.8461187823,166150.15950408918,170069.86347103657
1183,745000.0,416050.22851248505,403117.44562484924,410130.05125494796,408348.6736997082,418518.5952860633,414499.5421500716,403253.5831129712,409023.9235926499,410552.42558847263,408354.43599235546,407626.2308945239,419911.73063608434
472,190000.0,186237.0749608858,194071.27341154325,182337.42112555928,190977.07482872822,178807.269983619,186709.784968177,184025.91933919597,191352.2373681696,189666.03011603182,192985.5284139027,184927.71031355156,180313.2055775912
1005,181000.0,185908.83436502214,190948.24722699556,185563.1903032651,188148.88983241768,190416.88251284257,187826.01546538068,187418.22986087736,189143.50695728805,188866.05276356876,189431.90117704682,188583.6604695875,188987.0403484171
411,60000.0,105034.11836114436,108420.48280564677,106827.02803117946,112728.73083153377,104080.34789214145,110119.29922838103,113724.74736549734,106728.14488498203,112452.19876254497,111374.3796620664,109510.80607323995,109110.3669447506
964,239000.0,306191.66341822315,288866.0427627463,311136.1511799009,298778.8169664461,296967.8012508994,300900.80219532835,294759.31779853656,295316.0781985191,302815.17573856417,295996.07634415757,302173.0900241092,305282.26119050005
583,118500.0,115251.2904358738,119816.38390450327,114313.6444850267,115709.20152954811,116195.16440202302,116596.77486770367,119176.10344669837,118466.91317521664,119419.43484637068,120732.20335347703,116520.89731848965,116404.06910911198
157,109500.0,107544.38717254669,107949.18970748642,108907.32481551067,107807.73892314435,107357.79161582948,107047.90150748933,106655.13021436271,108200.48443062746,103871.06264388825,107995.67519302602,107113.31251857089,107959.50191274511
595,110000.0,124514.78679934471,123527.34090145309,122312.42337720499,120294.05178311942,124104.75169011414,123386.10866629866,122060.53341918543,123771.91454035093,122489.55257905739,121205.35761382135,123720.49183383645,121952.99981869156
618,105500.0,113066.09237069385,114216.1242986951,115742.01896415521,115512.07317042735,116775.41567609929,118099.8015098586,118120.35799076132,116026.00126771684,115647.73791481426,113971.96634083414,116398.25156215558,116129.33121666734
448,199900.0,204668.8633131293,203926.839642315,204248.64546166413,202006.72230195504,204059.71418206714,203872.56050604398,202946.1478052283,206304.39871715708,202687.44412266306,206122.1274818521,204544.30371290728,203891.2110131582
1206,271900.0,284497.305147614,264908.8567563349,292527.116507311,282350.96063630085,280320.057282746,290839.0481828333,271184.5756558399,287348.77319425484,275966.82178492297,286728.6389918593,284088.26119189645,288199.1002958622
862,131500.0,126200.24400743791,129751.13110436012,128035.397360338,129455.76070311294,127318.66984708991,128641.67970664376,131339.86880625604,130097.15436693374,130278.06104814775,131354.41082965204,128981.36666999134,128316.28190731976
1011,135000.0,131585.31208336254,120810.69318305398,126685.08605670824,127961.16352789634,130682.53747704488,128363.8807811968,124996.0096573978,128219.16823278347,125919.5864972819,120334.67782125955,126145.9946630858,126029.86020090524
391,119000.0,116591.67045682183,112237.59320228962,120378.8125760953,117683.32528763128,115157.4835849402,117435.78854269549,118048.07438278967,113933.40761220451,116012.96859358314,113270.477099295,117115.05907339,116968.73469019975
1410,215000.0,213724.17799340858,215591.35896209857,213776.96134018,215166.75447347824,212629.29363226148,214203.26561578232,212204.46502600517,211629.93938718643,217209.72423734766,212294.85657376147,209275.35740782454,211019.34882145197
848,133500.0,128639.60586608523,129704.49840399108,134558.0474087448,128533.71857620486,132157.83250493358,131169.74075836345,132242.71499952994,129873.91542822515,131096.76572042587,129705.18807493358,130970.83273934752,132455.24509411675
1285,169000.0,174893.40119140525,165272.4175059683,174293.97919562247,173548.980256327,167183.8458398945,173316.11158050425,172022.65926947544,175317.44110807718,169206.86788002047,171012.08296837437,174438.92682685485,175948.27434734468
616,137500.0,138861.92130322242,141702.26273225996,138849.41714737014,143396.66131132253,139870.31123155507,141791.5170902271,143600.12672902344,142021.5526051811,142700.85881342707,142156.04029275267,139728.07141349628,140941.176432334
614,147000.0,121539.56858102696,120721.19232420767,120864.18751527769,120618.81339188926,117269.71352109897,121452.91500958016,117450.27831738991,120571.75192184103,120125.68109250913,120442.98085978423,121809.43484221892,120527.81418628042
1304,232000.0,217516.78976815593,217284.1456026757,217678.17414446388,220637.33692914608,220521.44923322348,219200.89663858377,219460.67637734444,216833.89181306027,220468.70399511553,218076.86714024947,219741.18158813647,215822.89499230086
487,156000.0,145560.74673324163,147340.40360835867,149508.1946110509,145880.38382625257,147451.4446520767,146748.80915314166,148394.6658893594,148118.53925774776,146325.54849877508,146583.6045881977,147721.57802498434,146307.52792708966
562,170000.0,165257.79868250483,166345.57009781193,163840.54769287622,165693.5039170898,162041.30616095013,161639.15059442067,165303.681291226,165213.7703861032,165135.59085244028,166999.071737182,160866.75277568365,162074.82229868686
309,82500.0,102129.84418886135,103713.24555369795,103946.66691941512,104839.98657689079,101571.988101118,103705.77359281699,101221.46548541661,100261.58977960474,103082.52002131555,106554.16210092124,102158.4164853396,103952.56401128838
462,155000.0,148494.39445540635,147651.87787949122,146279.35834401165,151923.68597001195,152209.5129586662,153357.75592784226,149446.58365821507,154956.54663535015,150163.59018964978,152019.73689814672,151926.0700922076,152175.3659505042
1143,424870.0,427698.2920040525,434611.10677638976,410811.59119648155,407243.5769465459,420527.92247637647,411429.0170072902,414651.18600616284,428612.9766469839,409915.2659658836,428120.30123444955,408422.0276725055,411541.0587594722
731,236500.0,264267.4715567636,266917.7291786947,261659.55982191733,260293.37906151128,264736.5024720719,265654.1151199036,263908.13742452016,265235.810365332,266539.36823197914,263780.8527297609,261680.67083580093,263099.3241484633
1156,218000.0,204332.70443448794,193794.13486525996,204822.85317235065,195388.36320757293,204771.26427988207,198737.07703912802,195312.45936090546,196425.6301593258,193700.82366712563,191712.8340391399,199128.84900367344,200936.08084990754
1204,213000.0,198827.83348123674,204487.89611497708,195900.00012981085,203783.59285642952,200332.94054335624,200807.3377435817,203125.5336649342,200708.50926281835,202721.97250800714,202957.09569383887,198108.29266080426,197916.6679768404
701,312500.0,314759.91670123284,307806.39205825015,318241.094547457,314285.8713433996,303709.38647087064,309739.7068210085,323365.8519860948,307754.6012188013,313131.9885798471,310952.2133136784,314167.7072444465,315683.8920506722
850,187000.0,174688.36016888815,175024.9605048685,171200.09163610707,173534.68473792844,174292.15349461525,174573.77196903937,171421.72332739865,174487.0259648933,174011.50624870215,173679.5182063463,168711.26711065846,170128.94114964674
1261,181000.0,190512.7971948454,198474.80928285324,190274.19562211214,192054.3664629492,189663.4581291961,192170.20352877665,192688.26457499177,194750.34817972107,192360.63730333588,195018.26790187485,192773.37582638097,190448.69349954632
788,233000.0,222611.12119858342,223455.3123412761,221928.5406318516,225059.07268204112,221038.56449105171,225602.19374211822,222328.9018380148,224330.99387855083,221829.67083773942,227187.33170116405,222877.88486282775,222039.48423025614
353,95000.0,96836.50578371742,98416.29385907546,98814.62201419423,99292.8879719335,96118.5917758688,98861.88426188275,98381.81624135419,98221.83087165009,100615.28621782467,97130.40552404273,99890.20512089465,97371.22105566353
711,52000.0,79828.97069311742,74945.77690491824,80707.99817385981,75716.0584586705,80763.53510042641,80682.18589757981,76057.88530260546,79806.62458909124,77107.18926898557,76806.74392664581,81549.0758940449,81161.54319142985
125,181000.0,167548.8695537921,168625.67491620782,169514.4306481287,171793.49343208878,166824.89358846354,171622.53118374117,181026.55148202385,163537.7678644699,172972.5089475936,171090.4379233399,167280.21181148643,167932.83267401185
179,501837.0,418207.70967660425,434143.57094781,431650.0914192408,427403.08449604304,402431.2714996267,425997.02624345926,422975.22675651417,425803.7562896386,431287.2251811225,442871.04294021125,420285.93644750805,419771.1923902805
288,88000.0,91304.98651897616,92806.75919124977,91772.78882319211,94643.59277328553,92328.13215732835,91211.61140373164,94100.99835325524,93240.13899571494,96184.26516076706,95848.45179448267,89892.65053326338,92743.80853468667
1408,112000.0,115617.84693488784,121351.83008585531,114759.38900401068,118414.40096565144,117631.18244177269,118245.74421264013,120530.10530306878,119861.36232130366,122355.57001444751,121084.89277517631,118737.95686987165,116170.91621503477
1209,140000.0,143946.86901373477,143088.5907650222,142436.44209474997,141911.56388205037,145646.0512006477,143547.42409783203,144442.07146890866,143601.27119428397,144503.42608175115,141948.71065233907,144001.81455222773,143968.68664874992
295,167000.0,177770.07112854073,166120.65974051377,182400.14043906843,174278.08840854478,167525.1107252529,176449.3663096328,173216.23730438898,167665.09814767507,168110.59859149647,165078.59273532144,173725.4464405451,174543.21521889145
328,145250.0,142196.98692543068,143105.0435103757,141274.47776622255,141356.65182849395,139336.81141690028,140758.11829963187,140367.51423228593,140555.00920834712,143713.62076906936,143306.41388345094,142914.70278689923,140271.3805817055
1457,210000.0,201796.841430945,204856.98258189225,203984.10897615372,208703.82205239264,199544.87181797385,204773.92503025196,203333.5735130864,205124.02391549363,207239.50938024986,207148.47290212984,202782.7851906724,204246.5020684623
842,157500.0,143446.82194120312,145391.75741666672,140793.70737333698,144232.15085726787,145069.3138865604,141801.3404161693,138699.7981656415,144044.33371303865,142502.23307513012,143363.6510718944,143020.55581167087,141015.41162149646
1122,212900.0,205884.55055688956,211180.91578942968,205232.29508917354,210542.35595608712,211040.4344903886,209517.1472053766,212320.07281417528,209563.99201075578,213110.7027936732,211249.27007204597,208488.59141141037,205620.71742823787
932,117500.0,127512.92271473572,127354.37398047873,129342.87169136721,125997.16742054005,128070.44887190533,128431.54538818213,129582.07662944804,126020.78692716546,126564.06209355408,124396.67896652462,128580.34213298692,129625.42354669636
237,185500.0,185796.9714011839,187198.82621110143,189332.5948434445,188002.6625973967,186614.83182914014,188542.04272256576,186089.23764669333,187005.3123465835,188351.77332074317,187451.52116078988,188616.3549988684,189165.46903126108
89,85000.0,77734.40701306035,79595.04211761727,76984.63121880531,82669.97296206029,77170.214513237,81146.06440064934,84858.7058613117,78867.5135717158,82098.92247980791,82840.31234575431,79679.75296946077,78153.96577442267
887,145000.0,176283.2717461339,172750.84406231318,174854.05975229075,171170.4432854051,174496.2248451219,176774.54527446892,169624.95293914873,171096.35942133542,171729.56495887061,171377.770725632,171694.8029695427,171750.04813175008
553,255500.0,268875.6775355082,269475.23849932506,274460.0330998185,271741.7810701659,270021.5876931724,273611.1786875343,269345.5490633169,271298.4503278994,269408.9511890468,267006.91784292914,272309.8080609908,270817.1440393882
631,124000.0,116998.06942826166,109469.82008859735,116299.61208046725,113788.52300022237,113872.69152117151,115409.71789771807,112370.71308285285,111499.77427269601,115237.06062054812,113831.0254244498,115182.756304531,118561.71057610566
1353,134900.0,127114.28374079951,127386.54779613993,126688.914235381,125195.00904398445,124906.15079099862,125951.41436380554,130875.62667754664,122633.54772160776,125338.12551636698,126603.22994771523,126056.22616714411,126126.6463406577
666,230500.0,229730.18680074936,234728.94136287807,233454.02568823594,226566.71167441862,228101.6072734914,227976.53096848485,226353.16919454205,235586.18887777848,231761.94113581057,236359.41936725128,230070.77326202032,230207.86981872132
901,110000.0,108209.21737687425,112464.98532721311,110209.66846405035,111365.39519983881,110762.3847532426,110341.33365904875,110374.0953423004,110689.02580932794,113012.055593295,114093.12415757473,109815.2749871665,111422.81561861518
291,233230.0,256866.35602265663,243963.73919785905,252844.38759032378,251153.51884212327,247034.56857646652,249978.38447898446,252530.1396556066,245980.54533023934,249668.31490096054,251213.1640665851,247496.03497933733,249771.32595807256
1383,157000.0,160620.07866762104,153784.46201298805,160382.20477621528,158185.5175234197,161826.22908150306,153737.29913063778,161127.5505747883,158860.56411106282,158394.92384582252,158265.9592335414,159881.00686338847,158037.41931302988
571,142600.0,133317.27069058653,134442.25615326595,131257.2887921786,132743.08504844643,133469.0024400333,132810.53878806147,131765.8868547451,132914.55197109008,133453.8734343772,132154.17670058922,135262.17015097677,132243.74627219143
349,154000.0,184613.75879209637,180222.92733186448,185732.22901038209,180880.5833356487,184017.102181838,183172.6268225007,182980.1423977485,181088.36210873228,183582.34298450916,182238.62742885124,183474.2829644688,184563.58242618345
545,179665.0,206197.58064252438,204544.06601599453,213316.71562208494,204895.8287530825,203257.82104541862,201634.8421574412,207360.9113599927,206424.76595813147,203860.75147355307,203839.4045811936,208271.30381300265,205368.4730937316
1377,91000.0,90828.5051240507,84653.87697028632,87364.63847731381,89276.3207082603,87002.98578379383,88541.77212231884,89068.06898457372,86444.93337116261,88035.27402685214,86521.53892262593,86271.02121501567,87242.53694638365
661,197900.0,206040.55918028776,202662.88042888843,207479.7054127971,197523.51339262343,205381.80079622724,203981.7457026902,201815.8993980627,202547.75760515768,200760.8723575003,195905.1193725627,204202.8925909332,203666.21186785272
1112,205000.0,188278.53911122875,189249.07983171698,188375.16387772103,191140.86745298165,188476.65604708926,188535.42727496888,192820.0431339436,192194.48837909228,190059.94571459226,188479.30117468824,190441.81618264315,187015.86769347667
459,161000.0,184419.42283270802,178607.22146149655,187354.5810751134,176184.0964695356,178665.15096398914,181770.31704695086,180658.63052644848,179320.5470084699,178568.59858676803,179183.80353082853,177963.61041604876,183389.36467749087
1006,149900.0,134617.07125938803,135918.93564706575,134143.92894859493,135125.0330913694,134327.69788907538,135320.62034685124,136102.75536129682,137203.2868920225,136983.77432788865,134153.51002904744,136478.6179811259,134785.15738692417
334,207000.0,193570.85430574388,191955.2381745796,191469.86417875387,193718.84319689797,193904.5600043529,191827.64578150306,192216.72752255935,194073.09384723738,191722.76940019106,192996.59476727518,191365.48267334345,191782.55338579524
722,143000.0,138873.6753210615,141542.3417814329,136614.45040224819,141421.65259142176,139427.34116757425,139745.4075072244,139944.91311865917,140252.20163228572,139774.86218469948,141618.6211378835,138065.5500824121,137987.43954917704
1290,281000.0,279762.12193820724,276890.40911771555,283332.81385712523,279190.9798390686,270466.8776554633,275824.8605141759,283812.7129489586,276056.5937801012,272346.0104046651,279682.63501557056,271728.4490352318,268221.43078545085
679,372500.0,370684.20377970516,371161.26191664673,363273.91909143905,361939.63717010245,369386.8713708943,366886.9402696308,367085.96886507486,371479.5732718331,377814.789123503,380547.79031811183,369234.2430237437,363348.4703209803
1355,235000.0,239520.56423308118,237335.55933151054,237530.01065246717,239580.198282558,252244.55106659845,248129.86787319492,240161.45035893368,243520.8003472822,238746.64507719743,233998.47771281164,247433.79729884336,250141.90512247744
329,214500.0,164148.53270176842,178255.19120665485,172006.8983606674,172467.32454705756,176212.60738396813,168073.9894860403,164135.74032974878,173714.6888238823,175995.73386397527,173059.26342875286,169717.3005616844,170483.4452792014
319,260000.0,301234.2461155674,307235.52539328206,307946.6176897413,316709.594758862,292330.29812807136,295877.03323337575,306298.88644259487,302818.38262076664,306386.8931193097,300062.1892946532,305490.2495119141,297992.9604491806
1439,149700.0,150439.55402824262,146345.88494085096,150356.07642777817,148003.02362669562,149927.47931145955,149013.4546732535,146036.24164964168,152089.03940059245,144405.88056038236,150825.89936225372,149688.27611303303,147335.57472449372
909,131000.0,138944.8611679653,135908.52489432643,138539.29555721174,136157.88975300122,140564.40393321926,138153.52689475004,137496.3458255213,138426.49563043177,137219.84987463296,136156.87878288556,138471.1483525562,138951.1811688039
13,144000.0,137042.27107275554,138171.00447075948,137505.77032363642,137789.1831024808,140113.43530105634,139296.84504254127,137660.146648377,139984.35762198234,138365.5319460289,136851.67249907658,139639.0807631371,137648.8416231349
172,215000.0,188827.14945593206,193189.31657003253,185106.76079255625,192024.49291233506,189991.46174698733,185119.75417342648,189102.31602128223,193710.47655694687,191086.1875689633,190198.5805769948,186150.74973616426,186343.27511829295
261,176000.0,169371.31237398376,165308.6659935855,170342.61900660957,171855.71714389985,164534.68265260928,169794.43261890856,170115.10497738534,164943.1258709343,167254.07731601578,167210.97438851834,165646.02133395858,169510.82563470336
779,144000.0,148674.42178142752,144665.02507479407,148794.3590480958,147564.54309498734,144927.9935450633,143478.4612609144,145387.14726976037,140318.45169554313,143928.75024802206,147622.10061864156,144588.91068848898,145834.5582428542
819,155000.0,142875.04346069501,144578.13423894596,142422.1717360012,143540.80746528078,141037.99747397902,143274.2246057414,143364.62623120937,143461.78965884956,141871.01430139807,142521.20365273886,141200.19712476636,145157.59537454433
760,290000.0,326204.35210106755,327246.5572975929,328494.1299275351,331527.7823356117,325819.5809458002,327843.43766148883,328832.3343487534,324604.67967322806,334815.52805152274,331839.3853282509,330361.83137378766,328527.0742184017
139,230000.0,229768.46196863323,237206.21831303995,228780.37840493818,230616.73575314877,233972.90849622138,235592.41299056783,233604.64171244754,236136.95122103812,232666.98709915794,230847.39034855086,235764.09912859142,233812.00808336545
1210,290000.0,298515.334179893,294241.0580450204,300725.5416555393,299127.1283655789,299018.04182158277,293612.78186280583,299582.29113568,286968.67884634796,296815.07409930666,295967.8640594428,289400.3549429803,301307.88431073114
886,328900.0,283668.6101773991,278776.8996028895,281748.69975821034,280430.8967036384,291337.1201666707,285501.10593113746,274119.81081916136,280873.09693854017,281047.55475891044,276654.2644409981,282254.6625275084,283326.61213952804
742,142000.0,132879.05355340397,132524.89641026038,138083.59905831752,135211.77018751466,131352.1582939831,136032.6601748895,137919.56323821656,136137.45162456197,133734.68228832178,132812.39269619505,136129.50246068445,136745.0609478839
140,231500.0,208961.21969419235,207459.80775772993,210742.733543088,209973.19843718366,209144.20517267165,210712.70010507572,210176.35643185774,211898.66894359354,209743.549866234,209173.02835648443,210930.73366758553,212775.64358705538
1277,162000.0,160708.84744719358,164557.13005513806,161944.04487492106,161621.3097544734,164682.65721078726,166000.75165383052,165081.53084543187,164370.5388936196,163050.30514806072,161199.0221509815,164082.861824049,165692.8667187217
1082,133000.0,130068.23390075183,131243.95680608423,131158.19332153467,130604.35393568537,129655.59556823906,132373.7847257621,131386.2627148506,132111.0111706358,133420.98609059394,129543.21691854134,131105.6492341853,129958.98092696547
225,386250.0,411485.7078767833,407630.0641429138,387912.4014129142,394794.8984796368,392048.3552991721,408857.74356836145,377482.6864145977,406370.17889789894,394122.9416634923,399989.7273581767,398154.9127324528,397442.7266252969
1064,110500.0,130602.52017951544,130831.38832779795,129892.48338213546,130441.18079222942,131817.23460563875,130878.45971783146,129690.11656031234,133809.42641676593,136493.7175194195,132096.81125717628,133405.93933581948,130395.06706077512
410,339750.0,322505.78945656354,321037.53320102935,326509.83166967443,328442.8961083051,328491.36829940154,321869.03550214815,325417.9241027134,324939.6022700852,331656.9878693309,324595.87962831155,321601.93127426284,331208.97377987014
326,87000.0,92315.44268488184,92200.62756213841,92241.70802851334,95950.47418232504,91957.22296066582,91476.47285051769,93635.4900294552,89792.03065097089,94222.09697481964,94746.76003924898,92828.4197878723,90967.90569298861
300,158500.0,151776.2889450311,150633.47499600388,154331.69001822,151364.1360929165,149377.40180455783,150762.89611755998,152492.51247180972,150365.3698688177,151014.83672121927,149343.75152755989,151362.7143452329,151666.766103413
1243,170000.0,173025.02567024255,170684.60434685808,177437.95591577239,172320.6160283374,172021.24533229886,171188.82941904172,171787.150740861,168405.90782146098,171695.0747541,170674.64479933688,169195.29164500075,174436.90134792458
706,55000.0,71992.04145765028,69557.27011933716,72608.85665274182,75194.81887729235,71402.36853176047,73570.42758062747,74163.47347582037,70991.22968506627,73569.4747387066,72353.31036625829,74030.08643347616,74090.21880733519
1236,138887.0,141181.0650581135,136691.03238023494,134072.1485482034,137297.9635098392,135405.00647078152,135510.66839309718,136312.14200696096,138581.14084381494,138123.77593074352,137791.1974795305,135574.97268735495,133564.42966409883
1356,170000.0,194822.79914961933,191200.25153611714,190814.16243645313,188905.83904354964,196155.53261689597,194680.3773645962,185108.27915680068,192473.93762866754,190307.0028873919,187547.64259029468,193908.19469280375,192002.97779907536
904,240000.0,247856.78427429628,246958.89375034047,244685.17265777936,254561.75057761552,251200.20613338845,247178.43513024988,248701.52661771837,246316.50153224898,249594.3082612463,246244.75773045263,243401.3524509814,247618.87323726495
830,147400.0,155296.6998850107,155688.95967223932,155319.21070935385,154901.52479320572,156587.65095542357,154876.2040535859,155861.10081093461,154902.28214993252,156317.4954001591,157767.46244316877,154976.36246825903,155994.48985022644
504,289000.0,266625.23765828763,287560.47986035125,264139.96062859753,270231.21973307425,282984.9844775244,271333.0449817015,272308.7598558122,273983.56329414825,274101.8145246001,276792.8956102647,270936.2297953252,265578.4759464841
1337,135000.0,139313.77107958004,141223.7232540174,137203.05954430744,140663.256107051,137589.37761219052,137595.03542201445,138349.8771008394,137341.9616398273,138946.3335607789,140647.50001358494,135117.74281150143,136674.41456624324
4,140000.0,159528.37554646758,168559.72651318726,158679.13145160596,164227.14708884366,172114.09390565462,166150.37479762247,160930.87391906662,170834.71831011827,166241.48177828002,168471.45640638296,166447.50471078802,160971.520375167
1314,333168.0,343927.8279415872,326133.71032915346,340010.4293511996,343269.5344904745,341028.9810707134,346050.0048994422,341251.00165640836,334766.42187359085,338673.3188432015,331905.63280628825,340195.4892751053,346604.3398268681
468,146500.0,162828.16533588205,147702.22817683124,160846.60774406214,158744.48229688517,161768.84952461906,160341.91326658675,160154.05208934523,155010.46656317633,153394.66726703383,153080.91763825255,160126.4867772176,164022.3239817479
322,354000.0,357314.0880220024,338598.181150158,342244.0319538291,349664.863775453,357085.6521023174,344387.6465573593,346653.7621194871,347241.683572258,338985.9545565944,342161.33210535336,342189.95096026966,339622.1050034153
6,143000.0,157954.32086611798,153714.79693228166,158435.28563085993,154104.65098500185,157750.0634718068,157357.12208376595,153201.44057586102,157487.32976318742,153081.8969276827,153992.71484903377,159217.64221643616,155633.90908487947
1240,265900.0,228846.35975415356,225096.16333861256,226735.17228497457,227024.11709649386,221698.50315100694,225313.6877259037,224478.71118584977,225139.64686401488,231686.69963231392,227749.06089083673,226060.77689087315,226361.55405126512
1094,146000.0,152420.09543797505,148818.77283952408,147914.78207641968,151692.99533060216,150773.5036696353,150339.699960353,147827.6478155248,148770.0590297127,146147.07249100984,149515.0814771158,148535.86093278613,148148.1388010916
716,165000.0,151262.5625550794,152321.42546016758,149768.55059052986,151101.63033040415,148621.29367282457,151978.97702678712,150729.93563384408,153549.2977192411,153427.78995605957,149331.98807123431,154618.05394498658,153184.37116719713
40,82000.0,78745.99508334791,79574.75540691227,78157.62939659608,82840.28592926046,76164.21784375014,78882.68477541939,79759.0625333267,79954.7054828446,81668.77575192269,79632.36938142826,80335.58986188403,79075.69171897194
543,213250.0,210380.47028025993,211605.69700914723,212240.7462495786,213526.61909647283,212172.65656941495,212962.94884284865,213068.56376839642,213054.00636125926,213900.93926855866,217701.00945254162,210411.86230539848,211924.8681106236
243,79000.0,87225.42518403962,89669.06671653413,88305.89931304332,91499.31512714496,87552.83192031516,87774.04833062636,91002.53281342638,86252.58439664102,88505.40771543304,87870.04975267284,86903.82983525694,86768.23845745879
137,143000.0,148298.8347810259,148529.43663386948,143795.8343244582,146922.78819504182,147370.6206251983,146087.92202810125,146286.01233055154,146812.07941666676,147917.51087076185,148610.64738418863,146495.70787754044,147487.37532262204
715,130500.0,179277.43610265324,177537.1262912133,179053.61729855844,179810.21778042606,183742.23140441964,179363.4345674909,178153.02230027373,179022.6345623328,177976.79887254332,175547.60681167085,177590.13575703543,181966.9173271996
738,239900.0,226511.4844585704,228797.06771240485,230243.29961212588,225706.1178171152,225153.07359180928,228877.37961689933,227655.91932972285,228414.7795784426,223748.40426023892,225423.8300167674,227793.55070201942,232938.34878357526
1302,177500.0,166293.16004650158,164528.84218901844,161765.8876224846,162865.85123296082,156555.46220591554,161358.4601684401,160479.26670206556,160260.895721283,162445.2094225959,162774.9851009428,162005.9170201443,163419.47545669848
1044,262280.0,252072.2798943042,250260.5088020585,262472.62091316987,265893.21418473055,258963.22878689898,260029.47124534572,265124.8066617789,260081.5016119316,262801.7615045571,252396.45063306103,257791.11435057817,257777.11851768542
1331,227000.0,244523.15532395334,245927.2382361062,245269.15649522067,245564.52402925797,248316.07538093303,248712.77273939224,248564.4941866607,249291.21958624004,245571.89517110575,247353.10884758356,249997.25905627327,248687.06008680575
1104,159500.0,145757.93373861833,154164.41388057123,144938.46631658456,148568.59108983373,148401.3256117273,142867.97325742105,148757.7341135443,148715.97838498978,149064.9049236612,150635.49807173063,144274.67264852286,144386.59005324836
753,217000.0,206971.4878191752,204050.94554168993,209549.5134783283,202691.151411061,208036.26860751383,205264.55283898747,207643.17185831798,206441.43625121246,201681.40287360203,206294.92486466,206613.6608368393,208448.7655730391
1354,410000.0,380400.88133508834,388770.37239021837,372878.8992323723,366783.8263542114,388811.2088634971,377889.72118259635,376974.19711514417,385790.2287705257,380739.1317562896,392341.09479923395,372307.91227704094,378281.5845138223
377,148000.0,132724.84857166247,132014.296676143,133497.78016220056,132876.58883055812,131118.38089778562,132862.88162517184,134134.4147642207,127910.41844413748,131680.53823995,132860.47330231988,130836.64327040761,132187.8511403046
315,178000.0,167881.15650191923,162918.46448116828,172187.2108254852,166711.12467734705,166521.7212349668,165774.378903176,166448.05390963305,162741.88110198095,163647.11469395857,162456.23193731596,167690.2531768403,164982.98807528894
443,162900.0,143896.06645142607,149151.0402934323,145821.98462795347,148412.98802633633,151425.4278418214,145981.97524152635,149037.78788412665,145372.60931524384,146458.97005524742,143319.01479823672,144994.6628008034,144443.70751492586
320,187500.0,202331.38802482781,201178.2847912715,207737.50969887697,207658.14618316983,208945.58090345399,206271.2269219374,205232.35126920574,203462.77397515645,200086.63349313007,201931.1320475297,206363.80536914367,211131.68428363404
768,160000.0,178269.70610342565,176033.1690448671,175336.40259143355,172346.87380455848,178121.74791455155,174530.8208587951,175332.06544771392,180102.22906740187,174514.59377324942,175888.07701910785,175410.24158940808,173955.7745151949
757,212000.0,228475.0231285031,226599.33484495673,227774.07742653196,225412.02181705175,227702.54577419476,225764.8168914919,223890.20132095405,227724.66676905524,223339.68901141608,225034.51473927562,229286.43464864674,229803.16074889322
425,139000.0,144988.84515650503,143127.36469649302,143826.83812196794,145599.7492319525,143979.55864512903,143615.76424904173,145095.81912154838,145010.23814868118,144954.75121435864,146422.26542297343,145528.31509179322,144888.58433443969
554,108000.0,110983.97713602775,115688.63562005367,108538.31287263842,113912.75954934223,110106.0728932303,110711.20610716305,112194.34964630866,113528.59730245387,114849.60145489506,112472.1125499065,110771.02599762884,108342.00218281568
1036,84000.0,78461.37440573626,81972.51222238281,78281.97489970623,78722.95822218155,76112.60237920728,80083.19954332318,80568.10110675686,76807.65998445929,80673.19124358245,84793.36046755403,78987.28605429124,79615.92874723538
954,172000.0,153169.69442750257,164883.79208438593,155069.77707199843,158293.5831106994,157577.68250642467,157480.35321645866,156025.30558637928,163246.80110933888,159432.1539278664,162197.45594101024,156924.57395895143,155405.51273831987
1186,104900.0,127252.8647323518,127648.62978868143,128649.16737234448,123321.3040554951,125675.04825946478,125117.6844788472,122205.64810644175,126325.22908187374,124851.22101611801,123477.40811351583,125445.83431751207,127131.35194877515
597,114504.0,110746.05103202043,119312.54071146045,109549.31692440633,114476.79702195308,109654.08822491654,113044.12583320055,117232.05009274675,113345.11627690235,113858.28779518954,115545.14559522906,111319.99267376351,109277.76335861742
228,106000.0,94693.04521293583,96013.23773158244,94679.86236398037,95204.53612828403,93621.19830605086,95174.81911443626,93150.86723485898,93432.5371897964,94871.91471516635,95880.88891948943,95225.16297166247,94993.52691105497
1107,179900.0,194963.776102345,191868.58213803743,190744.15106315355,196287.40583221594,191201.09017430828,190037.828223706,193202.085945853,187328.3992819112,194145.56455837085,192903.813446512,190391.0180534435,186474.83712652198
772,102000.0,117479.06025151013,116443.63445177728,116178.21775345,116428.59088169897,117685.56132575034,116686.02967478972,119063.70032583558,116921.49620305846,117887.3732745225,117197.21474090082,117285.99572239067,116713.56765080582
934,190000.0,203203.1935881872,207984.44115336784,206911.22400160134,206332.6349382138,205433.4726148636,203889.9285290049,204998.54566470007,206742.63267340965,206308.4242419603,208851.0431771854,206209.38558693408,203028.74207196623
1418,340000.0,311172.125606747,322733.4018886397,324120.8561687924,326172.9856379894,324741.9583151651,308960.4596443483,331264.8410208545,314245.3889657271,320234.2381639755,321935.2748612585,309857.3326840881,316627.97400316957
67,180000.0,267045.24362655263,255389.11425967488,261663.6207880176,261818.4878175398,258927.7482501836,269141.9760602678,267348.62054257904,262425.6966979813,260928.5852335395,251979.04041346352,263665.0278706056,264475.0430320602
1000,206000.0,185911.59670399694,186131.4104138731,184241.98643444435,186372.28771226574,191838.1747753359,187609.93421649333,185419.07775516238,186208.59033856663,185204.06353345842,187721.7420648741,187883.53661011675,183661.4818373458
580,131500.0,127073.46243660267,128672.78040568212,125465.7703701197,128387.36403458801,126312.36568718465,125733.29142865178,127748.29417610452,128088.12452231561,126426.84906123661,129041.79782007562,128007.56992700387,125834.83335093029
943,150000.0,136456.20033810264,134710.43601102039,135922.40358038116,127460.75847830602,135263.1319043146,133474.38750834702,127632.83173470983,132371.99294534393,133815.09843060686,133030.61201576728,131498.4849300548,133872.91343656174
212,186000.0,176126.38691406042,174452.47047793132,176674.35214623733,174107.07662382358,173263.57860207968,173441.67675740243,171976.41502425546,176487.74419766435,175077.66812863742,174989.34894444913,174236.83986931003,172417.767096652
1149,116900.0,114837.0035555596,114511.7096791839,117853.70197733244,117115.43356897951,124261.49697712195,121598.29247447525,114778.60925882771,118865.80142523121,116473.12613333052,117752.96364223058,119067.43433870822,118688.50931006052
746,299800.0,342200.09659067774,320170.5750366044,347291.90318102756,318979.1220214816,332613.9593856436,325198.6966735554,323434.7302766804,335260.79358446726,315638.2240910618,317698.8258233982,330105.78966493625,336129.1784582662
537,188000.0,205995.76572649516,203464.6647881283,206174.35645063827,202673.19297018487,208042.8225030204,201913.73144783353,199190.1905449042,204280.70100302977,203117.21120849487,202725.24885197484,203568.31556783983,204558.43637373304
1287,143000.0,158362.21471957787,158034.66856164965,159485.8060220954,159286.19778048553,160142.5951266309,159314.89728558058,160939.2230113036,158032.24851100476,157769.1022401038,157022.31058621648,159617.42448863268,161021.50068332462
1296,138500.0,133763.4013056214,132427.3422369635,131962.41733524023,134890.0915705349,131990.74564281607,134175.93177309062,133865.17854333937,134223.26466356992,134683.48951650012,134588.59029925312,136890.57189810218,136498.92500550853
86,260000.0,272186.8972799652,267215.31092177104,281817.9133090331,269295.7144198112,266440.67787462036,265739.3646032581,281242.5383808865,261833.75181782758,283722.2079350534,272777.13215213665,269331.4846173216,270468.36641190585
1315,119000.0,117948.60188075081,120641.91083863213,117568.081767659,121723.4615394192,121766.08269529467,119995.03399231528,121102.62971825943,122473.65417297947,120372.67503796317,124026.29941028162,117523.3536287326,115002.25047259277
975,167500.0,172288.48399210043,186762.8571279594,173819.87792554704,179377.17394661566,180646.61484069712,174192.8440348224,176986.02967870352,185819.7422681711,187783.42577300651,181704.9919496057,175934.7559666294,175696.2081628849
977,85500.0,79146.11933690155,80562.85660306906,81872.73486059073,82969.87438079981,79125.69270816732,77852.86834119726,82674.2164229428,78132.36069146024,81412.66799133908,81250.25791332223,78583.8023622721,81275.43578455785
632,209500.0,232164.948116523,234955.6990417995,228249.9499966089,230429.4361309463,232561.43507583824,230572.17660569763,229975.3380139946,231460.62308880777,232546.77305556115,233709.1343723775,228145.4995917394,227716.44058958872
1316,206900.0,190583.205469704,186787.13477304854,190203.78765322798,181459.1711895976,187664.23776776655,185256.5061026772,189332.600263139,189003.39039317254,190362.62405268502,189337.3196823953,189091.7166364727,185468.21410687247
1384,112000.0,156711.95571632285,161461.5515283343,158422.13873215645,152736.02157150672,162951.8125442223,157217.12970159904,153932.89481883205,159208.79175361912,159317.24598999205,155277.27963580587,158711.08806851786,155316.7626566737
1402,193000.0,187642.95385998223,187656.86279495026,189838.54823472304,189662.71642877426,187322.00704298267,187951.96956098313,188538.40517492278,185646.8352255359,185894.70407516183,187243.72889442462,186326.46298829696,186539.92291778728
950,197500.0,175581.15838455874,171992.67044072432,171485.21035985486,170883.79373253547,170764.35798391295,173201.36827928128,170391.33209810383,173049.18245143438,169667.84133650205,171286.7795162193,174559.15334554846,171580.42593549416
274,139000.0,157114.60834857856,157998.63876131628,153194.78571904098,159631.3798678158,155245.06243873842,155681.9303563838,156339.74608791768,157448.39644901888,156780.12941407674,160850.88277224413,155129.6618685445,155296.8850187691
1035,119750.0,118854.14435908936,115344.67488214943,118698.3689222618,118224.74863393625,116496.94951290808,115824.31883529613,121138.9867076908,113411.65625870551,116008.06153053498,116953.21090405999,117277.7539516507,120376.26582597166
363,198500.0,194578.15961826663,190051.028001474,193311.13627800238,190683.54564269056,186915.16198530412,190191.8393599232,190027.13994855082,186272.34694246828,189537.95519064026,189462.23910248425,192401.0102311562,193333.93405828945
623,135000.0,128586.45653262618,131962.3739793007,131615.26506384215,132106.3405163094,129268.43667495316,131531.34070573602,132575.4878702886,130548.89120405984,133877.843972413,131577.51897474978,132404.716483817,131752.87345411314
3,223500.0,208659.4045339097,209689.64402772317,212447.58502351123,214075.13620610192,212711.6871157001,212025.91092078065,212802.04696678318,208307.0024350911,211980.5973008564,212780.78243437837,211038.9612646945,212365.3456208528
7,307000.0,287660.6788159697,278750.8518297114,279066.69161996123,281597.96713374625,282474.92334199336,287398.3434154335,278693.12649049616,286700.3776289194,279683.8846857712,282505.66374402074,286074.1397364865,284578.19824379176
312,132000.0,137600.258078586,133664.87974592872,136822.3737274512,138423.30586672144,136494.8695951556,139046.9756780255,140205.3430188904,138006.4994251622,135828.88450308444,137151.60061196782,139650.09809980198,138166.80628766443
669,168000.0,161706.50453587167,165521.3425551677,161772.03092254142,166532.55248634517,156155.8001283464,161943.56419021712,165175.16924471743,160608.32201032425,164370.66628134897,163169.60669228266,159302.4373430136,159436.40412996482
1038,287000.0,257768.79042327811,245366.41972757436,257538.13936636777,246345.40345548553,246464.44242954103,252508.1170549782,243334.05419563822,246292.58904405104,248046.37682032902,243016.1329707319,251156.25969926783,250022.11911117227
1440,197000.0,179162.27579459222,185103.65454327306,178889.36003355082,181572.0065838587,176958.12460359104,179829.9738588983,178958.97646980462,182936.41042546532,181481.98914886656,181883.38469442088,181474.11311812888,179112.63755728884
216,134450.0,136599.60192809367,141580.38759786525,136102.7086157246,139967.06052644138,135933.18069393214,141814.80181260486,138279.8079280161,139979.44839978125,141460.47298568307,138752.8623329003,139147.3871894305,137912.4912863022
1120,133700.0,118567.16822350626,126862.08503084784,122692.87231412249,118886.53173445238,117961.70588372814,122788.73570311735,120437.54836371337,123172.96377253969,125141.46500061959,124209.7539586977,120288.88001535233,120467.14917817982
28,306000.0,311551.5565517873,303715.890890406,306316.721320319,302253.060916258,320161.170397101,307894.27957367024,299179.62946731586,305654.07297726156,302084.466051598,301854.93031556986,307905.983221215,310818.18311409035
1056,180000.0,154587.0465132478,157861.2460576041,157150.78327778404,154830.2539859533,152825.12139930818,153629.19209586325,158107.3706270057,152566.16300727465,159009.82101805296,155934.93877568934,153121.6128820888,152497.58933074083
825,232600.0,225549.22688614222,231016.25878625162,217224.8311612605,227220.82482336494,223069.14650264647,226409.29791427188,219290.98221551365,228686.25210667963,227119.33327057684,232281.3779480922,223553.1477410053,223988.4609667177
1416,175900.0,223754.1226488458,220485.49769587797,232183.62018050364,225476.05871428244,224944.7792212622,227900.81166944074,222886.4963389155,225389.48838338398,227730.62680754357,214636.603646194,231795.43768898744,227266.32412963596
1199,178000.0,187565.4871515614,181698.59419336257,184165.3500686608,183316.56670938365,185821.6197878926,183842.17359718616,182696.6011001924,184355.09280641895,183451.52752564798,182330.8330858333,184877.27642641473,186506.60032679318
1281,227000.0,209908.88489907555,210524.84239178553,212560.4118028548,213689.03370431546,207637.2781452089,210081.93635693478,208680.9258324993,210428.5627435042,210855.37906173148,210872.2909526519,212109.9061242504,213298.2858549626
625,165150.0,158055.4327381326,166009.2805724717,157063.04982369152,161936.94260529472,160765.75168531173,161975.7303272149,159036.6819038743,163472.77510746053,164279.48519766645,164402.2486490342,163984.70056129707,161321.82550789946
808,223500.0,207432.56728453917,200024.93388057148,205961.80614785597,190382.50708107627,197047.50107772244,204946.62559819082,188884.79325470305,200855.3179514499,193508.33733972648,193966.01872625836,200414.42521512375,206310.44413245452
257,207500.0,195922.08350385455,196892.31562237875,193514.13679470686,196446.83774045753,195756.48137729603,194377.91243625508,195738.98516951254,194796.26593538685,195950.3211889755,199808.0722397478,195532.02613522945,195797.9658418801
26,256300.0,258818.5920642659,253531.0389251293,262239.0887336398,258977.80654993412,251456.07826953012,259374.67943417988,258221.07936561774,252882.6120640866,254281.63872755272,252553.67266264974,257808.9554864441,261643.57059985126
337,377426.0,348702.7830232054,348891.7762728688,348641.342905872,355739.1455960708,347067.5104984075,350049.6481798663,362303.12864504603,345883.84502843296,361712.5209196322,355704.9276643971,353310.9994003001,358815.6900665642
573,224500.0,219741.51765675543,212299.74264710114,220372.1069964958,215779.86617544203,214962.64661695165,218892.4722186936,218959.13442115815,216368.74512360265,213435.9527987738,212780.0974838493,219841.54098578627,216512.98216899973
48,249700.0,254019.3415226829,250910.81930395993,257278.7820766798,249063.36951982198,254203.1084905596,250278.16671326975,254507.87710910552,248688.96784136634,249967.51140519168,247532.51484105864,254703.6806508379,255462.02207646557
107,100000.0,106685.42245551583,104392.14045677219,102926.20983014551,101294.45331262932,105050.56462203739,103562.94536941401,101195.01539869115,103086.6377178754,105197.18176439307,102027.4658729557,105117.0050984545,102566.42915109388
350,437154.0,445622.15327006055,452864.091291931,429475.6413440881,431173.6306376381,446585.54601989395,445969.01011365425,427074.6827745748,453308.42435119307,437120.7950300515,445759.284300297,435939.2880758315,437487.06472901494
56,180500.0,165829.07259075946,165281.71620073583,163425.85325531513,166244.52070293744,165531.10786432435,163303.6151098037,167764.0365452215,163926.78812375237,166641.91892092727,165433.39630874156,164373.7958841028,164139.30963587493
1444,121000.0,100312.16855576502,103992.10122042254,101439.93375030629,103187.70292198221,97879.87749115628,100387.6388300623,103321.15281052975,101336.9905394581,104498.62631148618,102544.17124992942,100870.90465884429,102888.43439141715
214,156000.0,150645.44333256493,149202.23051312694,152989.6744021466,152164.93657584488,149613.87069858852,149343.881038658,152809.19396553992,148495.979763034,149228.72288229468,149431.60576779972,150592.01506153418,150861.98347404742
121,180000.0,165088.59630296973,157822.0947897865,166119.80555436097,163053.30612470966,164939.38674353046,164250.70072691792,158714.8087206993,157324.11523068568,154260.31946037727,156203.92570348718,161135.09894212114,164856.39408108973
1207,107000.0,120338.27611955527,125814.47179452555,118698.8697835558,124993.95139798422,123044.01804395502,122196.39560934914,125208.7607412124,121900.12460618572,124868.11680310096,122677.7242088346,120420.93640015763,120660.34761935356
1389,377500.0,367537.11445364926,368484.082127982,363978.4622203193,373889.52090318466,372074.83594897215,364610.08654247434,364091.9344999815,359717.37302104646,376371.8953751704,366859.5527786676,370401.00871935213,367077.75240508025
73,185000.0,193884.83815401912,194757.9439972629,195066.0069017589,195420.76670729267,196883.57495241825,194422.2035048316,192546.9940964678,196580.1376228966,195295.64692456202,193070.24846949734,195136.8610860904,194425.20123146405
744,175000.0,156496.4852848692,165080.30624914556,156901.35550716787,158427.92802298284,161133.74445547006,157317.04689677435,159204.51945484607,159496.1564859433,160706.20076799515,163040.935413614,154823.3357371995,159515.6673003287
1189,195000.0,187197.44270745473,188223.33970406238,188527.52343493112,185547.43861775007,185241.3366762746,187977.24700426604,186255.38316169637,189450.52376055004,186805.028331262,187413.14298010382,189129.02334562322,187898.43346466692
46,319900.0,285769.57141338394,270107.8111008494,289872.3917928964,277737.0033868537,284833.69102994935,285210.7139644683,274397.7617956685,275372.04952600226,273915.5460452451,267760.1735665201,282715.35096558905,286060.1064538554
1231,190000.0,212505.51939054547,201819.34405200274,221782.15904151966,210961.4077147862,207406.43177505228,213628.21156400166,215648.2984200749,198636.10624473786,208762.32942180315,206655.23335486965,207803.21556050846,213694.84738211226
524,184750.0,445557.6869209522,447274.94368669536,449506.58573444636,441790.64513320266,406755.2002508381,432899.7795372464,441263.339092914,422740.0249894046,441438.10341151897,457956.57786935364,421388.6699548933,426695.27982385736
827,109500.0,88613.95305020484,93509.06737435888,86083.70994680247,89551.64122456888,87566.16601037359,90378.93933422431,89666.06793787237,92854.3747759834,90822.79365985775,88611.39205521712,88517.92860276708,87150.14896985749
868,129000.0,135615.5247940886,137083.7965247073,134612.9394597503,135230.28778234625,138149.02748630577,136611.30338296172,136612.68518217432,137835.41747572858,139690.58421909512,138606.533470587,135873.4589799992,135178.72107299784
1200,148000.0,143171.09295099298,145309.18111263704,143150.3851827812,146930.43632812536,145263.8784003186,146299.108614155,145148.88034248387,144836.43750043536,146821.36835709936,144465.23170881867,145469.9928959195,143400.3842026609
758,158900.0,156453.76427540884,161659.18369666327,155464.7592976237,160281.17677970542,160289.03633856052,159587.4754454587,161988.98357504155,159427.26865797918,162714.3068561299,162124.3062661939,158736.68971609752,157718.6304564572
534,39300.0,67356.43144660129,64797.50101317451,67631.88883448554,66850.39067334283,69036.32690381128,70566.96005321792,66084.08829123976,66964.58313878521,65818.8089912183,68292.03217641018,69261.12705739572,70400.98763633281
604,151000.0,155329.27386909226,156462.08724893347,152505.5485608687,153716.30939573247,156002.9502415616,156582.8832891076,155785.25294531582,157730.97694227195,154854.94087153557,156281.20409491376,156046.78369675466,158315.66689914724
466,178740.0,166206.57020176869,172483.1192764351,166639.1822106955,171141.85980890426,167601.6852402177,170122.91942228022,171791.21250111016,169710.38880680662,173053.08321252142,171908.77866776427,170451.92991521314,165509.29975325277
1392,124000.0,135759.33140823248,131433.99999060755,137730.89647596204,135411.00464454215,137355.62044450012,135949.92621496148,137194.0123506445,137280.4874121679,136163.61298119937,133992.27914504404,139685.89675805936,139493.11559901567
1245,230000.0,187959.02680234195,189879.00362615587,189713.40767291115,184315.6417061581,190159.34178093175,185993.1117701522,182291.4042194766,186160.13094146847,186226.56030963428,183050.653942584,187950.55021862223,186193.11298904996
1081,145000.0,165719.9303105029,168901.56584336908,162968.62728869705,167469.9381510194,163068.41566255386,164918.40628327406,165317.81551092115,167316.8738721967,166438.57603588796,169959.72380273143,165684.00070608556,164456.97172380943
905,125500.0,120669.88109402343,119667.56768602305,119976.94284982371,121149.72476280134,118824.87839078195,121420.2350234372,119908.82000124035,120759.68615538366,119478.89444138235,120500.56404839079,121962.76677213046,120811.47108507497
61,158000.0,166437.98174030238,167120.12953251993,162544.66041972346,164154.74186492624,161616.4217513667,164264.04944160435,165461.76096155503,162806.21892629247,164334.3270715284,166892.68755763138,163829.06391923164,160987.41087549712
93,163500.0,136245.65156336303,137095.06222290904,136437.55203121383,132355.65740475597,135293.62904397195,135888.56799477368,131259.5666775622,141434.62137467132,134727.41473125227,136603.70799502806,136821.70191292933,132298.1952264048
667,129000.0,199019.79908676515,209093.40034700691,191822.89232676788,193961.71827378703,201281.5100467775,204268.3602101624,199857.71520816552,205755.73375351232,202187.69035444336,206768.65778442618,202369.39425661496,200511.01908512655
728,194500.0,187741.16421465707,187128.04204952435,187298.3295289491,188092.13060501422,185427.89766102485,187986.81388215002,187352.97599325457,188406.41555572994,188305.52240046018,187959.29559170056,188566.09051085994,188034.85934978563
195,127000.0,123115.83295641457,121656.55119730439,120666.59465650914,120124.44445721907,123525.38982789444,121667.77019914828,122482.06561836149,119619.13403526106,123245.33213260688,121694.67325937955,120449.84297295837,120197.98234835929
281,228500.0,204661.30877370213,208732.63048219192,201989.3975094411,204899.6407253661,204327.6662004864,204236.33542041076,204334.9319789192,202734.10140345246,209280.6113843466,210487.99629265297,203331.26053561445,199741.16226980503
360,280000.0,269293.22424489027,273821.49192056525,278112.51680932444,267749.0459615951,269879.8197213014,265692.9693210785,272546.0912884388,268000.2722934197,269735.6952089659,273980.1797609934,269487.74296930723,268658.4452256866
520,234000.0,247340.70442306544,242458.9491100306,241961.39664170967,236181.22868151232,245510.0220869883,240630.28886630214,236996.9509463659,237039.97513075627,235134.08845185864,232687.9037052632,239423.63408146912,243568.6618429263
1456,175000.0,173533.51388175314,175686.2343731801,172389.38849830517,174623.51136426386,173015.93031846543,173653.97689104927,173924.96420470375,174032.72314648455,173828.7399971771,175061.15900230932,173037.8527915921,174624.57607605864
924,193000.0,188992.30126488497,194087.68631102852,190775.06608588132,189835.89332918852,190635.87678819825,192711.85212589332,192042.18242941052,190043.23633800156,190674.9224294368,191040.95420885689,190451.98435570687,192033.62823479765
183,120000.0,114269.69204547288,121292.2880304725,114322.75629397677,117308.86226431346,117617.97936579058,117736.94508948491,117055.2966234056,117480.70353073534,117964.96010153735,116334.7422771416,114005.85699367557,115330.37906865105
988,395192.0,401320.7373867014,411226.34476212907,402046.5970148005,396468.3285996858,409835.7960119689,400582.0895016368,404974.2479582867,410170.2743812714,404863.19713334256,410469.4657863455,400554.2201239843,394482.2822899794
111,136900.0,137985.09251509808,141291.66108463582,135075.43307991646,139606.32826612762,140981.70716270828,139533.95937081517,142936.703888311,142225.68944258706,145538.57369270964,144352.03937663237,141016.17987606087,142328.482722004
43,144000.0,147157.00558183924,143086.19062083983,148569.70225337558,144603.21422298715,144373.70320937678,144096.93710194176,148160.58739003932,144459.52099312702,142989.5657631792,143053.1234527074,144975.4596231526,145816.73012250272
1237,175500.0,173879.7495809475,170053.01155030477,175677.04452680767,170511.75984911819,172907.33830275602,173546.4020268588,170217.75995283935,171646.31952165996,171081.94080876544,170956.66490735346,172983.35761954574,173596.0337747688
205,110000.0,114777.61226885769,113929.85291888045,115054.72556387389,116198.61792541547,113406.74989393975,114588.3837747321,116265.50954958888,114758.48211838253,115915.26889281753,116436.0325571357,115717.90513265546,113513.13458912847
984,255900.0,259967.50923553575,254665.63225623642,263554.9461654263,253348.50793700118,250177.538963089,249018.57536082348,255033.02524252582,257772.64383137412,250823.50002338595,255295.8261733554,255245.33089187756,253071.6475105044
53,110000.0,107276.62839370737,115442.26846419362,109453.44439345886,108699.65306949704,106893.94568894272,108270.67773481215,115170.45597071797,107976.32720371443,113770.45954296681,108613.09473935586,106396.93259579148,111453.70349263707
546,229000.0,236513.32054071533,248802.2947937699,234075.6406307591,239244.03118989093,241866.2368440968,239410.5291898974,239030.7436531907,246159.34796130992,248657.62995815207,244940.39701876295,246333.35437404984,242151.95967245012
946,124900.0,138905.98134801578,137622.2490015625,141714.12282132756,136870.48810124677,135727.52229567233,136054.54306497422,140888.10111147267,137062.07818601615,142733.1754724224,142468.5382081222,137386.13482238725,139328.57298246675
853,164000.0,167196.70513443748,164496.7741929378,162151.8888198126,167669.96870057867,163011.3855689163,164416.69151487618,167901.18855016713,162980.15545431673,168096.87048533643,162574.16036118666,162383.31893157284,160545.9335541251
1414,257000.0,246429.88557182712,259138.24437527434,248849.32414193463,258984.59561700487,253578.6380093984,256511.6534088314,263363.4154593373,252795.28898297902,268855.86129674246,262015.04854320327,253275.26933781072,254320.6572372878
1376,239000.0,254949.75428074884,251566.04892204594,253455.6583043922,252395.76709755562,247057.62855481778,252110.27217979456,249932.87128529008,248646.2580235442,248151.3003929286,256908.42046474898,247421.18649215583,252486.98448991825
184,200000.0,198067.6441559919,202536.4820496086,201477.50469476916,200285.0046753693,197233.97444644006,205994.89584689247,204316.2570061784,200089.8872886499,202769.5418853,198069.10720831947,203580.39914708197,195861.85472590855
138,171000.0,221150.14752175397,202541.34308985423,231409.7671028419,221484.49703509975,228410.5082119367,229724.5021704479,220471.32421868405,219740.87739303714,221676.1685736437,216894.6522683366,236650.5658174236,235915.5251194008
927,285000.0,290256.5720067584,291718.23385534645,293416.8128152249,293607.52791287046,293047.6458561919,291229.5026319549,294259.4408858343,296669.95827718556,295406.02238543663,289365.23516488797,289380.6535131305,282781.0387448635
81,193500.0,214812.2426754977,215562.6870157305,210818.12174385195,213363.8868113883,207531.58284764795,208201.50393517187,214592.21114815547,211396.59329932166,208930.1410829475,214208.8533144113,211255.42570248668,211132.2127241385
1365,144152.0,147095.47882745857,145671.54003710148,147944.6107444085,148635.6195316212,149665.24927132583,149036.80391801186,149431.48255287745,149208.35473661317,150204.6862006757,150843.03834892026,151037.38584406453,149021.94601703327
106,250000.0,262592.12482878455,261163.7973288831,270710.0645154211,253180.15858801958,256227.95626941556,257457.62228416995,253943.63121657664,255290.1393197474,253119.13710614564,253075.32841464513,257305.6052171404,262143.66480130467
542,248000.0,240711.28098345024,249393.87273865085,243212.10666606578,249665.72741307513,253817.7901577375,250672.2642496752,255839.6641421688,256309.06515738094,246005.98194497314,254322.18235921004,254433.09770330603,250888.10948221033
707,302000.0,302651.47283469664,311211.3593522481,307297.2956060129,306239.1553803339,304113.40277390997,299770.44256466883,311870.1299823419,300411.2671109871,302386.4510844819,306356.8775479586,293876.3828869829,304008.8485720276
481,326000.0,356289.01455677935,368268.9534914707,365763.12226661283,368894.41328103625,363820.3325720381,362471.8158322663,378225.7430667305,362234.87864404253,379131.7293861479,377521.95760730735,365907.48660444637,360069.11309197324
166,127500.0,121504.55443311734,121815.49965436106,123303.67936530984,120411.49319116381,119210.60497026841,119766.31624985719,121164.1460458306,121044.7990686681,123213.33880896957,122051.59062184046,120202.1867029076,120566.59845386565
249,180000.0,195234.18722015413,193309.12986672603,193965.0018852431,196317.4621610455,195806.85593716227,194167.5849066088,194671.59309848372,196032.72815598035,196925.5516248351,197035.58790668327,195048.782598675,196462.5372492294
308,89500.0,109525.32771899729,108591.17134586928,107603.8685407689,109163.8447696539,113253.48207332178,112710.83420942356,110045.82067178498,111128.60716645155,106711.43858022813,110468.92790449281,109263.22643187743,112393.583239514
447,190000.0,200010.2601720319,219638.86926502842,197819.46091165586,203676.0092642961,204885.43078379074,202512.7420907908,204911.00321339743,206406.09274313453,206753.4141965295,219593.39320732775,204934.67119304265,206554.93664390707
713,189000.0,194283.8807076827,193276.76568768366,191352.35548949125,192451.70769616446,189509.05278438271,196839.75662719866,192175.66508134644,197783.53709564966,194779.1657076559,193611.14381083375,189341.8074651589,191855.6029558614
335,192000.0,201123.5923976091,196583.9741416807,202463.4282580372,202110.2988498935,202948.77724989058,198320.23872978945,203634.5591810727,197697.7834460537,196435.72967198727,196469.90982745064,198658.17523747336,203019.48744278908
98,94750.0,129132.62624123358,128590.74781448349,123993.67588878055,124898.08976473642,124902.08352448411,126967.82012549577,125384.12060461068,128608.47048555792,128427.74289753746,124651.7954264597,124754.81505836788,124056.12159343869
725,320000.0,321546.90299667703,305571.4828065913,332402.74145320186,317013.9500048547,320916.37336483545,316378.72411071346,315764.2133659604,303917.22128470184,309556.3380281085,309490.6980574063,314031.4522653669,321353.97995362966
906,128000.0,124669.13224565884,125413.7282301184,122241.72509967796,124726.05327909032,124330.2097500827,124839.70498376641,124235.67768410298,123658.93813813529,125891.9051504391,122258.0142122254,124094.34577459535,121586.18447387002
900,135000.0,129268.27033105123,130473.89306527999,129902.59207502847,130352.61345482891,127649.6759881469,128874.60357806589,131687.31206637676,128641.81722701044,131622.59590974968,128971.56347700357,131107.6470465363,127118.9753029605
103,118964.0,127108.33512743741,130083.0851350332,124474.81962469933,127341.11390837675,120860.73462209097,123860.37510330576,127897.39417622058,119412.38695807474,130784.61036408549,128343.4389029298,121587.41525677663,126653.62429543243
435,81000.0,81093.28301046602,80184.09515012996,83204.8469257703,78994.49468923539,82438.73342140786,84238.51461660705,83065.69478749052,81676.38261899518,79939.94958547261,81122.67667256469,82579.57757607284,84749.04907564037
1008,88000.0,86952.97544655339,89553.52266941372,89000.64511086063,89304.07031527706,89560.85465850284,88906.88094121966,88674.94352969274,88973.91042178225,89393.52629425105,88937.55002007887,90928.11146603696,91628.69256558662
1306,325000.0,322324.99744803295,318700.01417199493,333146.92471747077,323554.5365203361,333426.1659077815,319877.2307278668,327066.88307595893,317086.86371484934,315409.8530653642,311376.90383015794,315187.08113866404,324497.28329655546
835,139950.0,140161.3320038955,139437.50271156232,139519.67139587557,141481.56753105755,140149.76440685883,140586.69850849267,140981.90645437822,139419.5202119364,140730.5107811814,140231.13237566795,141888.43264175174,141377.46931669686
1325,147000.0,305271.85716086597,290373.27767044236,308633.6397253095,306360.4680298924,304796.90610292903,302285.95763593924,307074.48030163464,296691.18540215975,295038.47299508675,295415.9530848201,298867.02910484804,301960.46514843934
303,205000.0,221186.3967997443,225455.53973405308,218425.15863060026,226900.94694006894,224810.7041168985,224184.67849744795,227523.36772373415,220974.76562040733,225600.0531982525,221059.18010961794,225109.76627620214,220570.2318785625
1230,127000.0,139280.27061541742,143243.51941545084,135431.61053497292,135761.38212685057,137951.56953052396,137036.5760245583,136786.4514367229,140217.6155006598,143094.07612792734,142650.85212198764,135422.3766775384,135088.4588374928
1192,174000.0,170023.90670519604,172031.06146059415,175911.92233690852,168295.85097281408,164814.99149421207,168426.26563476765,168681.71761975746,170035.31355083187,171504.04121593147,169517.8054359295,170156.78242464754,173935.33097460284
389,191000.0,200850.0321604985,201348.51547433579,200249.04130399608,200942.5985856931,198696.24688542308,200839.18726377923,199800.0496220115,201180.03448907673,202694.00439688092,198729.14714404364,200352.2675912715,201070.7043635898
236,89500.0,85149.03332356876,85170.17383322534,87971.7574580754,86562.40772353939,86357.21590077456,87756.53408584307,89092.64686203781,87400.92192704779,86998.57145945578,86720.86964330015,87528.51414587493,88292.68353893636
1213,113000.0,86749.3190698099,81871.77040198554,89675.84763903313,81738.7713163659,85344.1290391156,88972.58752887584,82205.88133634812,87547.07514668883,82265.35527754297,81432.8948780078,89713.07683462673,88965.45130052335
268,179500.0,188281.03414415353,175751.2467998415,184412.6188723213,180626.05732391228,181838.78501410526,174567.92106975513,182104.48117745528,176619.06337078538,172866.9483146283,177106.0214914552,175578.91917601015,180881.91602421794
306,305900.0,344479.44961072895,335537.5337184104,336844.8852319936,349876.74804944545,340090.7312783289,346301.4311337703,346072.4508681837,339790.4791031952,349231.8168860872,346697.34499457193,343488.9630551353,343089.75373052224
118,155000.0,145409.57932284215,142627.4475213526,147815.38205801713,142242.60014257193,143163.5392618354,146425.5300804964,144937.43029493027,141836.2035505174,143398.77906711007,142813.93685193348,144458.4532432855,146176.19365987586
1180,93000.0,93718.4026117586,101478.16827165577,90555.04363575617,97859.1989037664,95199.5778459312,95446.21541442761,94679.07283553277,96597.06900989327,97396.85482040413,98247.28473743022,94102.29494940057,91105.40020078537
674,257500.0,257633.6037887657,245195.4512702697,252051.6901197374,246894.8933727466,253684.88901951571,248915.06207797347,250475.2623543001,251338.51047085572,244602.3754922461,239342.4420880725,250537.16414534667,251163.2277031805
250,277000.0,256463.5770357214,265177.3018269893,252191.80543436733,250853.7200605886,257227.76102729866,254340.7311551025,250759.19926232516,254757.81419098334,252359.81670374982,257856.89666740826,249471.72616933187,253689.37281139728
1066,328000.0,289523.7823252093,274651.8876847945,299037.12531041715,292905.9123127423,285769.18524344906,283982.96812750044,295485.0497273121,279283.43109528534,285936.4475638585,286559.1167492266,288977.8647207335,289198.4147913094
1053,165000.0,167610.05522035208,172527.28023049986,168444.34991388803,176104.7673377365,170411.69895799845,173051.90729623561,172625.820939995,175369.6139769214,172599.4018861837,175200.53521436485,173451.7468998425,170932.80915204182
72,129500.0,121261.57803921287,123699.64464322479,124312.10458014176,125247.50054162972,121314.561021358,124669.61393054372,124601.94196670089,120519.40144182918,124661.926989127,125891.87426814523,121639.2116541938,124483.25446161887
95,204750.0,201909.82614745857,200846.06202422304,198654.10628216848,200773.3126965442,202438.62311494138,202056.4216853746,201718.86705380504,200870.8380565023,201098.5901086259,203574.91489395776,201102.33230332742,200844.23488155502
1441,191000.0,223699.9302746607,210391.18865759316,219531.80716723314,212080.54402960624,212338.7150144802,207731.8808740008,214935.22880501376,208693.19024793428,208405.82045222574,210117.82127030194,208439.28723060427,218553.2579394621
34,165500.0,170812.59405185084,174417.02602114493,162487.4556111158,170486.9071241206,168655.24979437795,169637.28499667704,165577.23056155752,170821.51400067145,173101.05155702625,171948.79932459586,171576.39342564644,166555.89190226558
1168,173000.0,184847.48398164025,186004.84729266955,183229.05711499634,183651.99862975447,180861.6914533341,185463.68518149835,184485.06697674905,185966.31292863894,184965.52839136496,188502.75003385477,185058.1529705344,183969.13544543326
449,119500.0,134073.68750305736,132614.84728388532,134644.3214079265,134557.15587052726,133024.92876968565,132752.00902613217,132683.98457852384,133063.814099962,135860.954775542,134021.8285000067,131832.26564160496,137164.5613363274
446,127500.0,152823.0232902994,149809.21357555597,148190.30471309426,151151.2048789459,144492.3679661663,144653.2423388402,148405.3664918495,146531.01575145265,151278.7843799342,148381.62607620558,145914.79989670342,144210.32418993115
717,159500.0,213115.61475542668,208537.11625062473,216775.4185875281,216648.87407844016,214033.80395940444,208307.29683819247,210813.12119294802,210919.3265105832,213266.40189563023,213623.43184872987,208516.88294496635,213332.12543587343
845,153900.0,135089.9230403072,137847.4225414478,136210.79048251125,135300.1044446674,139878.3830380684,134188.4763022077,132906.60283403238,137137.0016169598,135822.45093934753,136484.0908874121,135391.89046807177,130490.72528266288
1113,129900.0,120948.23937884347,122997.27566885728,119377.35878761168,118266.47452900307,122469.58314339936,122672.9934937652,123994.4983861187,123800.78968229383,122311.6214681352,121149.65457312211,122481.68190134772,123406.90191023143
859,152000.0,162982.7593387001,166587.07455879197,160748.17318476792,162428.4871552847,162533.58777278927,162340.36487715226,162595.01082957664,164397.87746960044,164792.60752671515,163110.96686099854,165436.73663649705,162855.8662675391
998,185000.0,157539.29911195723,165944.82241187038,157569.30914102762,162544.04512592425,156340.5565683954,159497.60778637935,161448.0953601083,161376.68397990163,164154.99518044593,162113.37882104205,162348.9469426264,159223.47003449555
78,127000.0,110272.27658241626,114419.98503904024,109224.60130927929,112525.80241836359,111802.75590431591,112653.50755285769,111027.27714791396,113510.60754569885,115535.52195465463,114343.5237869201,111589.80592885194,110783.69990294741
85,168500.0,177930.67653652906,174400.52187466974,179063.6694607663,172043.64318153897,177748.97247906905,171171.77832853008,173517.76368939498,175927.14694973733,174171.47843928836,174292.0866074243,173657.24839225333,174198.9475213338
793,269790.0,237561.100670225,236681.60741961197,238197.75825592421,240055.95344903148,237851.207941478,237713.6262032912,238066.82171206904,235279.56932259008,232251.20387989582,235859.53910329574,231429.129145887,236559.5057129685
83,245000.0,244676.49651329895,245393.21962849563,246263.6807420894,245417.89694510962,248493.75822666014,246555.4356676189,248603.1407325533,246080.27248830817,244631.7604031366,245463.15130087716,248110.06173276994,244375.70163979597
458,256000.0,191515.96524286838,191366.40945173928,186911.06543241115,183441.01749447262,192611.5546200868,188105.11902154578,181131.8222511768,188447.36375289614,182100.73703387473,183754.0182723956,183358.93693954742,183412.6731579459
971,135000.0,79904.97788931246,81701.23331590631,78374.11931103947,82611.10845624814,80641.93035798645,79838.5469941798,82257.16894725409,80206.06422099352,83409.36961444546,79299.24198274354,80155.06948779976,79020.50909754992
677,87000.0,100682.31299273494,105830.1100138667,100039.654387038,104733.28641588191,103149.8436352984,104445.16654880806,102696.77930703551,104184.59491502485,101597.28349373696,102886.17125268701,103569.30412457572,104152.12540158228
939,239799.0,251061.63521223483,247276.56263704214,249186.93719735823,254451.8693475542,248680.14789530265,249189.74172101845,246560.19747652183,246636.5488930167,246915.26019245165,245006.8986828281,249760.90360095125,249922.15483470412
1051,176485.0,187469.2556287126,185725.0397448267,191400.94541907843,190362.10201440137,187372.55238289127,188779.4805610469,188741.1090433742,185628.62730957314,187060.070148684,185251.45315214535,189292.4564193855,190287.4514149715
437,116000.0,105234.08173913148,112667.3380264567,106114.66801899212,109442.20088279378,105913.42940558252,110331.07220117959,109350.36677516032,108603.55468073377,109892.42745720875,110815.42943876873,107287.29775757708,107633.57230661747
645,370878.0,350200.79581628693,351128.5893988046,338603.003112894,346984.22011594404,350082.73012809467,344790.9245085908,343507.71539506334,351248.2985471076,360916.3740455451,346747.56687776267,346374.437124129,343788.4522095756
781,176000.0,169682.1150417852,171473.69286425255,166999.70767239374,171871.22581295655,168069.83958486782,171093.08737955886,171997.1942220814,171174.5470692515,174527.9163253017,172688.07522806118,169601.40781110304,169789.79267071778
863,152000.0,145850.72998595526,146308.46641674187,145168.4108917785,146170.0191060385,148084.17173479483,147181.80014345198,147105.84709840344,146115.66031492257,147193.21423364518,144138.33506720667,146494.12336555342,145057.16096085674
1358,149900.0,161965.40435428283,156265.3484108617,161269.8149006907,160705.28177415457,160192.51364450192,159169.06226969196,162125.55071095185,158700.74622715058,158957.12445111555,155917.4164831203,159034.7746494525,159878.1891307508
405,168000.0,170084.01268993772,171773.31325138282,171363.91215836996,175103.14978108736,171762.97129127677,171657.79221849397,173774.15984637628,173915.59907332162,171132.06439581385,174778.71038928378,172171.72064211787,171581.7842646107
1271,260000.0,228574.99414357898,226872.4839974299,226467.72166181466,224867.68486357416,232650.65417665875,228306.21486068852,227238.14704065214,231833.54124607577,222805.7768687301,224661.49091598234,228418.47354114786,223567.58258813972
942,214000.0,218737.91063896756,223230.60675462784,215727.67381413764,220716.87231448086,219973.5205707737,219048.0876580753,219087.8063311487,219966.6024626961,220530.0489086384,226418.34793064304,217900.65400062484,217778.83911625814
945,137500.0,162987.4117482925,155873.54809435256,161044.61587788048,159427.8448695198,157142.73945050722,157768.57175205878,160247.38334231774,161391.5098233857,162169.58992724173,156929.90588053208,161301.18264256188,160310.86953639326
105,169500.0,170429.48724289986,173125.32133031706,169664.79572327432,174618.9662062264,169868.76263852033,177187.73033053725,169370.24674743705,170970.58707692145,167552.7521598106,171140.0336078127,173213.373483017,177184.79048098263
610,118500.0,121752.8839868115,127028.30947576014,120997.49960404441,126031.18151145759,125427.25201567025,123746.93646342603,125450.41273640415,124652.2711860072,127732.89693377027,123625.79580734363,123108.63538075736,121967.20378453289
1069,151400.0,175508.11338266832,189856.11765792195,168622.69936197606,176555.16939217935,176736.34293827155,177571.637513073,176794.0671115352,174624.9784631125,182326.03276121573,181839.8725331302,177632.02789297872,175763.99430370666
994,173900.0,174010.3530812954,175596.7120418706,173768.82151267646,174256.35467790454,176974.16972032964,172951.97030163993,173985.10904097313,175778.3734978647,175902.32146743828,176068.74807441927,173381.47482240509,177267.2777606382
889,268000.0,326837.469729515,313223.2730979436,330215.61616198614,316339.63216458255,320017.7370418903,316550.7159018063,325561.8899389879,323594.65627749095,317559.09224467195,320296.54133628216,324813.99423609086,324328.9980050448
63,202500.0,199890.47240870347,204353.50051565748,200675.59505891672,201577.02317459008,202611.39490452156,203221.38168603685,200051.8975736302,206041.59131077846,202808.9520953849,204274.8578001489,202099.35394119285,202324.9860525145
282,185000.0,187979.18585715047,183010.66313800655,185603.99948690162,188113.54529310283,189844.04702543994,187579.18390320046,185551.97001845174,187013.2160018553,183852.29030854398,184758.91682097223,188669.58749228722,190303.69242715146
965,214900.0,215368.47445660943,219269.01914747377,212083.06611148443,219325.51617632902,217223.45988198943,216188.87914761392,216038.06368948455,216379.02363344486,219434.5019836684,218517.38837621987,215356.26039155285,214562.5592841914
239,318000.0,260267.2681975466,255510.93594476624,268400.3206465799,265773.4828077485,257157.19789220204,261198.71203955793,260914.03903438261,258900.98220226387,257043.391606303,253191.06969832865,260048.8125947571,265773.70491758804
224,97000.0,111582.49228295493,117317.04076814742,112020.63212844984,118511.41122586576,110456.76910239494,109821.7969468547,112831.58979168964,110138.04339148245,117457.87570561783,118915.89089676071,111121.83531840109,111402.46386221489
146,130000.0,139274.716920446,143548.6650436308,144452.4134686773,146545.8749465236,138147.61203542497,144604.23264791825,146356.43054537437,142620.99264181146,149296.26029972444,145442.65015955924,146374.21413206126,145581.90849104285
1363,104900.0,122794.02755117689,123950.31360823229,121565.28380015078,124051.94491651845,122326.96171878497,127439.34800649057,128719.83459887926,121536.15288325037,124124.45655994001,126081.2323023934,124034.26138603609,126613.43545754866
374,123000.0,122883.08092782863,128830.15412679767,125228.2567792157,125094.19827793591,126273.46396858669,126807.85277414987,127290.85023015097,126123.10075266162,127411.05278836565,128428.57472899042,126808.32943039839,125042.27370267524
119,320000.0,355682.8486860929,371911.4216988694,353817.31617779616,361333.6716420584,381262.2027996862,371229.7914687769,355902.487342924,387938.9263679836,347352.641914436,357818.8801830474,366231.615714113,371313.6761223677
1097,127000.0,117344.55805181625,115599.85741602995,115904.7825990239,116977.88114414105,117455.92388281127,116294.98376886874,116068.07499146642,117773.51871581843,114936.17093349823,117775.41705439,115658.81595226351,117611.91323916588
251,76500.0,90646.9370169272,92676.23515362458,86709.00281557124,90344.8663026064,85671.15658369135,91237.00859039882,92540.85942796832,91242.03305155999,92323.23603857077,95165.54630835974,90793.96694438261,89143.07101898658
1407,133000.0,122746.42508948802,129194.15795309035,119521.24015255572,126632.49076515487,122828.56093166783,123213.03195661287,124064.08818072136,126807.70559871382,125887.9492689568,125009.00315158132,120588.22130503936,120738.30764268889
10,118000.0,129565.5469060072,123498.10857536655,129877.8812031709,123233.68307928563,130077.39448356352,127952.8039469121,124876.92016583147,127893.33800286472,124871.193112656,123637.43555148695,130323.3750894671,130561.12539381566
450,120000.0,122203.03718864657,123494.99774384071,115463.40032184483,119032.00120228755,120359.19675140479,114422.61316906691,121847.9754967623,123515.31048877502,120771.0267900454,120460.60942809674,114963.6261557765,117449.27140281555
709,179540.0,193237.26093398884,190948.78045376958,196358.1222059219,189387.04961411614,193063.56243216345,190648.19738068015,191178.35913924317,191210.1638478391,189139.26371841365,190528.4300125766,196251.9573990101,195614.42897305623
256,230000.0,220397.87444466542,231013.6179692972,217833.38876786505,224574.4937350944,226619.12968941932,226527.61018767292,225258.12668024324,229085.26965530665,228226.68122879925,227638.49586445012,228555.69560296295,224558.44531822202
594,140000.0,136781.4712051694,140485.25385037303,136682.8857893031,139041.6225335709,137665.94283599843,137718.53461719805,138520.59533685664,138906.30153545234,140339.89520816354,140098.4074868461,137957.67088117727,136325.70780589883
390,426000.0,426582.5713962516,437145.70078656834,418750.2285877935,422170.6343831206,432323.8336689108,427731.46405005775,421142.57086043345,435826.69033985666,429558.0211667144,426786.51689415856,428083.0262442844,428647.13592518464
1203,117000.0,136129.2229760091,129946.61684862587,132071.10455285638,129919.05586926296,138165.04204603517,132474.940120382,134051.4307779011,132687.9518452144,132987.9740148069,130262.53398551232,132692.17835089416,135335.83072038557
1169,235000.0,217297.97938780903,205547.21329480194,223981.80407940628,210841.53371776565,208760.7682368297,209566.36476892166,213573.74450509663,202617.09973248065,207786.50530399088,212299.63646814282,208153.59384226214,211879.22610429832
558,108000.0,133011.39933882028,126477.91994142708,129316.5049281374,125384.48332742522,132006.19157507946,128101.36823802184,125005.61117218858,131193.75811254705,126067.90815607755,124992.7640927841,128828.3979999978,130299.32752662167
1299,160000.0,427015.58893498057,410720.91767819674,437750.26504093537,418180.15114020626,385191.81019036897,405629.814857374,401494.00612464536,393981.42350053624,408572.03474053746,417171.46066747437,397575.89964830753,395980.91225348937
1425,144000.0,141989.65553452724,139095.57988634746,139734.38848332205,140822.32708060808,138606.22674446373,142091.55346936372,138768.17169467424,139200.83949431108,139958.19985099265,140095.56088371892,139391.32555323656,140683.4958017278
461,263435.0,241964.3970375902,248115.5237609605,234973.4805213529,241876.43316303482,241414.799232898,240178.249429911,238747.9543363579,239476.22758883596,243975.17437972449,241483.04505091047,244566.6104142157,236967.35459394273
724,135000.0,133580.15137124853,128711.03522572618,132016.83474925096,129267.76030690334,131295.54037007605,129367.71449112527,131219.72307024975,126590.6089301503,130909.24501330782,129805.08561626724,127126.47945627834,130636.56860140197
1347,262500.0,250539.77161784083,250505.32381211128,256211.00799577538,255393.62437152685,254940.23351174692,253368.22369087668,252656.38119349492,251925.01772550694,264165.5525013077,251913.89833816,246788.93891041208,251421.305889649
145,125000.0,151255.87232725037,143119.02646034007,144753.816200716,143986.18328964157,148549.3525491648,147964.1530144828,139735.77483262954,144272.62565257165,142621.3155583111,140880.22870899035,141966.57166786495,145642.8850737377
502,226700.0,204040.6063292963,207060.79354797764,204919.35812602914,210753.3781224617,205373.0395538076,205772.74287986662,208588.71172258767,207166.27017102196,210117.86876403273,209403.31862754392,204899.4858718593,206369.03012875022
1071,135000.0,131801.6550020156,131402.3766276031,131656.86585342913,129692.1329182013,131687.94499886053,133744.10826068817,130407.36069264356,131747.37065341396,131733.81755368988,128319.80121626878,132684.05455963418,131967.23413671803
740,190000.0,194355.18609411607,197231.63597043007,195663.61664755346,193219.13093429973,194821.66424455994,195990.99504766858,197558.50062122304,197282.49641891528,197456.06997953143,200276.4163359569,198588.70936907924,198402.79842311
1350,122000.0,164812.99688653805,167186.06614756992,164850.10152879957,175410.19336478208,168259.10461712623,184370.17075062418,181199.50568054867,170623.77462329055,179810.9580370599,174582.25969254898,183480.75261805404,191661.80523723597
732,187500.0,171071.58360394672,169579.89769336628,170074.95424335788,173340.70413959696,173504.25686504703,172273.1977459002,170826.21566765883,167721.22524848345,168150.62009447013,168672.37826873417,170177.3698652693,172122.94876230517
540,272000.0,264764.1437947777,266004.901382241,262455.5297765529,257568.9791352674,264117.16782051284,265889.54741844884,260736.05498807385,267297.02099084907,263358.9294045854,260766.2076042606,265522.937906829,260695.51670165718
178,172500.0,171898.57729315196,167188.60809561104,167927.93712900506,163890.82980821846,166756.59965488315,166879.0263092963,164051.2233645849,163809.41643313435,166873.3042296849,166202.46388851473,163431.86131602468,163835.18194422222
1409,125500.0,116035.97798381522,113614.71966486654,114837.23362389323,111653.95043347066,119013.67161333139,114029.9815352851,110588.75673906738,115842.69683650212,116476.34153988003,112980.02738612429,113979.18509933822,111699.7225742597
698,123500.0,130917.68281483353,127338.9187053852,128347.20327069449,123171.47623149799,125059.81502620335,128482.38728327445,126932.6524728486,127682.45734754176,127147.32242169439,123729.74518813548,128200.00412335807,130205.50573738411
1403,193879.0,190100.7527284669,191162.20433355737,191530.05158515446,189686.69407976538,191262.42219198868,188848.12443521008,187877.27728868817,191087.83403118272,193891.76375637396,190352.24109610892,190861.01646071856,190626.918774809
1023,87000.0,109984.7028746294,113191.90462844461,111315.57325367849,109527.93397581912,114551.53013532313,111011.17965170283,110904.5040815377,111716.35167544796,110363.19077810184,108816.17200151435,111010.53767460508,112794.22942236143
1117,184100.0,199027.0923621447,192588.06723149557,195964.18241166932,190608.20084077457,196808.23522059148,195748.51015417132,195325.66906041917,191577.9211548888,193792.66844140386,192868.2474162429,194433.1756093975,196787.32390882858
1430,182900.0,181897.3478101867,182195.95838352668,181412.30917799805,182834.10184028256,180403.6321939188,183133.1501625741,185836.67571532718,183839.54647455618,183362.78055503723,178943.9456138522,185037.821130211,187031.35025231133
1454,84500.0,134077.71568342583,135777.15497780844,135712.07673523782,134370.80580005693,131021.1854129672,135882.01168047363,135869.86831992675,132615.0657711261,135866.66288310624,139550.4545949245,134194.23637370014,136441.47309907418
8,200000.0,212603.5421633769,218743.73355282898,213448.285432953,218432.23192177413,203660.52716381362,216510.2044205186,212269.18772906536,218260.9386237496,211639.49109399703,213261.27180541874,212808.78576005658,210686.98457414182
821,183000.0,192538.0324058913,191403.37313301224,192773.1933700093,189777.72572240722,190565.47457122986,192962.4489101091,188290.52969531593,189996.34318657374,189060.9797067191,187088.21153153383,192757.07810870218,193102.8428013935
668,193500.0,209248.39206278446,209911.58238874256,213257.02449459705,208912.72393359273,214767.66228553728,208439.1929103324,204600.51553703757,212022.9378870963,207439.8828567458,209697.6828990785,208222.61872331388,213084.15598863218
1390,131000.0,128441.54804050755,136179.6678236928,129533.65406543743,131399.81360836004,132887.98040627158,130740.85797155621,132489.93734293975,133660.1555327363,132477.36127637624,132971.09735747648,130610.24993425356,130483.27652877774
358,134000.0,144000.3596228558,148045.9325759467,150030.12654331818,148403.53190046723,146211.1517342344,149158.0446916042,151589.24837343366,145526.1967873751,150164.98052986513,151990.2111873261,148447.85288072604,146727.21934232026
784,165500.0,160884.6892719729,158234.86643980577,160393.02827858008,157825.40113547654,158769.59610803693,158895.51933657116,157866.8619072803,159636.15758246306,155802.19952011373,156873.36611067737,158222.32391707975,156390.04134414936
986,125000.0,119779.45181625083,124937.66436642298,121335.7035472753,122699.35663735315,119999.49083093835,121103.48054309087,127219.90192585917,121222.43597831334,126107.50334968878,124271.12006382372,121111.13862575738,120984.71857173649
330,78000.0,84733.22277966887,88183.8374313586,87685.80736525783,85529.14236837804,84292.59783928777,87245.53657440955,86741.43435711933,87153.74551178368,88155.05333189866,87754.63323276387,86398.10223617876,85614.63354666864
1445,179600.0,190221.82149864835,191950.9804299465,189687.25446579405,192450.2526992079,189623.51175869064,192728.08843052524,192897.61266868492,192680.06323461377,192248.44109312256,194334.20752927696,193057.1373670513,192415.21499406855
1118,130000.0,144995.66677340146,143172.60046588088,144062.91382013413,142859.01698080928,143698.44287106165,142605.04881953762,144883.51725194513,144186.0459088552,143010.21888651198,144672.83842205335,145193.08746143096,144794.7828266664
1088,252000.0,261047.54945854208,259578.16895762325,265975.1917626905,245903.42559308122,255475.6798601696,254400.26582247944,247226.8676721215,257479.84384783622,255498.09558576718,254687.7456864716,260321.1668356128,255335.02872246128
259,231500.0,210718.8481102147,208570.76050593154,211615.4362784232,211027.24837373733,214542.24803700572,212460.00590532715,211126.42009986387,214634.8657723868,212062.44084546898,213646.03093822155,212382.45366958543,209983.91832089322
1145,80000.0,80129.04259360577,85420.5330062598,81640.60698959099,87642.81743285077,79044.81251850945,81261.94496467948,87782.35368508856,86911.02928643474,87885.23985379498,88598.72692201854,80795.65676841217,78768.23808603556
373,125000.0,108875.63265747964,112940.9066372161,110096.60711697437,112753.96328955861,107007.4442757937,110742.24569882682,109092.26470765042,109912.65814914636,109301.51682020251,108841.25985912546,109139.50831406617,107254.01722694562
1076,219500.0,182875.31413688327,186882.57248352212,182623.72779313888,184271.4848697654,181173.11582126512,182952.14856569495,180953.6672732314,182461.10925068057,189273.03003293436,186299.71926462083,182519.35604908323,180421.4017244481
883,178000.0,178354.5899502578,176309.77519619538,178415.00792108476,175996.57130217273,176507.64807668747,176057.4425919528,176841.47497620058,176081.74980351585,175680.32646118783,175731.28537091293,178535.65218021764,176361.10821096192
143,166000.0,123605.12321163356,129442.21265235594,120827.46310228635,122983.04216046154,122970.97759840067,126132.69951380997,124427.1462025161,128754.50890556016,129702.61287215818,129257.99858359457,121450.88289698269,122922.69575112996
526,176000.0,174539.40168938707,176812.0958142044,176005.99795758858,177307.14069431703,177282.19824560612,176570.68801268504,176974.26102601094,175927.6068649439,176275.18685633168,178287.53070832053,176833.3010113946,176554.42777143247
1108,274725.0,247929.29667194106,242683.7181868743,239162.37763170112,248743.0616006125,243816.314213172,247486.72498092524,247714.29074146968,242407.81330428013,243656.69948201845,240714.4129615993,242036.1337476964,254479.22603606072
1336,167900.0,158006.12257146317,161740.60709568913,156953.7367811103,159732.15681218717,155843.66706975916,156450.04172932362,159372.31290204532,158533.62212719678,162034.81583962598,162492.38235695177,157880.4886265927,157036.18523604583
1092,160000.0,151478.80662567844,154075.8384269465,150998.71713820653,154192.00370872192,153006.13116213316,153813.82752899325,153688.79259150432,151473.69112706394,153876.0938418854,156387.8913974357,152550.2202428116,152324.0684062978
1388,136000.0,173736.4577908159,172679.0576357029,171755.9850545617,167838.89020609917,169682.40739544292,170839.78331105557,169472.45780146393,165100.3413221607,175937.5778571258,171097.4771310921,169352.3561405653,171203.52049247382
441,555000.0,441613.64636083454,433793.8746651017,425258.03306922613,432993.914147718,442740.48124507495,435881.62721851224,432887.7964153595,436761.9101165241,427705.122542083,433904.4264219438,437671.17359131825,431736.2352924717
532,128000.0,134520.75490932018,133657.95217737646,133415.29026176076,133903.37461930868,136926.9389992706,133841.4560812273,135731.67631687105,130068.70666818485,132635.35185982296,134304.44184003703,135047.4909044951,133231.39565635094
1170,625000.0,417770.10081680503,417808.8649970852,404933.557071396,405911.3288046825,418635.3311264862,404798.4695689361,406584.8572946204,410124.01506340713,401180.84426758066,407763.7113711293,404497.2831336943,411697.4820429281
227,290000.0,255955.75063704437,266426.8407163032,254269.61457022754,262257.50066654076,261965.0896808678,258702.5263519836,264596.12666852155,263499.79288055864,267404.0488510024,266013.796498503,263525.70534360927,256123.78285902733
1001,82000.0,74029.78040818752,69077.18627314243,76693.09024532637,73875.04537218659,74860.22048236165,75529.83042736808,73099.00214493909,73372.15346038707,73097.01149385849,73214.92373287871,73369.48040545984,74268.74733397612
229,125000.0,120744.09372806718,120593.4849286163,120198.58795260724,121716.39602122245,123870.72557365586,120734.3766196305,119294.63328632129,122012.94954933574,121030.48596614868,121484.73668581704,122204.39056516373,121153.30793118208
1247,186500.0,189413.03818120065,190864.75793210408,193375.50111903425,188154.01647842946,190275.36978998905,189916.4031847344,190596.54910953937,189175.37026830378,190400.27395513805,189048.4021290704,192017.9127740519,190100.35663332074
1320,111000.0,106908.97297195742,110265.89367346615,106403.12710862722,109219.89641312708,103657.96724799242,104566.92609117481,107223.43599005013,106882.49401089111,110831.50342816091,111416.77228823214,105548.49382549299,105286.44496088337
213,252678.0,239718.50566197612,243220.87796892974,233259.26968938703,236979.86847212818,235913.9775874617,232770.19097593782,235354.9821114044,236687.5183668468,238161.61636312873,237851.9834367795,230630.06010686612,233532.6620818089
80,110000.0,121063.67140781622,122759.74575244378,117301.40132805477,117670.85672311138,122789.63608016323,119923.66241081682,119312.25992819088,123966.42976760148,121698.00098237583,117687.62362675797,121963.0181640911,120674.00931111966
149,141000.0,145575.72649789238,147780.2929988412,146621.78808271402,147742.92429158257,148322.32398220545,147859.1454447511,147125.1329542228,146662.789555499,144642.71289894005,147023.8797732181,149083.10449143144,146289.20050811532
815,116000.0,116923.25405030213,116348.05323382161,117891.91358758893,113838.64796705644,119366.18272409399,115778.14269450917,114900.51086884947,116174.84669574568,116337.90992637968,113747.07739350943,116325.85691358494,114333.151258239
1068,167900.0,183622.90434664174,176341.40629377842,189763.08610995166,180775.0474582378,183224.93150393493,179757.35420198637,180946.35705109377,178492.46146398698,175008.02347522633,178187.53666773636,179589.66294494522,182245.27767012053
870,236000.0,226368.24613917287,221429.63052037024,224385.43404564334,219488.98322809563,222804.16216363944,224933.95315445922,219521.88943594473,226079.28800911902,218628.66395662262,220787.27852353282,222858.34080926722,225113.76807114092
672,103600.0,115361.1892185637,122531.46408218662,116788.60011163096,123063.84986140238,116592.24040338106,119308.17237272991,121964.06079799678,121614.41978201106,118623.3014764209,122097.74919711892,116400.80099330624,120104.60697828363
1125,163900.0,174797.9827884414,174017.53390591254,174769.37002974347,170540.28594573794,170777.74557904736,171865.27481437725,171485.63876808772,176936.0261747323,174895.6027343819,171813.06363905245,172534.708318355,171156.18721952624
556,113000.0,112582.37567520811,113667.84550439254,114526.52352606533,115989.54239990239,116688.69999773889,115948.26660992682,112015.12764087219,113877.09583931179,114318.50700448613,113355.77066308173,116271.24960787011,115413.31203760754
865,250580.0,196682.9588922392,194870.3611303902,196286.46661857382,202227.89067739656,197479.33757004736,199112.90135295084,192938.20569282217,194751.26866190397,198975.00236947235,196291.17727596214,194857.24683219162,195836.0405934666
134,220000.0,210528.3183153468,207633.47048164686,209661.26315311936,209298.80684735594,213635.9108507817,211452.77392473468,211395.929591039,213060.32970668608,214982.71149153612,205981.11280330014,211912.63380637558,207178.07145635053
1080,126000.0,134245.60347502137,133791.17980915666,133531.40021818088,132669.78408000222,131878.6609389508,133897.74392613594,133903.3279591117,131047.19008509646,134383.7641611369,133036.4181285914,131112.23742518047,132299.90208023202
824,139500.0,150239.94212310767,148726.87125044927,157295.6941556719,154157.9714848688,151365.31789412032,150627.59155323103,153858.54833741963,148176.23930787813,149294.94500566763,146414.82177346657,152438.4141413921,155084.20931855965
409,280000.0,266182.0654537259,264381.339057162,264993.780911392,261952.0002476202,261980.60904839425,261191.91273986467,260024.98073798412,259370.79851050745,266912.6188190672,259496.17152692727,256932.7702811925,264257.2184641105
983,159895.0,178900.802990458,177171.42078645487,182099.71240468544,176767.70006060976,180274.21244001365,181560.86379063985,181378.26826103553,180670.1575668509,178981.53183374877,177969.21513447503,181635.5862482933,181808.4023604085
508,208300.0,189837.2785070515,185205.0704798852,181512.12776433895,185385.4359932697,187123.48723334528,188059.5587686818,186733.95010389533,185237.39128832988,185109.46096249096,185056.5709115948,186094.20979046164,184995.8968598377
1151,124000.0,122368.83217259387,126756.42829373007,120701.33901966097,117985.29931858522,118039.53037764732,119731.18042858454,117102.67723748145,122021.55612167947,125342.25148965808,125659.61566073848,117712.19226531056,118480.35019487551
505,147000.0,141452.41515455738,144956.9986598125,147211.67187171674,144181.1615124571,145018.44452470168,143887.43809154263,146904.45623910497,143772.3516688614,143834.17428507528,144510.7321390481,146482.88241625341,146589.71073599113
987,117000.0,124380.31531316516,125278.87433092638,124422.20280133614,122597.7644118878,121135.47183488579,122764.36252435729,126696.29994150583,124203.4076384354,122312.91879776637,127296.65979558868,125118.34419932283,124744.7875646472
348,157500.0,178537.58370055625,171453.4363341601,179699.95566821352,173153.52151601983,172447.91805954557,178307.62054212947,173806.4949334953,174799.97560035583,173659.70424846673,170955.99253335458,178426.31745010352,178738.75535926793
387,81000.0,95778.59631268193,93192.75524230664,94885.20937405285,93578.85165950091,94510.08643165715,92649.78017795131,91767.65349438829,94758.29172470258,94626.96087446046,94116.86879031053,93314.94355993887,92265.6458608831
1,208500.0,203338.48853142821,207559.41065162444,205463.83551007166,208277.5393415583,204629.7715990869,206521.86322781345,209157.2105492984,205376.08791971108,204288.5622929289,209851.0712235857,206806.6101573385,206335.08620777098
361,156000.0,150915.43641741556,143954.1090720793,150796.95151861795,147515.35131093627,147415.70954375918,148656.13575923635,146438.37446361195,146083.98273635047,142575.32338201138,143237.54518314888,148673.63314938365,149426.75907414916
829,185000.0,175234.7305567242,182005.65278910275,173562.80461153208,182763.80338108752,172110.9377018863,172230.49589761524,170024.58594769353,177863.3155253497,177446.3686802457,176509.80654349586,173092.4248965694,172975.2418687979
1380,167500.0,152981.7201776913,156861.30317622403,152646.146769191,156249.76675614284,153278.2997752411,148694.10054132974,155172.94006996966,151436.2742518656,154056.3669436556,152282.76854290668,155190.19312827053,151878.4849262285
476,132500.0,141326.90100176464,136036.28561847826,137941.21036191826,137131.59420528018,142870.32271022175,138591.76120374483,140155.60061915586,138923.29417575928,138390.5011998353,137101.4898282345,138815.68134947144,139833.37128360817
1248,169900.0,145486.38240375888,142549.77796098767,143100.28651235774,145331.78830956042,143387.9103716562,144355.54329143473,144855.82003752474,143996.61337768266,141826.4456600224,142646.97922362448,143584.14580541872,143465.62656924454
58,196500.0,195668.13738509582,196143.2862256692,195375.7070566596,196850.31201858964,195656.16648607003,198000.60154161058,195753.77745079107,199625.30414038402,198221.55587412437,201748.20967496678,197438.09421517418,197598.78623804467
638,93000.0,111048.15428895899,110395.046234177,111688.39158272998,109278.76779467502,111784.07984720274,110623.01418729578,110336.73374977673,110236.24267120915,108335.84068634191,108469.94584382251,111249.90050526803,112098.54282060926
1274,177000.0,166394.5002100892,159245.88317992736,173848.19328022227,165819.97333945258,165415.61573692222,165576.02110454955,164503.55298836454,159060.80247003507,163460.16806397703,160937.84966521736,166415.36584888998,171599.1342612862
1027,167500.0,142994.917629998,142308.01775018612,141612.9884059911,141842.38581420277,138756.00702636194,142293.8951653834,144263.11424984373,139497.56442193344,143770.68248567998,140646.20633176644,141952.141286938,142915.47123199687
910,174000.0,173324.10969793083,169524.99291038868,170367.62001430744,171353.2124813448,172075.2613657094,174808.044875185,171095.54972438107,169606.5232440767,170497.78763662235,170747.64457808484,171245.50563194792,174214.71383088044
173,239000.0,204638.55296797532,204410.3042215147,204285.40154640086,203821.805027288,205370.359022613,207447.47376074526,202264.07334444186,204815.00092291777,203118.01707108403,204481.83902523207,204858.70720621044,203785.43010156468
451,110000.0,107770.88602299492,108846.71904136888,105994.69975377125,110814.72467588903,109292.70461567178,110244.79893616535,109002.2470490709,109223.27884921215,108183.34790964673,112235.0949788034,110219.85806302389,109256.98149738785
126,84500.0,90023.03892856349,86344.45677936765,90644.25021929074,87404.54648696433,86400.30264118846,88567.91225992101,88919.53669455303,86361.0335819674,88134.02639214991,89243.98281836868,88807.65258100726,92360.85753073226
935,242000.0,216807.551094894,216468.73701652477,222393.40616559112,220124.20841406,215424.0885308962,214986.21235058128,225347.53688779508,212940.61039479973,215104.08663244548,214049.46192147039,217131.6049119169,220742.65553716567
531,175000.0,179197.586598821,188932.92802569843,178132.3850038376,179905.87728774696,176966.79296086886,183295.54060143765,181118.96041167816,185946.12689863422,188381.37096876322,185412.06515992724,183513.2633291884,181826.03106150517
858,174000.0,162513.81876833242,164782.25003647234,160438.84501194436,164932.53352145813,161732.98296859735,162904.3189256663,164587.24116254985,163994.0041091836,165738.04372880797,163770.6784183039,163642.30984275314,162676.53613140216
714,129000.0,118575.66992805563,116738.61349133702,113574.25532425393,119838.86152804512,109518.31209637248,113668.13044387923,119034.82650092128,116131.77728591143,117574.49410009549,119716.40213285414,112750.00447160754,109334.03734231253
91,109900.0,99254.55372701863,101834.22082243746,95131.5972705758,98296.74981415413,97666.72270323525,96811.92124794754,96941.50014385329,99477.19745519858,97710.8126233706,98877.51535338978,96153.51007329799,94481.93135025461
1413,90000.0,88298.56897223635,93196.4504987178,87748.90361294574,87629.05753608102,85960.45301837215,87734.38101644196,88118.84159700197,88988.33131966885,87818.0910838857,90459.5083176815,88193.53244704861,87339.72020528991
182,200100.0,166231.33753554247,168907.22373288302,167567.73948242818,165883.34558622848,166946.40199487554,168484.15059461378,165572.2609312966,163277.0798001919,169462.78000724083,168827.0515207562,167372.72125053074,168751.3164911015
876,303477.0,331613.35232445446,303672.3026629815,345835.371574501,320746.3737963781,314231.36197650275,318481.0105503257,332074.18298183713,302162.88239286403,310869.2963717105,298873.9379417134,316194.9042013392,319391.7828164801
1152,149900.0,152508.3489960765,154081.17018727446,155687.14914083615,154711.68825244196,156293.44625055796,157775.2996997945,160411.2188463579,154616.3006419281,155836.58222421497,152137.74454641226,156865.82382212486,154349.068944339
787,139000.0,122838.9618007266,125078.26810448704,124304.2595161147,129297.99097165675,121146.66307942614,127239.92770125264,123925.61639152227,125937.39667492836,125942.7840133399,130513.31435746443,124852.97096643613,129423.75368658578
415,228000.0,236255.98401131592,236421.9352337465,235549.6061800777,235250.35299765828,235421.67547004725,235713.23083432284,231083.69702359237,237445.07804228924,226477.55125308345,232030.26151548006,235744.20380515492,237028.25768666362
252,235000.0,301032.519938182,305305.9094745949,293004.06926959933,295508.6095217014,303147.1253796876,303086.48612057493,296925.56207913114,306333.48459234415,299342.2062339006,299673.5001259005,298733.3799399481,298174.32407614286
70,225000.0,210640.9277253059,216922.217872173,210756.78225286654,201921.74246679395,198063.99414450835,209664.15196869423,198925.24634104193,217870.4530822983,220134.06026437075,225298.0606925658,209769.97806877154,203189.72019679483
804,582933.0,404167.03573856835,425941.3224941357,391086.7848313276,404961.5166086597,401340.0614924101,400555.46654314146,401899.42828518513,417707.39941380144,408851.8843924116,411540.9045506388,398366.7699903298,394634.7273744675
132,244000.0,207351.01960856526,206622.21100594514,210658.0429159691,209554.3924473705,212887.1159726252,210348.77868608714,214803.70441522793,211029.96388709574,205823.22157264175,212883.41252855796,213080.01929646655,213755.04816530456
301,157000.0,153517.38317568856,153792.79148219395,153885.34794522123,148337.19760116097,155058.91577402368,157085.03028358036,154438.82402839145,154011.0179369823,156057.57709070956,152962.75788474514,154553.6960414137,152747.03020156172
979,110000.0,102735.87364743573,108202.0133817608,103940.97000660979,105933.64664087283,100785.3611067499,102166.85451090985,106859.99708888678,102827.20551406102,108349.86004412416,107302.63957093046,101714.81161264659,102809.20918385604
327,324000.0,305535.24240890687,303904.5528813014,295773.30239432683,295540.74856971845,309036.2574905399,292077.1348484561,287849.5429854824,302110.11905766913,295319.2590191244,294028.30434202513,295620.6823095075,295910.4734142919
1427,271000.0,257422.94846648345,260183.572790096,255425.18613097098,256455.41289151637,262148.52258757025,260268.33555856298,259004.89206872077,262232.0780429115,255171.70927509796,268833.8109513702,261602.758964771,258558.74098911608
1084,160000.0,159581.94852085973,157036.57802401338,162341.8141471009,157521.56149885713,160828.44217508956,160486.9862323863,159341.94408846978,156382.0372313701,158321.9604934372,155932.2676323901,161422.91435774302,162650.30815315573
500,120000.0,134437.18459192658,133127.945718695,135422.80486252366,133117.1628747943,137032.63020473713,134057.14655786523,133235.23992715267,131956.71964983045,133452.99184765716,129333.87467315732,133392.98461089103,134498.86056924512
969,37900.0,70571.3097613392,62237.74846699503,70021.37728222951,65139.19610931737,69260.11118611266,69554.7469320217,66104.44714865403,65977.10334590574,66688.19803401864,64646.837912615396,70346.0078333865,71556.7265064881
833,237000.0,220071.09156300852,218865.96260433193,218828.80441014975,222738.9591769837,224871.79689376298,219421.0654139846,220763.1975694457,215576.875703236,217159.31831524923,217888.79469050787,218541.1725361463,222202.23398220123
365,190000.0,191105.35542378103,181878.8418403886,188655.5441499588,187688.76787034993,192119.7925308172,193242.35933276874,187893.1967440159,188833.26218432884,188862.90038831974,187125.88383510135,191849.21224032497,191889.47780336524
496,34900.0,74567.8724210281,66553.68855235861,75612.60854136846,72189.29003996991,72399.77899632652,72242.64276078595,73567.42920956196,71107.32239099378,71274.76618278537,68056.2167897427,73494.72188587804,72437.42411115715
1360,315000.0,386069.2215913917,384636.60644369724,389322.6386331503,389146.47425527615,387914.2299393513,396269.5506561851,398300.4727502603,391642.0020251872,393151.257173119,390484.5668823955,397820.4752429789,398573.03989959345
339,202500.0,210053.8826473249,213870.61943142285,210819.0315516442,211764.55096298436,217731.36914034124,215133.7599611589,213055.2081034453,214483.54368665037,210374.45580747808,213059.4222319288,213407.49972180315,216178.99905985917
422,215000.0,211478.40960546254,202209.40260336973,215422.76177514644,206420.25435075135,204865.9779149672,213621.5683919088,208290.68791988827,207810.7486649672,204344.7218349986,206286.1756375596,212459.42137831848,209157.85424722658
165,152000.0,141216.97258510912,145195.93870657356,141041.9488125654,143502.53225110593,138116.92638324594,139586.8881819514,142756.4371783947,139882.44000260683,145307.41434001538,142211.5350507762,140421.57376866293,135314.55070735744
29,207500.0,197193.3777500427,193053.34174940316,200231.3114907463,196515.54338348997,195166.4326219351,199918.58309851732,196064.5560854294,195417.64182807287,192917.21961978808,191047.94867118332,193258.2149454255,196639.98632311422
517,158000.0,181943.13395221205,179674.290166074,177920.16383407605,180116.10285168345,180593.66259022526,179803.75309609447,178783.21536371147,181727.62445219228,181417.48082197912,182861.3725018511,177835.6883066855,179525.0056701838
194,130000.0,142614.70257615828,143461.0848181142,147096.68547339292,148309.9895620648,143257.59245336338,151618.04100080664,149023.7676337762,144862.41308250293,146965.07159672133,148214.82109615137,150274.75841181775,148886.78867917342
1251,244000.0,238513.6314892696,229166.92106299783,245275.28759603054,240020.76668441202,229496.8083893299,230271.94518707893,233447.20849785296,237066.70691263513,223394.72922162333,226341.77299692243,234178.2490308498,239238.0947349422
1327,79000.0,85920.58254744217,71822.0359224692,88463.31585029345,82369.70028790136,81784.14069478653,83610.27109387387,81033.879406246,81123.28055687992,79440.51284406516,80131.25108724636,84644.91656415844,86069.44597163716
1326,55000.0,61984.042653642304,60508.79512781835,61828.50181303105,65255.272498954604,61572.5270915977,64237.72399347041,64983.512833795074,60506.202017784184,65355.063479549026,62876.74164310394,65264.42627917455,63828.777140825354
170,228000.0,235411.41868973218,227353.86415612357,236353.46870506645,231851.13616968464,229539.48580175487,224161.18073516706,231468.80935815597,223216.44556499424,228019.9388560107,232973.97978340765,223475.8260768873,225816.1848960007
168,325624.0,361037.99218087207,387835.003369064,371273.3263003256,375853.29175482254,376219.16010393825,365766.26138596894,384942.4848901552,368468.25337478926,380142.19109665474,371875.3239107392,370194.40693416836,364027.3925643156
653,191000.0,193878.12236415813,196472.67549449482,194154.81176047344,194267.46083051886,196672.12155405086,197039.24314636586,193534.8504801757,196970.94629443786,195599.9281031958,195458.35466621706,195558.82947603983,197562.67245331116
174,163000.0,151775.89271785048,149951.96108238085,149981.2441826451,152460.653729383,148358.22986430646,152181.0840064356,151600.83766740555,150059.7407747662,147588.6749517198,150262.21898821442,150458.33300813078,152159.0629726525
519,211000.0,195489.7539843371,192326.5059064014,201215.6313186267,196310.99465878544,197437.08437024723,194940.493753682,196644.9551633589,195330.35963572076,193756.9730529833,192421.01233794,195063.20243518875,200432.13371988278
1182,392500.0,299168.0301114535,297195.40206139174,294311.40814036113,291438.5922747984,292296.4538452701,298914.1677485845,297047.7430852822,297709.63838907745,292147.39003701496,289436.7689070021,295270.98875325493,293671.89594130154
1150,143000.0,147931.6137410745,148705.88629050957,146758.5041156491,152731.83439931556,147451.5536363838,144734.08984219737,151136.89037751168,148374.10659489976,148756.41100109898,149814.68928324158,146324.53481532985,142394.58674585284
913,88000.0,105320.15993685709,107737.84319803103,104030.72973961255,103786.01445349223,102810.30603554443,103181.26222416088,103049.95145795298,106136.0297551144,108858.98983209213,108490.12838200694,104034.8290429811,102205.28398430445
492,133000.0,166409.67513879595,160116.72884859692,165380.99692176853,162224.35685262977,166419.18890540444,162263.91656139286,163625.89360202433,163274.55211471635,160924.21760326572,162220.8884048892,165722.13855821683,166028.17992384694
74,144900.0,144382.3650692674,142596.17632003783,142444.28115106362,143646.21612515583,144192.4771585991,144009.39868545817,143515.07153954543,142868.02953140452,141249.0451261072,141520.24625212332,144677.39997594207,147313.26523512995
1220,91500.0,94536.43263808203,100177.31957635649,95374.25304657519,100457.37110015666,96129.52728576784,96400.28321588687,97863.78737158708,98876.67866150092,99698.59405672019,101773.53824901875,97354.93913809466,95651.98577656486
588,137000.0,137649.96732698288,136905.26148915733,135010.84338919027,137589.90665797994,136130.08826826542,135615.46517695815,136816.10809693477,136816.73483120228,137533.65388120705,137569.48614430527,134792.3360617961,134225.29312287064
751,96500.0,89662.96291952903,88112.20344507889,89642.13756260985,90923.17431178539,86106.96078452922,90966.89767312483,91257.74407158546,87571.1308759354,88544.11320440096,89286.95881639213,90140.72514601918,89263.92271080178
658,149000.0,170457.85046093146,169925.2727117787,164936.52471624533,166945.61174640548,166993.20131047055,168791.3872025035,167325.61364961392,168708.8011787714,166591.68002505988,166429.29414558646,167597.42664222192,165223.38893941272
843,174900.0,157214.97971418838,157310.2452224819,158114.55720087653,153383.45566387416,153696.1891459793,152370.34133378704,153183.7019681266,154381.73897937738,153365.26468280965,155348.27961603558,153780.44352538174,155468.5739100017
235,216500.0,210667.3331982292,208491.92413944213,216142.71628550196,213166.52595923896,210594.39930358191,211964.1943145473,213456.09229238832,210698.9006306679,207040.72360841223,210162.39313227287,213316.98778119235,214805.10241390078
733,222500.0,227816.4324776894,230300.61526802302,224881.7850689505,226893.2660360178,233454.5116890094,231811.5835760093,225731.97043407452,231742.6869276004,225859.1437843437,231755.55017586064,228509.18802249152,231523.55362264207
215,161750.0,154632.76535781057,150263.76630486827,150229.70219339195,152236.79637934506,152364.15936513114,152502.5175453152,150907.5014384991,150723.14607140477,148696.13518194802,150401.63846772033,151069.4982785787,152866.00315285393
163,220000.0,223916.76082338387,223681.6580272563,226601.95859349534,227145.14222772556,231133.7035805919,229470.2418445955,226499.51497409283,228984.50750803432,228707.1401136384,229529.74617743457,227313.1939032151,229738.54245436445
133,150750.0,151463.35383990037,151152.4091275827,149582.7986326203,150347.60884738388,152636.78141928746,149496.62263173278,151097.07861726958,150496.4170663903,148603.62025462318,150054.3906785453,150219.28343085988,152802.19950613764
1099,128000.0,116300.75273897826,115467.11319158685,113319.29988638796,115151.37056841876,115219.47258315577,114436.35215060582,113305.27918199258,115478.91959681544,112199.11297948334,114525.24636580252,115617.78034366753,112301.40817986168
223,179900.0,170650.1340816629,172064.41666757874,171578.84541710516,168547.83138882217,164606.01303898616,169284.34775335106,168681.14316795886,171205.2924260203,172215.15717284585,171285.6587345512,169496.83701339763,165050.49810177588
1313,302000.0,340862.0259294087,341584.9813366382,326071.119864604,320178.22220243956,341534.71925000154,337227.4140662355,313488.0053273978,345640.92159980227,327487.455805581,316328.63861419744,333688.29833429016,330502.52111222036
186,475000.0,356191.28006331186,327668.01885398966,341536.40537397674,348045.9679272739,353088.7408016556,347918.9402878363,342378.26715847146,332085.89641236386,340382.9438176272,324513.75104241056,340037.65252510837,343185.0150695215
42,170000.0,164675.44877374117,163280.04338522896,170942.59404813076,164265.96123043133,166243.22582918068,166578.2388264665,167445.73170322017,163270.7715006856,166780.12462950897,165304.15663002012,167447.3294139318,171376.7101867532
693,335000.0,282044.7886974738,277731.10733467084,287139.8125552264,277359.5667939238,283574.8841727292,281499.94962705055,284774.12646169926,282713.1091944638,273947.2801918398,281147.286288331,284003.23354596115,281168.2539287564
109,115000.0,112598.35090510634,119309.57167402028,109083.40250406011,117862.94918348997,114999.3580749405,116069.28408385535,113367.31727178297,116233.59756247251,116027.33583736906,115080.23050125629,114224.11771109099,114777.21257069388
39,109000.0,133870.27387766886,136577.1003804266,137255.58573588368,137728.70872173193,135089.53121418023,137067.4844742223,136617.29894045694,137042.66896025278,139088.54298998995,137909.2715401203,137409.19959399741,135809.09096352037
569,316600.0,291795.21436549874,286524.85431352234,297439.7205599758,304129.25840900675,297556.75575222244,298601.13112726493,309181.23763133195,295229.3676862966,283478.46405013406,294613.791828239,301656.5611545627,304153.30741392256
948,270000.0,301908.0315227231,305477.8974130663,303450.0228484986,302085.38226600754,306030.6822023988,306041.96847414336,306999.4326524878,301561.4069146365,299112.91843690124,304181.5959573403,306591.9997537759,307641.281325336
1234,142000.0,134381.03349575822,138807.52472997073,134938.12164720814,137148.86975922622,134994.78438377663,138707.46647055438,141396.4486862696,138483.36576131213,142402.9624460568,141503.18702927438,138862.65379732908,137209.65034375468
1404,282922.0,241566.9392779505,243740.47928256844,245838.6572123351,246299.67712256146,241421.17687464622,249816.7990883366,254594.61983133742,244729.08336751754,245470.33876385036,241888.57812840873,246878.49134756482,249650.2485566755
484,164000.0,156636.32127136397,162941.81912670014,159529.93382437614,159923.0407500833,160384.158035446,161502.43199224348,161300.4102598354,158130.8600645625,161953.65118380653,160749.98616092085,159562.3571820781,160285.73891108047
469,250000.0,234963.3230705432,237709.94970451205,237148.07310447062,237638.73112375333,230218.72441351227,236797.48013209444,237182.1683888084,238099.71754936254,240192.45929444538,239176.16148809865,237220.27176003662,232330.62456188805
891,122900.0,116998.63442460902,118317.88798689928,115016.83889103828,117668.57780131516,116267.09018417679,118142.8120866828,119388.66499353116,117164.49184517545,117347.72606973312,118538.13448084705,113762.57406652546,115097.45884115086
25,154000.0,141443.80184212653,140473.21812879117,141965.19883033895,139684.37945068383,141523.68461643741,142894.71662542658,140486.49890465662,143777.92842020188,138222.04127973758,139406.4163298476,142419.53717468856,141717.83962387737
963,155000.0,160896.72055970217,162331.17200845038,162465.41663770573,159573.56524627056,159268.030390741,159348.86421373455,161583.66106412903,160291.9741349349,161520.02619452952,164640.09201038192,161912.47901967424,159747.54543808525
1101,60000.0,71125.61414270944,60897.562768376396,76810.30961763,69242.88783202271,73282.6743528601,74415.17086282269,72682.11219281316,70792.82202376804,69969.08348797755,67368.3207334436,76600.4431081528,75796.04045747861
69,80000.0,85255.90905066844,79119.01010789291,88153.29482261046,82531.51435821553,86098.99477907005,88305.1426758614,80857.18848628257,85782.56839879253,82007.1563269869,80766.24048853085,86950.14127800569,86445.53921072897
885,100000.0,115337.19714364572,118554.85040537728,115409.22851817246,116172.8058782904,115073.98094685748,116334.70495177088,116485.41341012422,115557.13860446913,117621.21949359657,115836.91235499925,115162.46975935137,113637.74143532889
1232,132500.0,144823.59419030405,143587.15265069224,142841.240568323,144431.57111749807,143860.9515743176,146229.43838403726,144386.11777856687,144907.8554788448,143590.28555764406,144052.46074873552,145102.7285111359,147587.0239434129
367,159000.0,169491.94868834148,167880.92893029633,171784.31788708406,167593.69225171892,168294.2161144269,168564.0290641281,170123.82829502306,166690.06247260328,166958.15901951957,168252.04957023982,170055.18233900855,170094.14668458546
506,124500.0,120648.0984817536,117723.29924762993,119519.60993374407,123281.57242035438,120592.28089288196,119937.2169401707,121183.4888528181,116645.56901489236,121376.06081961212,121319.2395956124,122515.08118335949,118069.76715563468
851,131500.0,137930.81466570875,141161.1184327587,136876.54858744337,138725.7568032284,139095.8005815317,138307.6866735754,140326.7107623145,139037.95606048868,140842.09898721933,142175.12476448805,137727.85956754515,137116.31332015092
1282,180000.0,191797.14041085273,192662.81173677373,191742.59637988632,186269.42592047603,190830.2713060336,189173.9435560849,187900.6261463962,188991.16232310084,189320.83930486016,187819.37397939066,190079.14718861145,192755.68354680663
384,76000.0,79163.18012049171,80012.68845076038,80202.31387942037,81521.16902149776,80205.94317628743,80083.62943204294,82487.91782454494,81044.94951640556,81946.22647595688,81532.8447037331,81585.3707183391,81103.36000438088
735,108000.0,116404.80099996872,116422.18483719447,117504.49347205106,117083.50432213253,117146.231246635,117126.82953663135,115366.6777212981,117302.26592849698,119444.07562933191,115671.50490527545,116597.43813016455,116218.52601352992
718,157000.0,163175.34932890182,159827.4243517506,160399.63467004913,161278.9445870182,160398.15490700328,158187.9987796223,161279.78692192739,160507.77499385178,159847.33183878314,160113.0322117658,160718.75530921321,160811.381698578
1301,225000.0,225203.06454903254,222178.42969816847,225024.84026908904,229458.26775844218,231890.57226149683,226404.84687176862,224072.66157649367,222588.08697529603,223421.51223782948,225494.28245520976,225714.6298084239,225959.7833382797
455,188000.0,148738.21700001994,137124.04826466716,152542.9771827181,145520.45727225268,145597.18505254408,144199.56871322237,143988.8115196228,142515.32517473545,143921.22640149828,143076.06432859352,146753.74234709278,150902.52397232185
265,73000.0,87106.93417156939,87702.93707706699,85484.50093814073,89680.58713506676,84691.69492369531,87480.1317221775,89806.14345080682,85972.06785626452,90850.04002709092,89548.49888480107,86570.94198653912,84476.53410545706
76,91000.0,94387.25701300851,94471.26182889479,96657.3899798607,93172.76933688683,90944.66260305695,93253.11702613547,97761.03049789858,93450.4934979147,91619.19249023385,97095.87836284055,93723.73786137225,96610.21606768155
915,173733.0,168895.0374493463,164301.32020083757,168384.12318298037,164067.38733778638,170034.02843422236,169303.3880332935,163779.942943208,163917.52820488458,163799.60289749337,163907.80755289487,166902.03577108853,170557.52127356455
233,94500.0,91537.34987586219,89642.62748119644,96467.3309810442,90068.12734009243,90834.70669590845,96031.14258091366,94310.90367151212,93382.82675847058,90703.1874619037,91224.90756413265,92683.42677827252,94138.84878030854
445,210000.0,212823.72074969113,215453.32531356576,214970.06011535772,214835.0625628822,212103.99259702687,217054.26788024776,213542.86730383761,218255.45094812012,214924.97153949557,217744.68041678006,215451.3127486377,215575.15407357583
396,129000.0,133214.35219842152,133987.42132294708,133178.33991433147,133824.27704414594,133892.980165329,134536.3026561535,136472.4733090176,131970.71611421974,135801.45211135314,135145.9880703233,134676.67225729476,133320.86002925667
612,148000.0,152762.05043942865,155096.9429416028,151855.0635410091,155902.10735816424,154151.187140007,154034.4685281657,153943.70303510944,155388.41765665216,154353.03403352154,155678.85100102107,153153.2111518803,153878.93241558172
177,211000.0,226583.85124302987,220661.20818347234,216546.66858573604,219371.2809748212,219770.01647351944,220631.44160236098,220337.2423626053,216217.0387775232,217121.77177795075,221722.16120835056,219645.6182215683,222034.24872870173
19,159000.0,149644.75714477152,155531.16578999837,148894.25246470267,154106.69314189098,148204.42085836516,151004.29789974887,154322.70598262755,153535.2969234221,153211.4993209523,153513.69500929586,154020.2007882997,150062.9678625616
1278,197900.0,189674.008891743,186814.38681811793,190282.69843320793,191171.3570830306,188977.9883201763,187232.4809815666,189221.59212841754,187030.13817674964,187380.21580404005,187125.1209555225,185179.9290787733,185868.32749864671
1030,118000.0,117649.57453484567,117408.82425457877,117182.37001097207,117053.17232908962,118273.72175100804,116678.81745709106,116519.10811248417,117653.68193468779,116123.1811211452,116811.09983480276,118244.2368485998,118908.57539560697
342,82000.0,83137.8069796813,85687.39881575888,84090.59037117603,80623.06379553284,84429.8223379534,84470.54485588534,84284.28352620553,81506.63197581378,83639.60516643026,85448.05631153118,83939.95120682882,84513.55913505745
1098,170000.0,156351.20270047834,156500.40174763743,156371.01625170253,156113.84176997782,152497.82103707065,160996.7378450697,151271.60005077816,156045.59168348598,153926.2975689422,153996.70708201017,156022.0553209385,156991.70955845638
880,136500.0,134788.12050690522,131590.81795146668,136671.31177874538,132996.06928212056,134852.80732948458,135849.05502776982,138038.508198456,132245.78819506563,133349.70381830927,131703.98194698867,135640.3404377352,135513.12983530012
596,319000.0,308315.62637108285,300609.3166500922,312773.8360696299,309163.39670956606,306907.67287925346,305099.6161040457,303653.9508598294,308142.23578065255,297776.11958681257,303836.1937201048,298078.51108681125,307074.01983982435
62,101000.0,102814.35784043744,96016.34714943635,105755.27618870235,100348.17419614123,104280.89462181083,101876.56198753131,105204.5294395759,100132.28103006652,100855.37981293429,99480.09313073361,103537.37002675515,105731.7200069323
1228,147000.0,147672.49849105912,140149.77199056628,144355.07457566913,143523.35748524652,144264.87146168298,144155.23763875218,145977.5244018198,139878.2921460535,142459.1220971406,141986.35622053122,144309.65167126816,146535.55519441966
273,290000.0,292149.9104825045,290875.22479798854,296907.86587515037,295878.6338573475,282179.5250965437,283024.9089502469,297759.2665622713,285279.18439755193,288095.1553421133,287383.51018425345,289846.81622281874,288844.6753128153
1177,119500.0,132628.94816534978,131244.24130859209,136753.04240181355,132713.56927920046,132060.02594247318,133236.36492715744,131987.73352236336,134027.46472220364,132210.03635249074,130797.84048003933,132759.12444426204,134073.14469658813
873,116000.0,124212.82868033071,116047.66560926668,124600.7317135745,118303.13101023938,122678.44582612338,121126.71741562292,119756.75628402599,118385.53729492145,118594.06966948614,118743.62835441383,120312.47710721096,120822.44005661395
1091,92900.0,82612.64725894807,87817.06888233792,82024.70594158657,80382.35085998628,82104.12464935481,81031.02486225251,81087.00148715317,81891.55617162291,82761.4718583055,86498.05348366109,80657.04108151086,82282.62820081243
1371,105000.0,113415.54264470247,114299.19532929224,112980.97757736975,112614.27874059179,116881.93904161875,112875.99228098101,115175.4602026304,114977.59506283248,112450.71526365439,114712.80382010883,114891.15551552705,114620.44252570227
279,415298.0,384056.6664275344,393004.587809847,376675.7504858808,381214.2400669928,391701.84284674557,390657.54438289336,383403.7545746407,391197.38339207147,388417.48235131206,391005.2249064539,382809.6408864403,391969.55567383335
1129,215000.0,210409.13854130672,208523.92327785402,210021.45146965396,208766.98891186918,209170.40802394078,214714.2569651059,207871.38838150946,214821.9753828218,207298.4714927209,212739.6078997571,212591.01034418505,210771.72753028304
695,141500.0,127834.6919496756,131807.0827628757,128786.94493508959,130624.34334239419,133071.13290013483,129602.42519870568,128500.05859237064,131922.3098779845,132428.18697573437,133979.45503306997,129384.54386207157,127387.02422571552
369,132000.0,146722.13147415672,148161.61056482128,146143.340817663,147881.66763316622,146312.07133265457,144972.66086041435,147844.2116050239,145454.05435195836,149780.00939825535,147009.31354099873,146527.41167733274,145880.557535423
1346,108500.0,88634.95166024436,89673.28415676748,86972.19350008287,89593.3317140468,90767.50517246033,89567.82747323996,89677.70607934217,90798.61481282815,88889.2020046039,86904.4388542733,89377.5738796745,88579.77198766354
37,145000.0,150122.17371516873,149790.0988687502,152384.45804252021,150055.3096465654,151737.06715577113,150706.82526967424,150472.46319776177,150095.41316375008,151541.37330130476,149679.68471937126,149319.80897486527,149750.73860520302
736,163000.0,168014.59359541425,173401.54528742784,174922.38449072113,174897.4046666552,172087.35895008594,171919.27916396514,174369.41048607664,167341.0360833434,173521.97287859782,173716.94396733114,171230.82965531448,173215.88789577765
1412,140000.0,149331.11029816343,148392.58901868848,154478.03345560425,152629.11361055096,152029.0730607911,150582.74699761652,149933.40493496793,151356.2011841791,149046.88952702392,152720.19570211557,152943.53515802725,154106.27635453612
663,110000.0,146284.72645654302,140643.76586044856,147945.2604186837,148110.13904514562,145945.64662259215,147299.84657234768,150908.16158624753,143284.73873714352,146825.52609620165,143332.12503023568,152859.0998839781,153976.1491125815
1286,132500.0,122817.8529136078,123820.43669043653,123148.5115532015,128391.05300324644,124516.7934272584,126207.30696342871,124968.83928971512,125332.38558267185,126893.59814349942,126125.13279744532,126003.57601934757,126492.88954592073
1317,295493.0,289322.85086607723,283069.1616329793,296213.69797700015,290926.4710426319,285514.67961234035,283350.51667324465,281550.7422200034,278313.67133152694,282240.890296561,282941.7495058065,284080.2176254963,281172.42227542726
978,199900.0,192630.86525070036,187441.7254545671,193447.14570092992,189182.58324483765,192007.39659086367,190077.71503501653,189778.53234329345,191498.22158868492,186327.36338704263,186967.461528595,189412.04033628726,193232.0598847082
548,129500.0,120974.83964734199,127086.71025978054,118641.7418625871,125574.34742561643,118889.57841402617,119544.4068785264,124953.86100800238,122272.58932537807,123651.24727111316,127462.38597617796,118548.25435283993,120309.96755755486
1162,224000.0,189231.3919991918,191358.3874026406,183110.5797362963,189329.3793279468,183484.96887578306,187177.9629441869,189325.58453911095,186044.9107131287,185787.15960737198,188449.47635882837,186653.9082072332,188269.81613417107
689,392000.0,220729.26813386145,218388.03592148802,224346.24331531933,220480.3053534862,219549.84944191974,220179.35124594605,220741.50113275356,219695.56147619893,218133.10263070607,217923.57367296444,221117.70586845203,222119.9931634995
739,179000.0,135403.13045602362,147876.90509784257,138617.53545698695,140868.51247185073,135477.5405100177,137330.6892301522,135252.01086787254,140837.90169469465,143143.75600584236,142572.52040561306,137077.15642835453,134671.8324172591
192,184000.0,180945.3953259823,175294.33511990763,180674.64582170194,175066.380794811,177366.4366739568,175285.74208154425,177126.34380804712,177824.59012797123,173315.74037060552,172300.15580636222,177885.89053840726,173369.18729325675
920,176500.0,170724.62200261586,167657.79844799076,166268.57049034207,168885.41263239208,170466.37837899118,167474.66694120681,167816.8759869313,168626.75116820197,166159.67884168387,167862.44306216206,168441.91815771954,172210.46081943403
457,98000.0,91221.92542540288,93725.72325648532,91869.47292938911,92977.88677559062,91811.55228053706,90683.86213558653,94449.12028101826,89864.71983205437,94482.09313758623,94510.32357609365,91220.52965295187,88094.19537582825
869,169000.0,164507.2758545631,172885.99825709956,166992.71284331687,167143.11542286366,168598.558879801,170963.00296352405,170849.27292076146,173174.74476540118,173059.97874920227,176561.59765374684,168113.53455040843,167723.66526706956
394,100000.0,78378.34630503866,76578.66516006387,82263.31365340966,74828.21892249284,79334.54738405075,81397.97140840019,75245.7810478155,76486.40848281502,74275.59750506098,74836.54414906458,80761.27294405088,82500.93463508668
676,148500.0,144334.093049463,149014.0426390526,142794.8593565964,143621.37655593036,146085.35316345433,145098.55817843057,146514.50254380805,146841.5746958266,148185.63980890482,147808.78233069662,143557.59841617313,144213.08720586216
761,127500.0,119328.04677686142,122298.69688785949,116228.11499529638,119564.90659546391,118049.73464090974,118348.48947841203,121927.37332596774,122750.19721343083,122952.41526899909,120498.70598652812,118593.92305035151,119294.54362801196
1437,120500.0,114191.72198657937,112621.87572324727,116530.29794783337,114717.62788521183,113107.90341329791,113077.2828036449,114290.73403604994,111256.75866039669,115136.42907245984,113890.91174551465,112188.99379678283,117481.19907893897
729,110000.0,128432.2425871697,132712.9150850962,138028.1755260299,136614.62200331537,136026.6997355447,135099.91615721086,137079.89714543303,135964.69706733222,136819.88988254892,135863.09053763366,138172.34933025192,139585.38567267638
420,142000.0,138489.30982445215,138864.62180003247,139142.50748670523,138379.57416120902,136891.64467608999,138413.90270492106,140775.6187294133,137131.74948583404,139389.84523394285,138306.95394996362,137608.50860404206,137783.30455928776
376,61000.0,72652.35076729915,64569.04790651637,71529.87286475876,69334.2377948774,69117.16742989558,74782.67505406411,69597.33404489889,71428.19269862596,70614.29279706207,68504.55179913988,73221.1501666645,73469.55881702578
413,222000.0,245123.84059407192,235686.88360049974,237541.97938153,235340.08469560702,248025.61033275485,234461.07698949034,231903.50773494833,232110.183820111,232557.97405973572,224079.02115981723,231257.49620354612,236691.59272954697
75,107400.0,103973.2300684823,103253.39735639928,104388.33930475157,104480.61996672266,104939.21044835116,103675.36947441263,108450.23316567321,98434.81453003196,99770.86451887547,102598.16586795718,102514.39202322994,104154.13671050535
1367,193000.0,202851.09207227887,211121.72082352842,201307.13185889937,209100.92251998014,205438.52598551847,206396.86211993106,205897.43916472237,208268.72949204184,209876.291362257,211622.0706900408,204906.37783543003,205547.21951659452
1142,197500.0,178820.38192727804,178459.56260195017,180049.0000160175,177477.79055792812,177670.92074100568,178771.41279537868,177779.41810509554,178058.84662324592,177585.31491420814,176846.7819802292,176418.26629603043,174609.22685487874
501,113000.0,113534.42929904842,113721.45028756151,113744.02622031276,113103.58019285424,111311.18212591858,113101.5324567126,110722.52728795537,112432.82637842302,112162.60907329884,114084.81361404543,113201.42864168857,111540.65702522402
826,385000.0,412724.0019564003,403624.2513778022,407840.7275028232,399593.83580304566,390506.5586663656,402501.86786047945,403793.62898873625,393559.9642772784,394751.5814284836,397719.7689494591,394064.01197265746,396887.0919495968
196,148500.0,151464.14476168383,150719.01044835863,152920.81986121592,149671.99895689698,154489.78623477093,152760.10964726505,152931.72090218592,153933.8007631988,152691.20716326276,152800.23115173064,153701.3733669972,154528.42399346147
1460,147500.0,147732.3234450163,152961.83934998422,150442.9378796449,151767.94882351987,147513.18902299047,150608.34660506106,148711.49176393927,148781.69468532,154776.03263684342,156883.8404333041,152187.3164718304,149386.0099158396
617,183200.0,188143.72962383673,181736.2379173207,186642.99751540626,182960.44246664929,184680.98628582543,182497.60937397223,184829.75019165655,182933.89111267522,181726.49608712643,182570.14386210887,183266.58464719454,184791.15339123708
115,259500.0,202349.08745560414,208589.9135724854,202819.0243672093,196291.87715389716,204670.54427764608,202731.19761907603,204543.65512516483,202329.27865852276,202160.91139431574,202192.65934368444,204433.63654644173,200339.97583493212
418,239000.0,250007.1929922525,259973.95924833973,249399.06865384826,251583.35843424356,250930.80452932336,247033.91990084696,262014.9034945816,264407.4611946434,255414.68992205212,261282.621432981,253613.3021176455,249711.53232022296
602,141000.0,138831.5402229251,135422.07100006568,139376.64253091926,137853.2307783513,142132.29673177158,136061.67100009657,139278.90306405548,138664.57513652614,137496.91945870442,136797.7263001575,138466.85121156776,140141.6474082188
970,140000.0,128773.7469267199,126902.32657176934,125624.31778826707,126337.85058823627,128628.78478950975,127164.04740082583,124844.81304747958,126822.30595678739,126064.94103391812,123806.22396188803,126851.36604944593,132360.60530379476
922,145900.0,159083.05635578476,169244.1540449343,156908.46129497816,167342.2904622163,162710.7823741568,164770.8000658573,168439.7586715583,163891.42554117434,167024.14480198003,167383.3538006052,164330.66681060905,156658.49310090824
605,221000.0,210508.60885594133,216375.69503914946,215705.96321181572,216858.23974977207,212859.75906455054,215080.86994708807,214813.75275389687,215598.63951543532,222080.23097934245,217500.11566465936,215444.2709194618,217471.41617827502
1449,112000.0,99007.30412632326,101537.37733498328,102608.44041801461,97420.89102162133,98957.85838403535,97969.2873935136,99089.48936919634,97912.25961514245,100369.39971733898,105050.00012986179,101218.85451397375,101873.5548451404
90,123600.0,116132.93642655891,120222.6791982044,116506.02905704358,116545.98109493198,120186.21155213717,116324.92796592113,114773.92819560059,118123.57379760397,119687.89941503128,120717.94599352258,115614.61837616334,115395.45984569358
849,240000.0,221531.64874111034,213040.06293361526,214864.32122757932,203216.24584912587,212266.71130547926,203392.782247931,210443.08015298573,206557.2377551601,211732.19604298536,207538.62478673866,205422.48630151755,207237.03234018854
1115,117000.0,116996.54821826672,122371.52607769685,114883.18317264112,123391.63032804888,116129.39121131333,117792.63578009077,121583.83819518013,118702.65265192525,122729.86824192779,124035.01704744517,116591.15016342897,115713.45590601047
1396,281213.0,299892.2753263801,303922.7082448286,298958.83503764775,305354.7693994891,300207.4989796876,304006.5536392258,306623.6829824713,296774.67629814567,308242.1481004256,311608.7304433198,297585.3655648939,299817.3027235172
754,275500.0,268922.3329780024,274541.23187364975,279627.26586968405,281115.48317850725,273946.97122387,278497.76964199304,280828.4335593089,272280.475867829,273417.0915285871,278646.3438173487,272373.89854469267,276154.40788144956
499,130000.0,131753.59650926996,130596.16981690627,129555.60730189571,131148.9290100281,132066.78106765563,130400.55304208268,132274.74382769997,131225.99227779417,128498.85199948408,128757.88160042607,130136.74076833071,130726.15565675728
12,345000.0,355647.3162728627,343308.40533465013,350942.2877471522,351905.4624664201,352226.4406807767,358362.5856539978,341971.67227962276,358864.6211254983,350201.9754277063,351232.03406654525,353972.6617444226,345694.11382181797
397,123000.0,124538.74551509073,126164.80145853164,125939.99756613288,126279.05295980052,128667.20559082052,127163.52463331564,127379.01921437711,126617.02953115011,127060.2674837649,127660.70151953622,124716.64613911767,128053.38205009604
285,179200.0,186417.5330934268,187935.64900530246,184927.59990320177,186315.61129456176,184194.26532738464,185803.11485803494,187425.74628355718,184152.62379997593,185888.59429419207,186394.52607838708,183366.74987520813,183722.92015035244
691,141000.0,147044.058554205,147852.2054887177,145480.85624572943,147541.88560635716,145549.3448358228,147729.18530001608,147400.35134708046,146656.92950462387,147732.1384974364,147013.95122749437,147864.13292695975,146951.32109476073
1198,144000.0,166956.38208903035,154155.38764604917,166015.75698858337,162438.0332977182,162796.24530981734,159671.9886214175,160276.7628377595,155208.32231109287,156337.05649431038,155376.68186547185,160386.96745878214,163855.8169757725
1368,127000.0,139446.83475824614,141015.64779676698,142490.95566003324,138648.29311989795,141756.46803035706,139177.8491515271,137111.6281097425,142767.412937852,136460.91131790675,138632.14724773142,139996.00371264794,138704.84651565578
690,194700.0,184515.28806106333,179391.14277630099,180509.65972032706,182557.5693878186,185537.676845447,183958.35677057138,180739.57946248166,184137.46989320326,181834.65972608913,179407.11890488103,183877.85135668403,183831.12870261865
852,215000.0,200883.27297229087,200899.10581914964,199444.60049721162,197194.65538634188,196213.79679485018,198241.3630491155,200534.47772367566,196778.83159611054,196613.34764850218,194258.4592571057,196042.60370027358,197393.43633235543
160,320000.0,291449.5540582419,292676.38604379055,300366.6938036215,290129.929992676,289743.2503496221,288656.14244721207,291595.8316600385,292593.8227386865,299014.41247647157,293045.8320138918,296253.68627045926,290250.9269598351
896,140000.0,169571.65278155988,169118.3398005122,168938.97090760243,171241.31476794017,173789.91859785496,172164.190973592,172783.74398560598,171085.82487737265,173119.90113434746,171580.83491793883,171089.3886890227,171306.71251817365
1193,125000.0,135468.36184392747,128176.12456106549,135285.0438562839,129711.13924838528,129759.75905777121,130455.37437562323,131597.83767289307,130767.41427654789,127560.42698170297,129105.93660427505,128673.18199813463,139371.69661486064
258,220000.0,227283.79511058034,228396.97059614354,227570.6760519458,231457.45485653018,231799.82072188094,237792.45617511266,229978.25703929868,234005.17277085572,232823.70568823942,233052.54922665344,233788.49015528915,240218.46488710493
336,228950.0,210632.93601231094,211198.28099884858,210857.89868799289,210108.22669648053,210661.78097453824,209127.81296922284,204777.60286792892,211418.68894903033,205513.92156479403,206222.99569567345,204286.3844314329,206633.39123042458
1372,165500.0,175675.80272050487,180322.9027928261,179918.5204413895,181075.54807568272,175731.53857565264,178571.01241824584,174933.1523834237,178485.90395735242,178578.85120330722,177622.29031547153,176533.95200031874,176596.25646593157
1040,80000.0,79939.15006976236,75101.65045196032,81552.47739021026,77807.84786986053,79810.93955477382,80517.90559907875,80037.60083624466,76989.1649829574,77029.86107840406,77129.99872601869,79469.5149966372,81388.0078667867
516,402861.0,433539.51882961916,434927.32210017607,432525.1434003856,426383.45617177524,436137.7492354299,434110.1480425576,424787.46753838874,430505.4331521805,432071.73940712906,436288.0657687119,436524.83488197613,437490.4463968618
1016,227000.0,209531.2292429903,213801.22297285133,212892.18914793083,210559.49032213798,217610.25695060327,211560.4500703968,214867.11649152514,215120.70644914656,212278.54451564315,212421.7996834653,213421.0855035807,214856.51777868712
769,216837.0,228145.82590722796,224121.24430089482,230603.23052142063,223986.48856079846,230087.0026847652,228538.0369400643,224864.31607238698,229246.46433787773,231160.25396011598,225642.59312187007,226745.0318538798,224355.30126966006
1293,107500.0,117918.26188452763,116113.89605995643,119382.03894458705,117775.51695877468,116715.1046892458,120180.08901521059,118775.04123278141,116735.41326794033,123361.45526324712,120001.92092893698,123177.15112783376,118770.00625749951
762,100000.0,107744.13392316777,112791.29219087225,107543.869032236,108320.41342717466,109561.40437767276,110737.3202918842,106024.47626819892,111943.79659202023,111231.16729420406,112496.88461841218,110394.25833640751,107297.94595440144
1075,194000.0,191104.35757835655,182645.95460590953,190168.3266939685,185923.01901838477,194592.95233166005,189962.464257,186274.1766250226,186645.67874238134,184545.60292847556,185362.07819810152,192046.93311811198,191702.5308778006
522,150000.0,154886.70911187396,154283.19850387578,157925.99635346327,154006.37767081737,156823.24733670548,157997.06614109664,158459.65643543596,157172.80478590782,155529.37547798996,156993.8705692517,160559.4497383455,159891.42074104442
23,230000.0,229391.80013657224,231092.71711654798,230901.93994952762,227608.53884905545,228029.75022578676,229924.77676737233,234289.8497176725,230180.61217586242,234393.21327914286,232878.37869616816,232502.0602933837,226939.34991870506
357,173000.0,167783.3529801596,170714.3393288597,170184.16084934468,170047.4342036824,170252.514870067,167450.5126471269,168668.33288826907,166073.6582259304,171680.7482720236,169819.73054809612,168159.52592941237,166701.4173836117
1452,287090.0,258695.29971219844,253066.6428157666,259125.18987375355,251369.6349894014,252220.97348994322,252089.5646688316,254418.6494823888,252962.0337012429,253695.2720771341,252980.30965450217,251788.85348311515,252482.0357738325
341,202900.0,213612.83554594716,217754.15219466167,213495.5563090071,220980.02909882538,215368.78938141922,219067.13084006394,213223.80165008493,218584.55053700553,218213.66184385994,220962.08265520664,217954.2514059778,217032.24536809992
432,79900.0,100192.35518377119,102808.27106964182,100305.95141433699,101823.97328911549,99728.09556667182,101512.55787048498,102209.29422265764,102044.81498921647,103767.38737259245,103098.38490357596,102232.67226679667,99745.28959622385
474,440000.0,358588.9573254515,366662.6034360031,373501.5643343357,361703.3486204802,350107.2219173686,344742.9810355569,372595.5163684579,350093.9539552716,371508.88823900593,370920.17873685644,356071.9973764277,353234.3462553491
218,107000.0,93465.77045128001,93561.6593703488,89991.24475057426,90844.25078399341,91389.15127427473,90528.1833976715,92449.11541025115,91024.78849973629,92980.0805627719,91527.99856922025,90153.57981858547,90059.69908478687
912,143500.0,153464.86106826496,153246.2525484676,151924.43309089573,150351.91372293874,151762.95886613012,150040.73001355544,148999.91869405462,150436.66224701368,148697.84603700487,152525.10713554575,150938.73999658728,150554.13513094105
1173,171900.0,154466.09466051607,160056.95540400135,153277.9246722622,159110.42879924993,155608.8600670689,158237.69536648053,159615.86897328374,158604.0977667398,160021.70475250453,160210.96427736265,156835.97143064902,156641.15507873884
1012,100000.0,102199.93566960368,111364.99616401886,98060.95041359174,108112.46006116174,104606.77169919638,107602.38429291156,106667.47247441167,106750.04996805017,103533.38408915338,106653.85273744838,105000.80282231134,107527.94627819279
1421,179900.0,167272.57964438284,166869.78760405356,162726.0064353581,165435.38741689848,169154.6868615115,166519.09177558488,164698.39819584714,166529.25252306252,164133.54998566507,165656.53750196163,161952.5383133281,168819.23587179166
94,133900.0,200980.94959196963,198876.7472119814,205909.49348822059,201327.0402175975,206065.93408785213,206236.38740097854,204839.14640665386,201537.86046530682,199925.51015857377,201827.6364453742,206311.2117803341,207207.14472100316
1009,240000.0,242622.46086239835,238598.53124845412,234838.90876406842,240396.97326915464,233770.55657213504,236152.20870655714,236963.9533042494,237729.06452778276,237717.71272719154,235041.42630338162,237857.6621696643,234444.59017751648
697,89000.0,93025.96890539023,96042.31285071673,95194.58147199593,88313.5694043991,93841.57632596805,91798.44777398926,88146.87036329634,91900.42870672938,91939.70002370558,91068.23162122584,90676.50753257425,96379.80328104197
997,136500.0,141798.96050480666,141226.35470577222,143360.38442722423,141879.76544428637,140784.83854663858,141259.74304140056,142212.81482757346,138539.13583052377,141782.52951260703,142339.5334721907,141203.76057010193,141585.8329480105
154,235000.0,197559.4202369469,194725.41058555286,192816.9872173012,187898.0358224151,198557.7090888112,189518.57113493362,190784.7260172203,195466.161513186,192975.766803072,190613.55497450937,190789.7776782671,192010.1327139378
1308,138000.0,142843.61585810853,144142.51099143573,140340.47072216027,144514.57062249442,143738.077563209,144567.25906719745,143110.88958787234,144970.89946595562,144661.4064950685,143200.77510601428,145536.93613878638,144376.7415848819
1459,142125.0,143779.84650137014,138785.60026428485,140553.02655759818,138608.0004050503,144290.10023503352,141148.01269401758,137731.36224966694,141681.31891623777,135315.89952703658,136477.68179167047,140752.79469548154,140286.7157569671
790,187500.0,232287.1091951764,221752.90605125765,226898.3040486163,228544.59955737664,238271.52970172014,229835.76775910667,227632.42625456429,234498.0488760927,219560.2299693858,222890.723813826,232605.45521768357,236703.21193731122
581,181900.0,186017.1227894095,177887.62053959348,190234.4763783261,183756.90431246642,186010.2349729305,186619.15308477342,182484.05178730146,184770.214714655,176694.14807359676,176528.34112350826,189374.01180874888,187227.4876816964
704,140000.0,148223.20089963733,149749.79047345533,152297.07355064485,147175.5122567156,146403.81256831693,150112.8163162916,147865.28195092324,150460.33535991656,152315.44535493263,151521.91679298243,145973.37070877102,147604.25936880228
1226,145000.0,133968.1591813329,132567.43913367225,133979.21148736202,135355.0068612745,133968.4314289574,129695.17974216474,134035.1615228717,131611.64925787086,131570.42239213642,131807.95997459174,133399.42885968374,132351.9147275987
488,175000.0,175947.42459136518,177433.57902149332,173644.25271322456,178883.96851979,175605.44444305982,178064.6615503471,178871.91713709146,178466.65810554157,176633.71440583677,177110.59939128012,176059.99037471856,180519.89560620708
560,234000.0,186138.97780034275,184472.4532334767,184608.7071180468,186077.0278801251,184894.64549170726,185681.13605716146,181721.23770498982,182864.92638949212,182811.6004148089,185517.0683520389,184407.54160988057,185878.08621479466
802,109900.0,126298.94310797183,131746.98175816433,126476.04832855483,124797.91709573712,126035.0890429452,128175.05128903453,122717.43070192251,127368.5502377439,128442.18794189395,127656.17299814703,125853.26001727923,124220.15683599259
513,129900.0,121209.31061067188,122196.58586339084,120456.8599427953,120341.45781677579,121509.28705384134,123269.99292502928,120128.88204014748,123333.98080023895,125850.84030846527,122686.15791593777,124329.65170101287,120474.75177686803
634,139400.0,142660.98582474558,140195.8256686865,144094.03059854306,141920.53171345752,145923.25519549864,142291.7622969305,142565.71023193,142528.01757545784,141024.21926557034,139621.18775512656,141862.13662384596,143099.88034819587
1303,290000.0,321160.38906832173,327628.22871874203,320241.4145961864,320809.3021321839,323864.8582509848,318247.5433399448,316497.0582897392,318088.16647964733,319385.0062874097,320118.20287773747,316560.9014948812,318366.99667433504
791,160200.0,163066.02408471875,164224.3867428779,162812.19547042897,163372.94848348876,163751.98589403633,165215.60156188658,162646.95063995267,167030.260434269,162496.56297376181,163313.51266358112,163729.14920366384,163470.90132064777
117,139000.0,130284.23121040431,131653.14098420143,130664.42548387077,130378.70710461038,129570.35501868885,129572.3836973189,131979.60178841045,128843.13447903635,132587.2757671795,129620.81972144358,131960.92920968847,128307.87378669636
741,132000.0,121914.37763747913,124472.73917133824,120444.91449790819,122531.74180854094,125000.1796132449,120762.93828862165,124040.99476263757,121208.37429974003,123181.5368861301,127092.64916319783,120590.20785811296,118238.210729234
831,166000.0,172462.6082303034,168591.3506628211,172958.4777462626,169178.63036095822,170983.88366476764,172988.42554287048,170118.62960404626,170002.95865248243,169079.54866365084,167144.3133159192,175239.3195200119,172089.7390576187
120,163990.0,170862.6032729068,167318.63862105084,168446.1186884181,169155.96522906856,167836.81625198864,168438.2445132342,168013.00533277448,168101.76444063577,167813.61556625855,169255.79666083728,167572.58822558812,169341.2434562528
657,145500.0,148714.7262470707,145154.59006932116,147343.74146217713,146336.8973584266,146819.58110770312,148042.36445893213,146344.6432933784,147529.66205263668,147622.32404600154,146993.0858192854,147658.93496666392,148167.89697931128
636,200000.0,235340.89829655175,215129.1911163067,225568.04802752682,217422.10393587066,230048.48981322435,221763.7279985612,214718.54574989527,223012.43912097663,208820.74555714664,224875.6924706651,225377.01205761518,235638.54683473325
370,162000.0,163052.64875439965,163655.71844386688,162296.86512840542,161923.0195555126,158230.6405343594,161594.65283902202,162304.30216340287,157951.4499478239,161922.07775130068,158790.82196301452,161342.38505113148,161122.30608648068
269,120500.0,103956.28652985173,103345.90966865997,103693.89346081416,106943.0040562438,102701.00974824672,103540.91633517703,108306.77193122312,102944.3386015836,104126.40138117365,106297.09728981415,101477.71965104729,101556.59081246032
656,88000.0,101617.57442131753,101258.3220796068,102487.45444904936,100511.88445962247,103141.8078769435,103209.05050467416,100023.80798310561,102820.08535028003,101039.45563751005,101778.50194437194,105409.94653247122,103789.45488847363
936,79900.0,88934.60236501724,82987.79431238495,88926.8090842032,79753.44440061248,87279.8608711096,88355.08278929502,79460.5688273562,85771.20830252334,82133.62790311992,82452.773596637,87615.62060651596,88855.56650415834
823,225000.0,202860.29584074387,201324.25518531588,203116.0172921838,202547.26204349287,203906.18569456675,201230.6188262297,201881.99201616948,204362.8182950762,202050.53717852212,200487.2331055649,202704.1311472937,203097.9759432557
867,248900.0,283489.2804331315,274040.80061738216,280638.13252595137,273763.88993850414,280559.5535409578,278703.09349865105,275683.0163750542,279058.0761782682,276628.44301365747,274455.83785331197,276478.20457607944,280699.42830637627
47,239686.0,290937.72538139235,290941.26280098077,287820.89071430307,296906.42991646787,284731.3030187297,293162.2560091265,284606.11977870617,287227.9030182201,287648.5307850286,279784.34388183634,286975.21827424836,281748.6791949434
1288,190000.0,166725.74077982132,172739.25880547994,168241.12991102604,167231.81706061974,166630.7877506835,168315.73991573454,164453.301097039,171241.32772105423,168587.77136692824,169306.93157372024,165505.32755582564,163624.44273122246
992,168000.0,191864.14284207323,185758.3016030412,187259.45784163184,188482.12220464784,190111.93049151902,191693.06319155343,192375.1731148729,187885.4474230402,185803.0973177244,184607.46163409133,193417.84846536096,189527.5530172507
877,132250.0,141520.52837994983,144201.16752183015,141133.1360851209,142531.15390913648,144818.4595992734,140454.1391357231,144388.31944510492,140780.15168930058,145028.34222703188,143803.03314297905,142754.5066517744,140029.0776924159
774,114500.0,118663.09113548163,120536.74308497676,116770.87384064974,118569.5327626456,122077.28702797559,120642.92925564278,118961.07296204742,120501.91823506795,120742.76073133727,118074.88467568197,121741.47294441384,120357.90880917547
5,250000.0,308936.74973207567,308976.27722133516,309058.4014414878,322516.69557369384,322121.50957434584,307110.6424682644,318567.6281521809,303597.64697570546,319936.64750984736,310667.2020435055,307256.15498633665,305829.37874146545
1004,136905.0,140122.6678144863,146970.82591990576,147179.91098048026,147571.46207181457,142020.30730987672,144654.7387973531,148036.7298075145,145955.06559730327,148812.80419038117,151427.43420362778,148360.68254884175,153564.0635190535
1269,381000.0,368751.1429617628,363800.5834593725,356584.10686010914,354953.1423521432,376877.61526818236,380185.89041659253,357301.7767186816,368821.2038235416,349110.7458608809,352492.6498299618,369168.08708182455,374439.50991027243
264,130000.0,126441.29288109406,129347.24055599236,126512.09660770041,129070.55098005237,129069.37972302247,127256.43434907733,126701.58195492941,126324.992506508,128169.13389929583,127371.55711701544,127255.22737256948,126984.00509457866
1361,189000.0,190026.40332040424,186210.89053466776,188789.87633421793,193721.55816748185,187463.6269603183,184737.50925385492,187741.86134231408,189093.29596209383,190141.80075589783,186740.17254941384,188874.1903706278,187214.39359592253
1335,125000.0,120231.82485912042,124515.96372679561,122281.23157539876,125019.4276928156,123339.39539384884,121529.08951488591,122651.8836905316,121752.32465601263,125010.25199571715,126474.85568207961,124689.3997083579,124214.22053190056
444,172500.0,183676.71823304074,181360.77945159876,186155.48106064775,180612.20331719232,183169.73123273058,183963.56805465333,181727.8795391499,180105.61682622923,182151.36952685672,180422.77221088993,183467.4795428122,181252.4499706999
1003,232000.0,243764.20319210575,239900.493368593,246794.73193961926,240049.170504543,249619.9560204445,243480.05387570415,243075.42264360312,241445.8159719283,243441.12269166976,241400.1089569231,248153.96936654692,246542.07704251775
1078,138800.0,132613.64700151232,137994.7551945731,135229.8346516388,136680.32450807575,136533.154572132,136029.93871113323,134637.3877890963,137997.4233431916,140118.7367540875,140854.49371150907,137866.81740537676,134204.7391474581
838,100000.0,89870.767990196,92088.33148333528,96099.12644522819,91761.17904419181,90783.320427618,94134.83293377569,94775.11976761204,94069.9984805746,91207.28993631924,92941.5650577216,93826.96179345618,94221.40939653208
1305,130000.0,145909.27902278624,148762.66237437102,150753.31071014638,154357.0723435424,143259.44701369823,153594.6516086164,155534.78750712765,148933.16456894125,153620.32499163458,150990.29855207956,152756.14848502132,152972.03514558988
305,295000.0,338042.6127611036,338276.3826161661,326739.71998550434,323398.8394466398,333430.73629812157,330145.70224504475,322896.4941210021,340560.82655478845,324256.9997978942,315075.7839401101,337705.1515428889,339017.0898344856
1212,164000.0,225061.03769194518,210122.20288369476,229093.34454700648,218827.8629012044,224744.41320386337,215334.28741296427,216158.38576867688,213056.48868645463,217211.06199755642,211744.49799252852,220285.22568773097,225596.11273603683
314,375000.0,269953.83285944967,261359.86400547117,273163.09328587743,270719.7528265178,264335.51686759794,264401.7236219768,261021.80897302835,265417.1549863657,259839.45665756345,252198.8038937007,257115.5176936374,270812.35179516015
150,115000.0,115241.97605153816,111955.74793432532,115528.73510542652,111763.11776582486,112560.94124791388,113140.31439216422,112793.75793590033,113272.95789707689,109942.32318684232,110183.50797548665,111259.62690234676,112493.37558068676
575,139000.0,118079.42867764417,115003.72616354894,121497.05559670647,113116.34618381769,114916.82789578444,119417.06948770866,120390.37878178684,115603.40914741677,117862.54604215584,119842.59777009203,116726.46681902492,122277.79443660473
51,177000.0,178552.07310276292,172943.5611460508,178034.7292666551,173239.0185620609,177351.72508541486,177083.1693764346,172294.81247498773,174670.52732509712,170088.55759757306,172417.6497895258,176624.10872992233,175772.52107905367
1141,139000.0,137476.1670654638,130965.10307565484,138659.92391127106,134765.0130339286,143654.68663652305,135669.05524960055,136650.4348721773,133940.34486845642,131650.46296572348,133726.6921449709,137453.02086912698,138754.9192387962
727,222000.0,219060.9145947005,223263.37991039705,220715.2865736058,226716.88094121174,219887.97715539235,222199.45109471274,220873.02534045355,225929.1543985563,224126.80705475312,222698.1448053871,221630.51233885827,217971.63557291913
834,167000.0,152059.85278199153,156347.33746538358,152581.1928540225,152577.9988543626,149995.5584952309,150236.96503926063,152142.87956309767,152185.59132165957,155972.74166470687,154069.79727808275,151803.0579209174,153646.37629071937
1116,318000.0,320205.7888045913,320863.3950565553,324232.8485970329,321210.3463767456,320803.2200851685,322783.8754020731,315629.0564600636,318460.8663251823,325181.66516939126,316932.8039071086,319276.1143601053,327883.94593472616
471,212000.0,217868.74973868093,213605.2304226142,216865.46782285735,212169.11486515857,210196.95390244172,211509.7631116604,211272.34270524714,215707.7367403779,217009.13486192055,213665.67381497053,213148.63787810548,209874.52096548182
972,173000.0,168961.97953824277,171123.13641267573,173306.80167352213,169183.2891838397,168854.2916854755,171097.37690701298,171519.55300702673,170306.43832111024,169416.13938497013,169770.4204019285,170443.94521193582,173239.51183268256
654,135000.0,136431.8511225475,129918.77193054024,138268.66340273508,130834.41251513193,137619.41426647466,135098.46976197217,134109.44130981757,133420.20015440686,130775.12303163274,134307.08666805585,132741.66861471202,137185.02421398176
400,241000.0,209086.1373782707,207490.7340375541,207038.11101632277,205486.62376375325,203297.37256698988,204970.15397751326,210683.1670332185,202865.05120649093,205183.22075927161,205983.19649175415,205590.84499629558,207775.75834848074
512,202665.0,187273.93981059495,186679.95832220474,189149.5188504739,184934.2846083954,190067.47609338723,183380.54981945347,187248.0494180761,188188.95320258272,186819.11134360833,186794.36546422035,186421.1929210157,186287.67929476983
321,342643.0,357827.14692523034,356312.44626308593,357554.3583986221,352596.90652228106,360185.7959753943,353600.68983101426,360707.6011151881,348454.40846183285,360065.757405058,357627.695361043,354737.1978480612,366876.96328795014
20,139000.0,122034.0419991514,127389.58754742242,122977.94344754562,124776.40107757162,122075.50979784025,124775.3649278152,124694.31734435854,126843.2706050724,126429.21672171683,131502.95825541922,124399.71207754606,123810.94116486222
685,221000.0,215343.81527336943,217542.5155171381,217324.67360866876,215481.35084731434,215833.28011296634,213363.45077516523,215577.9550973593,212620.69126610697,215126.28643297427,214889.0117809636,214958.29845101506,217139.6916528648
36,309000.0,311033.2415668284,307280.7152633368,315883.0802072098,311840.5697814642,311532.62675758434,305111.17067448003,310887.4334617682,307310.9386512655,310703.8936085883,301389.4057641059,314389.2337985134,317591.9723532822
903,180000.0,185809.0115928793,182971.4555098081,185643.84263329947,180647.92775734744,184602.00210566144,183060.84554664977,182072.34914461125,183404.25616250862,182036.3915080646,180796.26008822283,184870.49504905287,184371.00218527153
828,189000.0,197689.0209203865,197826.9752811124,196223.15653809265,196623.73248682547,197323.81313527474,195790.4582567984,196626.12681615193,197478.24461296786,195646.30022074902,195271.6658653194,198334.57190309482,195073.05554975718
1310,179200.0,183613.02511746934,180572.72992083535,180664.3386044232,182020.5811982714,180302.44764593372,180754.73615406425,178758.83982894526,182179.3666751986,179876.21787268366,184271.727586266,184696.47623760073,182566.8155817717
408,177000.0,163346.09980936858,156049.98059758163,157871.49540224578,157116.41479837295,156132.84063774208,149974.80084000956,155638.3922423812,157821.64399736168,158857.03067155607,160843.90440450155,154000.16344959213,154374.84758556905
921,201000.0,197904.88268959327,198419.82670026546,195145.16514753117,196300.85884498077,198724.58064779523,198167.89855613763,197219.6950673756,195726.87534806554,195907.4457573927,196183.67505551485,196562.82392145623,200784.59669168323
538,111250.0,117474.05541201358,119588.88917036034,118527.77915706862,120139.27546199017,117109.64215404607,119290.19571608843,120115.06171192779,118106.31620964968,120700.46062638187,122519.13647117821,116290.87575267853,119137.4790712957
759,179400.0,163363.75054728164,166769.87866506955,166562.07126398344,164942.38827072651,160600.73242940844,163300.52055490948,163992.41708344003,161750.44798323893,163448.1576526523,163498.47777350657,162445.4868486749,165122.5228260037
1063,90000.0,131017.87502975683,128235.67401210038,127950.82989933377,132981.5061158932,134878.61166728943,131581.98374327578,133115.40980476636,132889.41482092722,136008.8504817362,136432.3816017991,133737.42195889412,134337.99990279623
246,241500.0,207950.32055119207,209495.52847587553,219796.72582052936,213136.51852265044,208898.6295799888,211570.05978940288,217370.1475027495,213631.1232054482,212257.91372431492,210730.57653764507,212553.99541777608,214379.18082370816
1128,259000.0,240348.12202912645,232173.32269689135,242255.287053866,233946.83345580418,241901.83611962458,243466.18170844862,238403.96912362555,243077.2690448525,231109.2897662517,229662.09841993893,240557.21161234225,245564.54043458783
785,128000.0,131891.62591594702,136614.13888672905,127553.699022024,134468.8905396663,137734.95712610727,132284.55587443773,134377.5161827127,130844.71233829136,136489.0494178454,136281.0450088402,128310.0047390166,132093.9201161616
490,86000.0,100909.45215767021,91288.03821548664,102305.29595844063,97057.27615943598,98410.07657234599,102523.83647104196,99492.42262212027,97117.78965816704,97442.8550516027,96373.34413323262,101020.07668548662,103555.77014212428
155,125000.0,115501.58712691322,117957.99218575476,118177.61037996062,115510.9914307624,115046.17527151827,115559.5720333019,115009.54419274055,115433.14584939943,113366.89774210143,115830.83546271843,114063.20221771594,113734.90976530687
962,272000.0,264692.8220675715,271490.4457366167,262404.6372936226,260491.1689761655,250180.68781764503,261513.9150276263,263911.2946152291,261026.16320325356,263211.86059350043,266949.2894559635,257748.9557779551,257839.14636318586
854,158000.0,166847.07164693493,170387.7770254406,169979.17377082427,167272.61137763978,166081.4830589207,165296.50594005728,169227.6517490503,165366.43119171273,170000.86122637047,167262.36295523943,165579.51147863804,168289.70288762095
626,160000.0,142083.41250747946,145149.9308457752,143699.02707712667,143054.63389280927,145444.751293873,141765.09597980572,147627.6322247899,143207.3704254079,147244.6698194039,145350.18898321938,143501.45029178116,139371.12369588492
686,207500.0,200001.31260384407,202326.16348304736,203524.94103437033,205584.3784344444,197765.6096068593,206926.67019227654,204293.36210725424,201669.8783750271,200877.6585974326,204259.32228389534,201202.18160991409,199830.5751443004
570,135960.0,142953.6349124611,139707.3253367736,142877.52438617442,141833.7222767221,144128.58989808906,142913.83212982246,144612.40432157167,140414.32342003935,141300.17284785237,139232.48179302167,142514.34950624872,145593.14769122744
1400,137450.0,161763.2943563781,159938.68721948366,162358.45685976165,162854.94556574628,162678.5206185339,160646.69651428395,163130.3515204271,158384.2883289802,159460.29438800874,160247.41187173128,160757.2979761477,160646.36690571543
18,90000.0,114170.29326801491,110783.99789934333,114136.5503795417,113952.84201569145,115116.49682677358,113924.01457685661,111502.5791522443,114393.72157695006,111457.18617664759,111393.96022766859,113479.63111521032,113941.07490110252
128,87000.0,85627.11950902446,86393.37065895699,84993.8023106373,87064.95331530587,86090.24330963245,87154.48486517364,88053.6427611025,87519.15291939654,87631.72608325373,90718.4631454123,88626.7279054973,86342.84677143041
928,176000.0,178486.3961652187,181070.63452030104,174797.80397717067,179819.82366466918,176079.80681892086,181069.15940943992,178059.11478594644,178603.78018569606,178842.88532402556,179572.5299351356,180442.005769337,176125.7631494776
981,178400.0,172422.1712464771,165110.89473667156,172062.22365941503,167329.76372862636,167728.00492048738,170805.5154815535,164765.18686199936,165388.14824266266,166369.1358173286,161990.5421657111,166713.30082874527,166768.53886186855
1432,143750.0,132845.96829306782,137578.41091767373,131725.26635136156,133764.8035854827,130212.58461213422,132745.60219561632,135708.26424617285,135032.34018302307,134167.20143365677,134992.5430799351,134238.22285236837,134181.26186765058
191,315000.0,260536.4064513258,267268.90471601736,249086.62635934824,257696.2091872613,249400.4610115626,265654.7732135491,251288.5633246924,266452.8977666742,265683.29444410064,263842.2480448587,262083.32859572873,259284.90316184744
1140,144000.0,116395.78263526651,120757.15477308398,115362.8429060859,114645.14330596445,115669.04539279299,120143.06261622664,115024.81450746587,119244.4848364291,119495.88932200671,121980.1041119937,118090.54723521169,117387.8750604177
993,187000.0,195853.2944858348,191661.08568841382,198444.97184505805,190251.46419828758,196498.05345341732,194701.48336918541,193699.30318270004,194121.27060602326,188017.30734842946,188622.45859373486,193949.504390987,195051.39072979635
1426,142000.0,140140.78572851772,141546.49187044226,140463.47990263716,141494.93327310032,143140.46215538026,140788.41178394062,139605.52775763627,141234.42071969892,139115.1644238528,140436.93349842448,143149.74244608823,143214.2208654744
1219,80500.0,69123.00023746233,72770.8238591568,66133.92244210525,76244.64197306885,67495.22865391192,69804.2432587876,74354.95732960971,70956.18574214981,75898.41392757812,73978.24541606804,70493.32222232391,69015.71885698427
607,152000.0,147922.21617107763,150312.88127605707,149699.94433657321,149695.49662013742,143550.38063058138,146896.00293933,147885.87942265716,148093.3728534316,147842.62883634173,148302.34459892294,152242.9573803697,147362.77564435647
181,177000.0,165212.2976715056,168465.41912207237,165781.62196997908,167307.76225032992,168847.6198768189,167171.3041500834,168985.58406680307,166729.6785065863,167473.12996053646,168862.01384216407,164150.7765185308,165684.46101728303
302,267000.0,266198.85010575166,263805.8647617315,280015.6716197118,268519.0275246587,266919.472451703,266736.5875912694,262251.86872116267,267715.1536295299,271030.35846153426,272924.47360004747,271017.4807648426,266545.95268271863
497,430000.0,334405.7592655668,327677.7085282232,327778.84853312414,337991.65614385565,328429.7615633007,330444.5881700147,327420.7623131075,326537.29339046835,328499.1787004802,331283.01973959466,329255.1371940525,328197.34191020473
1259,190000.0,177093.0308401848,173990.4905562164,175018.59186965314,179289.4847870611,175862.04874152713,175755.4408092837,176918.73003655564,174050.05017828316,173525.0746118922,173724.71384410522,174065.2610088744,177737.8738084375
1223,143000.0,167801.5732750289,160678.34751040215,164055.96830451564,159727.6948491344,160736.19602337724,161042.12438673034,159090.28646169338,163128.9194233896,160631.43462460674,163075.62728384053,160103.46130458865,160495.76815184325
1205,153500.0,147753.96564518983,148568.91340323232,149748.55324025755,149091.85864111368,150334.21628746155,147761.16062053083,150671.57596105695,151047.2532904298,147816.9131911488,147567.81332080343,150664.61336399434,149054.962252759
518,265000.0,266747.869178713,271575.61074963683,258071.50996541436,267606.6376819422,256595.19956677005,265481.45879347686,268362.73882577656,265986.3258165381,261885.7841713691,270051.4107772771,266185.55900849676,259939.61449844
1070,135000.0,135146.08924937437,133172.27832567238,134743.87996456263,137009.4471996629,140071.18280679994,134893.84387622064,137382.3951352254,135943.60404664188,135848.91633135383,134852.88838471848,135988.04243131127,134883.09251928295
477,208900.0,209812.84497550898,211162.287651341,211053.04835731603,207738.8058016486,210207.6392578322,208774.53560918476,208199.02902625705,205837.01874126654,211247.0178527551,208618.7169792326,209139.03092309675,210625.12302985837
158,269500.0,276020.9047294297,301602.4481986205,281140.7019010198,286394.23594404355,297462.5013892033,286997.3275001085,289609.20306669443,296507.8453899075,293526.3711019757,295664.7191268288,288067.5813293952,292731.26950715313
17,149000.0,148235.17625848687,145453.06792984495,150364.01380262795,147831.2989065423,148750.12368359094,148286.80368206237,150449.6463696783,146644.4208650825,146366.78374765776,146351.42724745817,148601.92843044063,150799.28527060346
1073,91500.0,117693.49944599206,113675.83440336486,121275.63158931643,120889.71882204301,121600.32798456482,118972.67837649577,119573.5645633398,114410.78338296508,120418.6184804123,117768.68388281144,118990.17298618217,119859.98791851684
547,210000.0,158188.07932629803,164830.622165643,158387.8163278427,160156.22434590902,159950.05429255884,155941.98596146362,158416.58521218313,158889.79048537018,162623.94836558675,163200.93076452677,154317.95563718522,153731.01611474043
659,97500.0,132814.91038849895,133106.25876735113,130690.78195038442,135638.22121395243,133737.25191895172,137378.42208415054,135206.93124508057,131705.07073072414,136690.4908046559,136186.63936977627,133356.7582006851,133933.38073956326
1194,165000.0,168593.78708611496,171188.2449072355,172306.68307505696,170730.5811556292,171063.81944491316,169421.0943408757,170593.64286970437,170440.01448567922,171382.63622031215,173110.2195854164,170963.47159204658,170616.06508497515
1020,213490.0,194595.13813383467,195456.6220323138,193256.801980852,196606.49195462422,192548.2035571848,193895.38201247118,196308.98446070243,195418.86210235438,196812.7770521508,194152.15433206226,195042.15688535437,197668.72831817818
1224,137900.0,137292.21718472414,139920.49780360702,140566.3330044505,142595.52879693758,134094.71139655268,146996.2793793436,143659.82301130838,138492.87931161627,145456.22864668374,148625.76410573706,139230.4982644885,138222.33114837372
960,155000.0,168923.11920739675,168193.14984567798,169326.14711280927,166358.57304823544,166857.35871467093,163529.8656590761,166011.37152977037,166183.88959567423,165001.23988927435,166930.15430479374,164052.88034836427,165324.6148010735
1374,466500.0,415793.0015716122,402548.9413926177,410918.79394750285,404594.6342920929,417625.6229356057,412277.7214847147,406278.6679905881,410586.207413941,414096.6278810021,402096.45535270165,408952.5841281523,414914.0227076375
284,244600.0,233253.93203320305,226276.35989203228,231358.16203618288,228914.6633004947,229381.81542229056,233269.7695788935,228536.29372863861,234915.00291975218,227984.83983534743,226034.19893906932,231725.83639196082,229242.2725796516
798,110000.0,101034.96184141068,103926.8204766322,98458.05523979876,101176.91337401589,99350.85197200577,102150.32993075426,100239.25219051092,102352.57058598443,102478.34783809152,102369.71795170491,99628.2673624489,99546.21163141237
226,112000.0,106102.37965553044,108180.36253892841,105720.9489477216,107293.0944666953,105485.50144849258,108545.55212204435,105201.05101983894,110663.42712091842,107980.4418078395,109843.35011471674,109571.57892454501,109522.61898774582
27,134800.0,137242.50030107723,134475.01823839245,135649.8492609789,133853.2045340026,138100.5903247346,138295.6830603386,135397.9389667046,133372.86837986344,134206.3468826723,132376.5733690496,136483.04340919192,137454.68792094084
438,119000.0,118276.27008594725,116219.70511778763,118970.02303087666,117593.16711585743,118287.18879771243,118444.68981973804,118539.88964316214,116015.02807384425,117019.18595982256,114620.0931710475,117509.09758484176,114359.18830895958
1420,223000.0,200584.70039483331,212113.24303623787,211352.36987496988,210359.06642619698,211327.22581458886,215700.2621374687,212226.71757195872,213071.5997245237,215193.6997360067,215466.39413242726,211277.99609789666,206535.97991477532
230,192500.0,191015.9663097922,196034.07029803033,192273.18473234866,191911.293077354,192887.95449309816,193752.21455928625,192794.153429364,192975.91836263184,193831.70752739132,194817.8315503892,194750.06799217328,194536.6484566499
38,153000.0,151608.61946813628,153728.03443478598,155663.29398461577,153822.48667683566,148878.41664646578,151774.98084631967,155421.59227732784,153939.39822012838,155691.82635318185,150898.58017385847,155915.69746230796,153753.91231045243
750,98000.0,80742.23846060046,83549.91859502601,75969.36914796672,83669.67339068398,76520.51649442987,81938.01084120153,83363.5658902163,81146.70687405944,82750.22113605078,80464.1856198343,80734.64618119017,77504.99932955773
1046,139600.0,119905.6224002324,125433.40308543488,120488.70368296935,117456.56275350015,122898.9240960566,120040.07426849657,113027.73629983113,123320.09727744557,119708.8694231112,124337.95582152417,121096.6523358942,122612.87464254595
470,187000.0,187117.6502360045,191409.60260554898,186757.97879590018,189302.29727419818,190563.7108767361,189669.22064975576,188654.07290334534,190375.81984410665,192148.41898990702,194157.45607091064,188544.22888918215,188140.8107073737
1246,178000.0,182886.74775826922,189367.96389373415,187318.63709930945,190218.97802917042,185033.0581782665,188172.82326963876,190981.23083276922,185230.2247418173,187194.45502810873,188193.04850198346,184792.08722958562,186388.8139681253
1435,160000.0,158993.4212540654,162513.596785753,159790.28957578784,159632.8793990806,158719.06695316537,160813.66714511285,159606.25796425412,164178.60601060206,160786.57810713578,161576.96505590074,164271.51788865103,158505.42783808196
688,148800.0,151651.52278607964,154398.68740116802,150486.28967340325,152701.03600838874,153893.54664965163,154482.62402132206,155635.63342225517,150202.92735819978,156839.32795577095,157091.69807696017,149999.41026875307,153496.1601173318
1344,177000.0,157671.90675267772,165958.0706958363,152831.51378056157,160453.14970397466,159402.64960799672,154558.1265551154,158611.331130007,158647.03343971213,165061.73593799194,161686.48396334812,153599.77918687896,155046.18407605035
640,264561.0,257551.04638239744,261896.02061555797,261026.43391450436,257814.24199745216,270506.9109173911,272389.33609379025,258335.3763454613,267967.4323109738,257768.26686221792,258488.44918013585,267083.86653810216,267055.577647918
1262,128900.0,126881.2294390468,128823.60768623043,128101.03963311114,126883.77237241574,126819.33643431797,126322.54779021039,127798.8353088694,127530.7160534006,129884.04976747558,125529.1676809377,126891.52361015565,126890.22724346373
1159,235128.0,250231.29606846694,248404.6728161592,244868.5916150375,251719.68074050688,244673.49984197327,249802.94223187288,249549.95822103383,251170.7248105177,253426.01639445187,252391.37347005482,248072.10222155074,243999.02282447385
1218,229456.0,242630.4207905935,247716.56372374808,240176.2064927756,246389.0340832098,250908.5601799271,249007.01901284294,248283.64056722514,252367.08453947137,246625.45589402152,244757.14518082264,246662.78762696503,243817.48309246544
1329,256000.0,248120.0563574433,220129.82082591558,242305.6001041529,223126.89609259475,234916.25331662592,240671.84384166446,231891.20556469445,226713.62854047722,225908.38376192882,221345.47478788494,237864.94198464075,248997.11686765403
801,200000.0,193679.14602976595,195028.35588217675,196880.26183686702,199518.13818367524,192843.69265782918,195128.4822955406,200328.66733133452,193289.17554559608,194725.41492966487,194972.75426008538,193952.2931537625,194220.75002586155
161,162500.0,165105.3161445233,166787.64389982694,166191.0839258252,166450.5538040481,168369.2680724379,165138.32691099605,167606.7422575492,165570.95794108266,163811.860060325,162248.63647122539,167055.5718885668,168138.62049981905
957,124000.0,130235.26315228808,135731.32274773388,132231.62061496617,131444.62085434224,132931.85717391517,132644.23953810005,130318.87711116848,133954.80388925958,132654.83002228482,135540.70231365066,134302.35435175415,133274.2521727874
1187,95000.0,119975.92826133128,115407.88136430523,122711.1968933704,120713.22886933136,124020.4243038205,126204.13879205639,119914.14360730942,120507.14804170156,118419.78934285065,119760.63149832188,124664.0156305157,123474.66908694818
822,93000.0,87368.35175610744,88388.79722241625,83941.7097827029,91406.91906736995,83755.63816588637,86802.52803751305,88867.66581175347,84569.20101110132,89401.15596689485,90532.8109372921,87337.83127113924,85949.76453276527
1238,195000.0,216521.9173564517,209263.70731491936,215356.56938278704,213468.23603384104,211400.28819006195,215891.99424758318,212791.60881360242,213542.64606624443,211608.26313139746,211975.26072427962,216287.46084900352,215552.57493415088
878,350000.0,342181.9807092246,341154.7457792882,344614.2239400728,343210.5037693098,339737.13039461017,342925.8262194986,354610.8867833828,338242.443562545,356530.60873391153,354862.93932964205,345159.39235389465,343603.52037439233
914,145000.0,142276.98725771433,151059.0264703369,149759.1223587309,146194.10006852754,139683.3938560123,143677.62381220746,141779.81427382398,145411.81352929547,147647.97282079209,151715.55326234442,145552.48376914472,143001.2372352982
153,190000.0,190246.97085318586,186839.622253098,189542.3852254811,187942.79716024903,184884.78985629242,190325.46768647482,188827.14661155693,185412.02098732788,190362.1185133414,188193.30127826292,188746.23372221438,188625.72584503077
1339,200000.0,227445.15318034706,226425.67138026157,227699.82867071367,224106.0644085959,225357.57184338782,224956.44310920523,227855.85651158862,221769.8425755755,226566.97300407072,226380.0403274888,225241.17063368816,223460.81771749537
510,124500.0,141474.27304776624,141945.46849781254,140665.65367126267,141234.7780638393,143273.6412726019,142055.29829838692,141462.1575120896,143830.1867282255,141225.20820006146,140496.83357546417,143028.4368367439,140952.5282196611
1136,102000.0,98298.35639299455,100689.59436395353,99303.68419375987,99825.49207720371,96727.68207448325,98310.33349021892,100563.42300368694,99441.37001509266,101378.78034150787,102919.40696246088,98421.27712612133,97429.44632787805
1252,171750.0,181558.9325811235,182033.45290989586,178555.87589446703,182295.38371704254,178851.34982378135,179168.07666211625,181854.66392586054,182436.3127510984,182965.4318780269,184217.56440238465,180939.54572117905,180636.9343159728
104,198900.0,183730.36675162203,183604.55668518285,182676.12657631346,183615.90634631805,184079.9202112497,185819.3589120852,180947.82584280128,186599.8492209524,185035.5005137551,184931.639601308,186049.44351193012,185588.47501705034
587,130000.0,111347.9049565114,119498.0381639743,113560.90502436191,113334.08816092864,114980.11908992637,117581.69617182406,112111.35341241538,118808.01603634725,118206.53792257895,115786.62296262168,115154.15410112572,114430.73127503315
1381,58500.0,80857.64082046556,75395.58098554685,82467.80293005981,76825.15360984083,79216.1078741563,81425.2303186221,80075.3075030869,77531.02100826369,77787.96220421448,76103.27182070033,80396.41017930066,78625.80593707682
1144,80000.0,108146.21503294879,108508.79708137385,109739.34366291227,110159.15858364687,105329.64868581927,107028.84276185365,108536.04047884836,106846.1445733089,108764.62694738149,106514.18254947466,107316.53542134899,105317.29179834857
54,385000.0,337126.5946560655,351733.33026576444,333789.37057446496,341420.696094546,328298.5979299536,329824.9467531196,360014.00111357693,336834.9625215708,353205.86821560544,349669.0494725625,334310.8116219892,332795.78589023364
152,372402.0,336407.1864845635,327688.0190669017,341517.1089511989,327074.73195513245,330707.5466386974,320767.2951743222,331879.380108538,326397.01436097367,312327.88001860917,321121.71197808406,325974.398181453,326148.55116103933
404,258000.0,246856.1182467009,238221.18483390228,245853.89392078336,241836.48030605837,238361.50142294326,241165.19682836562,236428.97340913315,245579.65063157334,239819.93959604658,241797.1529371604,243236.81878568788,239507.10088541597
1417,122500.0,129937.88418290655,123356.61417129754,130729.03265064381,131618.0779813958,124668.93695846133,126820.47550502286,131914.8753013668,125003.78846681549,129086.89513198676,129741.95817399501,127319.6997718034,131780.0442406633
208,141000.0,136928.53643613303,135977.58790251965,135699.061515617,136059.45853008912,138437.2423249013,139145.10853047977,136372.9784535007,135496.49168396395,133908.4607945141,132808.35522191678,137499.45275543045,136483.26122200253
1382,237500.0,221236.12507362867,216526.99538100066,222302.717333629,212921.84068456956,224721.93780506527,214739.7448246936,228954.69770966427,222375.40078203764,219949.810216961,224100.81693047076,219590.5008430872,226950.98471227544
1123,112000.0,90987.72082134942,93434.51835638599,89435.20571093961,93969.94485570773,90587.05233101099,93500.12785080117,97390.19480923784,93752.45717242728,96207.70740670947,92641.3692518831,92474.72717252637,91298.4424904286
9,129900.0,146684.00833913794,147256.36794485833,144876.44680935514,146568.829599914,153682.22881721164,156885.78572037473,150737.7493465227,150099.65754711442,154448.52497134748,151816.1738431168,152948.7121805176,153439.6934808479
1015,119200.0,119597.47914731134,117297.57540206495,119155.50313935851,121236.4660149705,119518.46561208823,118250.54879100493,118482.82081495586,115188.14246380117,118161.90837025843,115433.97028419556,118151.947420844,117680.42117955977
1309,147000.0,133530.72830049065,134242.61102078407,138502.74910848224,137289.54879547993,134522.44340601272,134022.14374941704,134224.0491959247,130578.30849421528,133871.05075434726,134424.71393611463,135052.2274604437,135819.7842303256
1061,213500.0,197143.7306372492,196243.79752478088,200071.8306174482,196214.2215360244,198274.53796542512,196704.7965132058,197456.67002335496,200506.71931292416,197683.3633999496,196440.95361256332,197027.63563210022,198751.78708763246
453,204000.0,196861.4108374877,197364.8533789276,197149.60147413364,196921.53742324671,198552.66902580753,197060.07981996847,198110.5747237782,196444.28093662657,195190.37752698854,196262.3913655339,197893.39424776036,200796.44234798654
254,158000.0,167430.1583210945,157439.27950870327,163148.26197844575,157296.22398900893,160873.78658192753,158083.09254746066,157446.22784944504,157060.2088515918,157225.06308913213,160216.39133863078,161230.73057845866,160528.25933949635
897,106500.0,98221.55777174431,93662.32586004531,94247.39486325496,97462.05368064115,95780.58159947702,98491.43893828557,96556.59536583937,97525.07389624008,96595.01961680589,96131.61100477671,95161.44671936517,95378.85533462834
1379,83000.0,94141.74056264659,93963.47108818694,96517.86905195737,95490.1144004246,94463.25966129781,94761.08713787195,95011.9428864026,94658.89272114132,94088.92746540316,95056.98993430151,95470.7877824009,95391.00521506298
881,157000.0,155056.66147252434,156827.9568719251,159970.019498719,155383.45379247973,154453.15834916837,157533.28268100152,152443.9156230318,154598.1590394111,157104.33712584004,154043.77468113363,153441.10470478408,153032.64457711743
1378,117000.0,134181.8959518557,134619.82164198568,133726.9467549746,134905.8126398269,132408.22014171383,135766.50034685346,131670.42031159028,138239.9640031501,133524.08094869566,133918.66012635888,134716.15744875008,136031.0242199893
624,168500.0,167129.15739857385,167420.83309592886,166921.96434404628,168947.74467047994,167732.02886251005,165660.41919043922,164853.20446880988,167625.23995517203,166822.22139529002,167245.22689515495,164548.7730104289,166962.0124654375
346,140200.0,127785.59537795004,130657.93614245388,125308.64720932754,127622.0525382272,121318.79487087617,126220.30169190746,126553.99004069183,125301.58540591595,128338.45314216221,129057.46716889334,125315.50447526925,124701.35366786989
1254,294000.0,256164.05400739014,258753.93825806564,261261.66778141446,253870.52366192575,257316.05391595565,255886.86721671154,257750.46430804976,257849.17923234685,256810.2848957623,258136.32444575822,258645.78849893785,249993.34637078602
263,151000.0,162895.19108697856,157975.1897911636,164155.10656241028,160196.8182968193,160004.31843306968,159647.40661234412,162572.51548309688,158945.48895921724,159240.54398493646,158954.64313925174,160285.19725720517,159751.22284568253
151,122000.0,137680.28929299148,139262.21764252515,141000.35771329363,140500.0825829351,138764.82276828372,138830.40090183457,141585.13093946336,138627.32805349908,140747.91989498632,139064.48102526832,139520.20523558257,139677.64179715203
473,148000.0,137782.21268086712,139242.06487814177,135215.10730070548,141289.58211977466,138038.56970201797,138323.4248199887,138118.02205142146,138066.80760818554,139403.5724511104,142496.80735756044,137246.85033254273,134578.75864957232
641,274000.0,291920.9247720487,275649.5031926495,285109.22919438616,279534.0240612374,290406.47443705867,283279.44180545304,290961.92286443705,283129.25271051476,278086.17304481106,284450.2364635541,279805.85896993824,284039.6114655438
1447,157900.0,149023.4340500266,148256.15820507263,149287.0214410481,147989.346715017,148610.95570544826,150282.91830629157,149528.07739665004,150460.49256662827,148908.9727211003,150987.18490338812,150264.33564811785,152417.59369621897
1375,250000.0,228132.7777334505,236274.00742759954,224057.4142259925,228287.00654182312,229418.15176368493,235191.61286107497,227916.21524166744,237802.7988316812,225905.31797780274,228595.6539154591,229038.7391443895,232025.04665935456
551,140000.0,136696.04439957283,134230.74537979768,133475.3511006087,134243.78862743606,133570.44799330682,135934.05848090866,136341.98252334347,135690.2993612639,136121.78892548502,132959.66892049814,135690.66370620302,133394.43708836962
929,236500.0,252475.75124579735,247359.573666775,252326.74575101826,254456.98875612757,256449.000483057,249075.80606610538,250861.9717898057,251780.03630659307,254407.8231071902,246838.77262123485,251113.4923621258,252702.5090541131
489,160000.0,130001.29777168804,131155.04205728334,131743.72216948104,136756.35275565024,132438.13917825423,138378.5296120796,132393.0669884512,133851.78679574578,136775.4257151158,141474.35998847708,139474.82735261324,143806.98083931406
1322,72500.0,83824.67976256587,78160.31810678403,87814.11646699217,79447.76541987041,85343.11956299584,82835.90126906658,80469.1273225743,82418.81966644058,77630.80778084695,79701.54185245962,83735.93417633761,85855.32068432745
1172,163000.0,166189.40881940554,166750.55758534573,165363.19808711554,164547.35843215697,166012.80402172921,164316.4791354721,168959.40359623378,164370.20825924314,166035.14267811755,165122.50309011101,165898.02611820374,165374.757955137
147,105000.0,111142.06301815968,113441.87184495812,110024.96535387218,107502.48465170154,110961.0491022641,109561.2474410502,106601.16164620784,109279.9800247984,107945.29602347806,105466.49479460916,107065.60235835501,108845.02650973582
403,108000.0,106114.97306723546,109000.52632385008,107639.6444832458,102138.46649097838,107796.34402954798,105457.10257280848,101859.88886968169,103171.84978966072,103988.28561899484,106049.04020672322,105244.48253575938,108464.90845594835
955,127500.0,116272.93542713346,120870.78948067772,119536.29625042214,118980.56656541984,114787.37131767414,117702.61976189795,120385.34467701873,118594.71148181,120334.9009609091,116820.60345569033,116817.07228789893,117540.60001525193
1405,105000.0,98636.61447050034,96532.7026708402,94674.25317817385,95780.84835514368,95868.18170959578,98579.1082560234,97064.57723665937,97860.01196991568,95888.28364553652,97005.58329959246,94005.31360047402,96616.98552462603
660,167000.0,154129.84390352105,153920.32869435402,157383.3806956134,158092.96729627036,152026.88112699045,156616.83973912805,155720.05222954764,154699.1944963819,153784.84328258559,153192.80963025722,156313.93678008934,157438.85510603053
464,188700.0,181492.2976604503,177781.73895500856,175234.11083737054,181132.8024195123,185890.19947109508,179251.43099701052,173155.9093056597,177386.10419636953,176097.82986838146,180056.55642580398,175786.3210836191,177747.12696303762
187,173000.0,180096.6048312172,179566.51717758487,183630.8578883187,180674.4005633446,183146.20425212057,180717.93535152357,180429.28635116824,180592.04729992643,178872.7862931035,178406.7497312819,179474.51353200493,182862.80231279234
1148,174500.0,178778.4764890956,182364.0134273472,175134.8687475245,180262.61533577216,178568.79825903292,178213.85285595598,180321.18794221367,182549.50969771182,183856.21406237557,182061.24829471245,178946.91336040795,176462.3194353144
1225,184000.0,203502.1745131645,199505.86858749465,201465.98238290637,198910.52777666255,198672.5615714339,197890.48426407506,197065.44369790482,199335.08664265965,195585.56600021326,196707.48797406687,201189.09679717754,197764.51150853964
609,359100.0,333346.8967695445,312018.7075502545,303465.6081891321,314184.78034265287,334300.34479246323,323450.7952175389,310294.2089319509,325719.65367989877,319147.0910131596,301389.036230553,318156.2797458044,325601.70780067187
144,204000.0,213698.35472949463,213327.10816508517,214961.43601646318,212497.14094989604,213768.55294647237,210889.05860707356,213276.48039989467,209954.21505954943,213080.40078946805,214688.90455245154,210386.8540856532,213447.0362904562
752,162000.0,157148.90952353447,162732.42266098852,156949.20167557837,162064.9775793714,158754.93486510197,159725.73410758204,161456.7485081905,159356.34260006007,163466.5271626437,164213.2404693885,159810.81919588064,154398.84254694643
982,336000.0,327779.62875032256,332839.85792457545,326394.02341482363,336830.73053211975,329747.81657328136,324975.9903526339,329289.91912999476,321334.5159337694,330793.05530032405,331965.00354996126,324761.29689082864,330566.6425562532
198,235000.0,321842.53038229566,319982.6722256877,309867.50935875706,315701.3496072883,316272.5089987028,319600.0008200571,298817.34313387243,313024.1258568764,302424.597733049,317929.49353145756,315918.87664464716,305478.73503272765
884,118500.0,119098.00129777347,121376.87345636587,117113.21108128913,119570.17108092866,116718.0500207508,114346.3761957157,119950.39772776276,114140.78902403144,118200.5867009508,121642.42410865829,116707.18668107348,119429.83899466968
280,192000.0,209735.71042108705,199710.7141268673,207948.70840051337,203283.91783912008,206000.07718892428,201621.60795246565,201767.7593822107,207010.96278095766,202451.90464173764,198644.05456221494,199490.50641998497,205676.8500937063
294,235000.0,230592.53026138892,253047.67542884662,235441.84213052414,241582.26559526895,238201.82768300772,241979.5226771573,257179.66877568827,239833.8525382969,254006.12933234024,244028.12659106104,243707.3261909824,235359.01985317963
1330,176500.0,181495.35862357938,181866.84893197476,182379.42543919123,180937.05296986748,181101.30890450673,181236.42717023354,180770.5956972434,184974.11826290772,182642.4278620448,181095.58529394178,181977.47470329606,181910.2840771135
401,245500.0,229310.5364100474,231100.20985856233,227693.70683129109,228311.28105335898,221723.8103452925,221233.82798163578,228050.01089321572,226488.87114685425,219723.5261870934,221263.15210137362,222003.5216918119,226026.37235239532
123,136000.0,138236.37454202244,136831.62437867076,138858.3108877978,138382.12849524253,139191.05875932757,138268.7114680101,139070.7336885284,135933.16258842568,137582.69313911817,138482.47003993116,138081.93051307215,137840.75639238697
1208,200000.0,199466.11773457125,204435.35309882803,196911.84150045842,198803.6995086309,196618.66738163837,198838.29569824188,199489.01919892404,198586.01295891235,199860.46976855103,202547.34286222342,197787.41155238665,198737.70961734588
203,112000.0,119520.22902140053,120836.42901283315,118638.408816775,121016.31868166054,123588.63476727546,123526.99349371681,121275.94753427508,117857.24366848443,120010.37665447724,119756.08240648823,122745.84304969938,123148.54491123348
836,128000.0,134563.11037560628,133648.30945089046,130074.39976854206,130715.71164964273,135942.97411976292,132472.39906972297,132406.79894868794,132471.96112065244,133009.41694283288,132672.23775749595,131274.8716853643,130706.97564521374
247,137000.0,138323.9804104841,135744.94998925872,136608.83016773872,135985.7449070692,139203.66518571612,134543.31148352023,137069.4934292616,132526.2509577876,137457.00251796568,134877.7440642256,137104.17367629326,136043.40993081176
1387,250000.0,277342.41806569666,272505.838801368,272552.45594853704,271911.8308740181,267676.85216438817,279184.4914168236,276115.0465160014,268269.0390948784,272885.36245819036,263867.87765373616,273920.21527199546,278790.62217679236
1373,274300.0,253638.31992942223,252481.4882613892,252229.835357853,254067.89749187115,261254.27396450946,259148.5834071443,252544.06184050787,256743.55672377715,249480.03115139387,253685.51988956408,252041.19865678993,255554.31910556828
1154,120500.0,124029.90966809442,123872.18405223943,124137.96115331264,125456.80569387903,124888.79577117498,123233.62797317922,124079.98445986072,123184.76903299912,122576.77874705236,125162.1057966457,120964.13183998945,123877.68186729336
385,240000.0,243686.60995288054,251082.54987866702,240280.85564653322,242111.85128044325,244650.95919545912,242262.1391120466,239754.10781787452,251586.90711049325,242692.93355950466,251572.1724519287,242859.1755269926,244504.7565416723
1289,278000.0,251137.4427128511,256537.6845121918,252123.97679122965,256836.06200987104,254683.09854538966,254616.87561845887,255952.42417273732,255863.9094459676,250080.92244879928,257939.00290721701,255080.64771436824,256101.9444220621
855,170000.0,173815.21854954612,176053.32382531554,172673.55509619843,184332.76142740351,179662.69744137136,181465.45052790575,172280.18820337276,174400.9234742429,175528.33584350307,180101.08924953782,172593.21601443968,177242.62337136912
220,167240.0,174606.92118850397,172995.37087964147,171257.20847170253,170164.43531093237,175124.42209273583,172120.07975344994,174557.73087597225,172231.35019843644,175366.73405719653,173588.4344167882,173564.1697204164,175693.13564361064
642,226000.0,237560.16465900184,231080.3387909089,234271.51151175678,239610.76464828628,234029.97199758774,233857.53777566066,236305.07351529476,229798.08813485317,232302.2824865419,237503.82596115058,231898.79785007052,232949.3175562516
2,181500.0,180749.70596177242,181505.37525203466,177686.68403783394,176988.2381593874,181132.28876544113,174947.15289107407,179559.7800501849,181655.04805478404,179182.55916195243,181062.95581845037,178251.45129625069,182022.14851281705
113,383970.0,345645.1309352872,334020.05680970935,360106.39656510024,345390.91297337326,337054.0716854614,334049.28868664353,346015.76307875745,347354.05876007857,342029.79725683085,332074.7038992992,347708.09979059466,343055.65483473346
699,138500.0,138930.0652685676,135996.74877291813,143086.7040278311,140898.17516657893,139070.00845735337,140703.28729672998,144100.75956090132,137590.78563713995,138444.57878216865,137072.6493619623,140461.59208048056,144077.77821354847
1394,163000.0,138926.91880010781,142049.35513602349,138062.88721165256,138710.05484909154,144629.52058770097,139760.3399915702,138610.5776799239,138566.94623088368,146406.36769248502,142239.9269147889,141538.6885042615,140405.59262307902
952,119900.0,120077.30674132743,117825.83605161232,118444.93642316987,119628.2971684719,117338.92939964937,118705.26525268253,118364.01443339327,120244.60955533663,117109.83690765037,119084.00458727522,118067.04630732576,116566.21845831594
1284,139000.0,149357.36302175806,149834.65844218733,150692.7221736764,150415.10129240458,150588.3637351452,144004.29815174136,152759.42705768766,147816.97852571835,150788.21038551244,152141.65307866415,150270.61874390676,148064.24063972582
1319,275000.0,268055.1630844008,266798.2099182421,269906.38892370625,265800.5572995426,268131.0287306643,264167.47084944154,269069.1600411552,265776.0724625374,265098.2114735084,262785.326015114,260159.9237869652,265166.55493517144
442,118000.0,100992.12665644503,108057.32236506754,103123.88773682347,106631.88580136538,99499.30902397653,106880.45971678424,106261.54989551638,107349.74954550416,105964.03926234091,111911.94199592911,104389.54808068492,104047.80461099363
1137,119000.0,123692.56626264783,124744.65426536731,124318.70879258792,124446.71987561198,123312.86920832552,123715.01271700674,125328.25364045321,123524.41351593751,126844.86286761805,122289.64527051325,122958.40892662814,124901.1558928104
1257,301500.0,336032.7821034751,332499.0821049582,346412.85207041184,337745.9433619954,334542.57612596196,334605.059443417,349244.0767053255,318232.12934757164,334755.7440599556,322872.64303444343,338670.6974422524,337536.13099994813
664,137500.0,142838.88689860105,143092.59610565662,141797.20254257086,141049.8349253665,143760.66259160274,141407.97632942352,142326.3419088672,142117.24185995504,144930.42704984956,144985.53321767275,142581.3306164651,141809.23995486647
1434,186500.0,184369.9677934015,186431.2855610989,184632.98735750234,186254.29953953784,188795.5801616449,184922.1747498578,185531.11163739668,185417.82322889165,183968.49275780126,186422.42372343852,187067.88707617501,190620.16975489262
1258,99900.0,85257.28669499712,87957.40650642055,84842.19253522318,89612.76695330329,85584.69713107035,87707.44781553982,88092.53684156641,87341.22752358177,90319.19275346235,90002.7808615937,87528.148870753,85839.76856087244
1297,155000.0,144885.73576635268,149054.0357728282,149248.05423583838,147251.33682603942,147254.81520337216,148207.92284712885,148306.1956476696,150413.01612161714,150324.80390450347,151292.88098043468,149902.27544938106,148226.92410026505
318,270000.0,265645.97938315105,262657.14234986994,269381.91189768654,252651.79330243875,258662.8362553618,257976.44256730878,251852.15586997874,258491.0635920788,261520.15461760724,256759.01689516168,265017.2060224551,262184.78573115054
649,155000.0,155703.2565269918,159910.73728663358,157133.09429727186,158031.3373958124,157933.5080064413,159916.4621756066,157477.12253808865,161001.7015263728,158998.5073949597,161403.4796999825,160150.93370943097,158697.46069589813
710,109900.0,115128.8739518523,116432.4175820906,117446.14496459038,113333.65419596607,116575.08400594938,116401.88971936643,116544.33185326582,115705.056079235,117838.62077257215,118053.47714369313,116755.45979771575,116024.20681409376
1283,150500.0,153016.42631876323,147534.35713714073,154917.3845416689,148980.2061852133,152138.52176899483,151266.98812003722,150964.02474011146,150734.28688445798,148218.0756001377,146648.03377781375,152757.54570921554,154659.11602939162
973,99500.0,123800.66679386077,125400.35346676897,124301.95542505317,120850.42888049151,125826.70293179763,125515.11707557426,126510.6080132438,124437.84205001246,125128.70796379204,122787.52282495856,124725.33463378658,125324.93940283777
628,153000.0,161807.22530867506,159289.6464036681,161980.0491614945,164650.7982799901,162869.41318683073,164926.2484749872,162929.16518198466,160572.05818431088,161241.10407511276,161634.42228669362,163163.25768641857,163101.97741253854
633,82500.0,178266.33561722617,180784.3460237964,180777.60380329873,178943.03610775465,180749.90756075684,182542.34402955693,181206.49459269718,180599.56446741908,181549.71866450176,181185.3859165902,183095.72307843843,180873.56828714462
1249,129500.0,141103.09563245278,144094.54322068556,135708.3028566633,140027.10701236702,149112.78497870298,146641.87550896598,144051.63224952578,146020.0355757419,146856.3405668932,143429.49351841598,146068.5107730236,147882.13641163643
1424,274970.0,190214.83967680857,191399.5174015571,193146.44631442253,193916.27116558174,181664.47918049878,191750.59112813065,192697.50569190716,180594.24617265185,183595.72067976615,189370.5805281938,187769.50562492857,190222.51038661043
1255,165400.0,183595.61059905952,178505.47165147337,182214.1246267976,180300.17470953014,180255.0057155996,183872.2335123412,179227.58539112314,181053.3074052358,178769.14519002347,179040.8516865785,183080.18340266612,181563.9423271505
1349,215000.0,259528.49986526908,257940.6687919284,265257.6649663545,258600.99236628393,259772.44635083587,257099.71248949427,262317.8488981683,254757.70738949272,255920.29011257156,256121.2986775829,260932.76675076396,263169.79455793236
796,171000.0,165433.98891027074,164747.3948054928,161492.88116275117,165062.08716053146,164327.8287878984,162530.15060269402,165562.3190159723,161484.19982746872,166559.26487444213,164472.02631170987,163461.10115926203,161558.97428023542
646,143250.0,131984.23369585373,134221.94228468824,132585.56756695802,134746.5676029628,133372.44022091833,131538.9983544058,135576.80052839557,132283.97627563233,134973.8868173646,135432.72152378206,133746.30129780556,131379.26309454156
1013,165000.0,163104.65803750805,158526.0610935631,160018.84289954527,157540.19781285667,160360.86308321115,155767.98631960567,161320.61695060183,155631.91133232944,158322.08408483936,153790.94440225547,157146.40040534906,157627.1710109276
557,141000.0,151988.59639200027,150046.53918080317,154278.55564324133,151742.39611630532,155451.36946650108,152949.050129532,149414.9939746054,150594.43281551512,150703.2490514068,153709.08845349684,152976.92159731165,152367.9413653189
682,159434.0,114392.40201984174,111791.21009816868,113699.627759242,116455.05341363169,115479.70457961629,118761.59395608137,115510.70415530808,115334.4468287648,112357.89122237638,117094.22084268923,116578.08698486791,117295.13691961902
578,164500.0,156898.49777564878,162408.30112868326,162787.77868201127,159838.63524727893,163821.97047384598,158599.72244513815,163258.23138466667,163222.4787813802,161887.5741612376,164395.05378744027,159556.53553765742,157749.54067055185
1110,280000.0,309257.4070309687,303371.51334044983,310257.31740237516,308002.78070831293,309165.69736663054,305213.3694713826,303224.97851259384,310529.8128471812,302342.07505019964,300875.65220944484,307833.74702787976,307170.32040822884
1267,122000.0,145840.9199128757,150559.39293577705,144605.13167102673,149983.91069628912,141803.25518890008,150278.93826718215,146173.01016749203,145519.38077156767,150561.51477473998,154355.47644151706,150550.82828612986,149866.07601763317
1184,120000.0,147524.86772558413,145048.5290872783,144143.36007554134,143783.51169545203,148722.82926679624,144227.4787396026,140189.79521241452,144893.83021902366,143487.26556274216,144580.31959179946,145308.53154725186,145500.35530668712
525,315750.0,291866.729092184,284906.6684398611,291710.7029612683,295002.41318567743,283165.49613734876,284875.16513901186,292092.4882783049,287423.13310118206,292786.6406465328,283879.0591136792,290559.56015712634,287449.94018764707
1060,220000.0,180506.35806389208,180805.9495541335,174267.17325010238,178612.47163861207,181757.65198096365,180646.06121380182,176174.41120544478,178626.5691743496,177570.79805734172,176869.83269823957,175850.39313268953,179188.37184138782
541,315000.0,348133.5466424795,359798.0737322731,354010.22946922836,358608.2190231133,353428.1307564273,356386.20046323055,362443.6414251846,350167.32280543214,365443.0302267083,357343.76555779093,357019.38520225685,356893.5253202225
1195,158000.0,146485.40360318666,145855.1833879409,145815.8888454309,148567.74345824833,151631.34979540954,148674.04578550588,149376.44795281618,145945.14798871955,142934.94085442295,145823.77257602278,145350.63339510324,149064.9272483097
749,260400.0,233312.03670506403,227979.36490840424,232722.6748189076,234550.9865724862,235136.00405096714,234820.88793133898,230741.61029464522,232672.06161084792,231779.04501052873,242294.42835333289,233096.302964412,228564.26101544924
1352,171000.0,172027.0604331057,170451.78407399682,170580.4144743728,171545.28548987795,170993.66173907145,170836.31592139226,167300.5201798054,172024.60550886331,169039.86542734737,170738.17469427356,171352.97087406734,170551.38833475005
485,132500.0,135844.43115376678,135798.8479120979,137507.63654594254,138048.97625426803,139174.0094596159,137902.78801559607,137485.7746474569,137122.93792151488,137796.43169973226,136227.38208961277,139113.60610472385,139574.39379959955
96,185000.0,176689.67023428026,175311.76995117226,172893.32851049464,174938.23224116795,176476.19104008982,175625.12141676657,176086.22461004806,177902.75013919966,173624.92073259712,173869.33371376726,175039.01090093923,176234.36648924113
1021,176000.0,151061.960077362,148246.28267798503,153193.542272816,147502.80613012228,148550.03203150275,146305.55237876982,147789.12151366778,149126.28198295788,149663.20124732962,148405.32646968486,149792.12172982984,148495.7639880113
564,185000.0,173108.81288220693,174111.58681285832,171492.06875677453,173260.53926606147,167884.3843017659,165779.4551918798,173283.84204390555,165376.36776133953,175543.86495908673,169258.13574438525,166281.51776915047,169415.24123838282
1265,181000.0,179583.3405302878,177596.6554417706,170586.1219513723,177239.68499850805,180417.74953179772,178666.98177512782,176170.2237962472,180649.11249332534,176958.92259022308,179035.45193430714,179735.87520524813,179959.07133788065
743,179000.0,173558.88938176486,177129.28386400212,174525.6968122897,176722.5493934011,176986.26198935474,176481.60712191212,175877.81556892383,175464.7827020474,177862.50054536818,179826.83427370604,175880.19964140293,175845.94822766766
864,132500.0,142434.2390475542,143889.59856408864,138376.84000245002,141767.91237917152,138937.71049709083,141532.76541175833,136827.01360540502,143107.01613767704,143658.4562671867,141689.23277164059,140187.99129119897,139868.8741491434
892,172500.0,164516.22111306462,169607.38104615867,170744.86019265815,166469.85543731044,167874.01834581717,168485.43791429795,168024.45935121953,169630.1406250688,171194.68973369084,169900.8428550087,167936.73822621632,167607.23774128594
1039,97000.0,112264.09146747066,105744.4152611969,106191.24536307123,108907.57813102362,110680.00662287923,109911.32216846486,109557.68670927284,108357.1227759908,107672.0197056252,108402.39385934253,107650.44614764268,106317.36255457353
207,143900.0,139318.24033885472,142235.2223665207,140028.44957454974,145599.46458767026,138294.83525282508,138826.65365493562,143117.04192446556,137791.11082005478,145401.2634175542,141626.91594567202,140224.44246917474,140859.85864066813
393,106500.0,108331.46584666517,110579.95223606777,107659.54442541777,106745.55839079816,110347.18526419392,109344.01609363111,107945.77716139326,109073.82849487873,108098.76402355489,106850.72760754348,109008.95927763608,108301.88497330794
795,194500.0,195785.4679064934,197734.02725877293,201625.6590455878,196018.55412052255,196718.1523477542,199582.7053679292,195169.8325511696,199469.21982942466,195223.08157626571,197385.14469452764,199199.1999249052,199580.183545042
871,109500.0,99521.22836378397,99299.41958134418,99052.93509715894,99388.11383357696,96160.7408192798,97823.37384768337,97822.05407767999,96318.80348897626,97826.77487105757,98329.65908026273,97526.92150399883,97780.99785170228
398,169500.0,147757.56277683564,149826.8267214091,145937.8822772113,146321.9583210824,146403.37129930727,147849.7493565906,146287.4353427164,149719.01095459503,148320.79182148894,149866.68771980086,147585.28250413507,143349.75586432673
767,196500.0,189662.62687547153,189522.35248325183,183212.04054900547,183718.09802098534,187770.38028933122,189042.84467627367,186729.9419592602,187570.41401449963,187082.26815167203,190080.7961533553,188086.11543541128,186509.88323555587
1342,155000.0,156018.08630826473,156658.35561936503,152726.48047792114,157847.54389398286,155997.318578272,156770.4709049129,158178.77355249994,156752.05446721936,155425.12043008755,156571.2128271303,156764.7767854615,152993.97328806564
1242,248328.0,232262.9263633522,231568.15287485768,229530.81841256574,236123.05007816726,226682.23456788593,235317.82368255357,231933.40859539766,230191.79800621158,230166.44759578133,234772.78125213334,232060.83581336588,231344.33646178074
1029,105000.0,135162.9446862913,125498.66373092502,133357.6128640424,130517.30832664979,136790.19537524396,131537.37745332625,128176.3075611341,132518.59691583042,126343.82960651268,124455.51843129603,132596.00595829502,131485.39717072836
643,345000.0,389392.9510569559,377717.9418540513,407336.42450456764,394878.11432822637,406722.1241144916,391183.45266099187,398892.92624305753,383776.1662945717,376849.2952287075,379688.11613703007,387389.3837466839,395078.4705249118
613,261500.0,257407.61872336618,255773.57281123113,251458.27922351324,256913.76744718352,259310.4053603588,257825.57771586053,253937.18378845367,255364.44990246414,256249.64443642469,255069.20635114805,256574.00237405894,258016.01320757327
961,116500.0,127230.20920654856,130318.09517397644,121967.52356583365,126576.86230384473,125963.76538269313,124930.49472947257,128654.85107179185,127302.18123236137,132846.93514797348,126449.8262241264,122207.35729172992,124263.96094955571
726,120500.0,109373.58634980983,115317.26411568356,108207.15562433533,111774.85265957068,105743.44906933716,109176.34580539263,108950.07312081986,108694.99932882762,113390.9336793301,111761.82168288376,108760.39729560823,109533.8389088698
684,285000.0,255316.14312498065,261035.43769221642,250580.51249316105,252975.80913874897,253139.9800713768,257786.60743102673,249324.0866790821,258345.43114208945,260631.91541029196,263891.17228013696,260505.82888373642,255561.75333650387
99,83000.0,77903.6462387997,77428.93170048713,76987.56686399903,77058.36900950092,77563.28566729387,78123.25980954073,79736.27179183239,76283.19666490953,78418.63544909899,77803.35697762898,77420.97986503523,75374.12647315316
805,118000.0,117326.5472627098,117733.27391834371,117834.7475727389,120086.84962457466,117920.17441584771,121348.54336171698,120968.07882461803,116581.94654727213,120396.45942494688,120905.78633241245,118491.20329838093,118932.81848851056
407,115000.0,122688.07027369805,121764.78034763946,124758.99851448543,124215.3503087124,119073.80761572468,122692.81966837542,126579.54496138169,121120.5630575377,124466.3365674347,125378.86428190807,123595.02005871802,122965.8357807642
503,140000.0,143251.70855687206,141782.65565814596,139346.68108726255,142253.19067092033,142385.88541886848,140245.26816129367,143859.32883418325,137870.24796565325,138963.9702085863,141277.80133927547,138393.21005629117,138698.06122698842
1072,154000.0,156069.07430626883,154908.74499321994,153952.8592368709,154317.29613294895,155647.4514500562,152444.0786112754,153088.6772457297,152363.48149880703,154360.75324058946,155142.63447267236,152065.2292804745,150141.1862356754
1057,185850.0,203063.81071659995,197943.65091931188,202436.0717723804,203417.26189042596,203246.00278971408,197964.9638926117,197149.25861456656,200278.99530321674,199056.0525422864,200896.60849059763,199485.83424269105,200199.70914498076
930,222000.0,233603.84558635784,235120.19064436725,227042.92847120817,237328.19389770736,241535.32795531524,236086.82852791567,240162.67217800787,235650.92887494166,241316.17439173505,234979.9100402874,238132.14029590512,232889.57991454925
780,135000.0,151021.1970397798,146608.66448367518,147649.47667842006,149497.98483632167,151063.54634979606,152280.54416949901,149570.30753796478,149840.7019363225,147802.8569610161,147277.51320214395,150346.5043067157,149830.56086836278
201,140000.0,140595.8836053779,140467.39967591187,137760.6971647541,140317.16470796478,139235.63690987625,141815.25121091903,140465.3613603341,139547.15363800153,142732.57661814595,140903.8349132088,141042.36714255117,139530.36004854037
135,180000.0,165305.03679913268,169228.491646355,164117.6899452712,170056.4309098953,168916.34414002436,170987.10750248353,169612.0282843337,169201.00401213547,168306.13453374762,168746.210755184,169511.05815524093,166828.97760607686
1052,200141.0,191109.16834586658,186580.9298997265,192965.5718737107,186720.31302590013,186863.32076972738,190029.03037114145,187449.98991919996,187697.96327943564,187199.29249071112,184564.40210115327,189330.893824012,193546.5866405034
41,160000.0,145530.09529049566,149160.79144060978,146823.53279545493,146620.19196947486,144693.5860231938,149286.1986124343,147406.19618657517,145947.94233228848,149619.8183213807,147311.26726136333,149069.12566278176,147824.84818104637
1018,187500.0,192533.05572209266,194139.48165044244,190310.0697383868,192774.26528218098,195828.58342085234,191460.91314290348,196112.2149673275,196558.61595203655,196107.6290887437,190982.30211615548,194994.9226611158,191757.51644707005
231,148000.0,138881.2767630205,140753.03955332813,139635.79202142268,140049.01237677102,139773.50756465166,138687.67478410434,141661.78967713867,138875.00720594052,140330.20621241265,139223.70212834977,140257.22964207645,138463.33326697059
379,394432.0,368281.0628122294,374556.17641120346,365601.6454303073,365517.4840881164,375909.6555341232,371739.4413715972,357789.2899474964,371909.0807437663,372198.6412692466,377306.64839290216,367143.63009800564,370573.6953285829
289,122000.0,112338.84499156417,115800.28562107963,110257.1031572253,113831.37543194834,112807.38349092494,114084.41607038042,114155.21601446964,115301.73373461039,116727.00605241228,114611.62693848395,113559.07852401455,110791.91102998398
419,126000.0,113188.26382752084,106931.1502407381,114581.58891097397,110262.03079094375,110828.69889314195,109031.53289681023,111846.63905951648,107854.06012454379,111771.30319154644,109739.70117959536,109948.70288788066,110429.99186786971
392,215000.0,221226.3807781822,213299.56723809923,220386.10883084647,220312.9418407637,225802.33884121678,220864.6382857433,220655.26079375012,215025.70208769542,217176.69713657608,217669.69611244858,214716.8623299366,217553.495305453
593,138000.0,146086.87934084548,144538.1249895739,143863.2692167213,143106.6946279348,146896.70567173476,142847.1525455405,145141.23058689298,144484.03777695692,142650.60053695214,143359.34674528526,141822.80297126755,142098.14025481575
1163,129000.0,123717.22194667501,124672.49628116001,124104.90636710046,128245.40081964883,125534.76683916754,124973.87671409758,123272.97468336036,124110.68737578427,124949.51660786262,124304.11894552325,123456.87627365782,123869.58121917503
1087,83500.0,102425.36100809912,102480.09778498719,101901.28476047488,100611.19958789223,103867.61559306146,103368.35196887785,100116.88510314994,103848.27388667091,102475.3299794511,101761.06217880797,105467.89961092464,102817.5725371809
648,155000.0,144946.67939379983,138130.19891571777,144944.31059236554,140701.1538669212,139448.49780379003,144768.9079487123,146194.56251402717,137500.77800594788,141505.8223615651,142295.07243266795,143530.2749136088,143413.32705759248
1153,230000.0,191294.19125481427,198203.20636385068,191525.10801545496,196272.49694995614,194563.50326160193,197008.18406750314,198345.21406094977,198655.9538183834,198467.86129610412,195329.6201827212,195221.9551729855,199287.8370064933
521,106250.0,83171.97319577177,87106.66541211872,82375.60810418625,85112.44093748844,80318.37563994822,83362.72885162762,83837.34331287905,83530.01794154203,83858.45907340827,84516.69618536337,82349.33544335056,81119.68694152705
65,219500.0,225234.0301386758,227344.8911736979,230264.29723267647,230386.74605283584,220595.42142148883,228391.98057867587,229724.51260446696,225061.96693142338,227404.8227533231,229680.09513305506,222374.442507256,226030.802869953
15,157000.0,157089.99783369334,155399.03160937078,158239.39900118986,158677.00756748545,157133.8666094726,157742.93913810144,159547.2980491808,152278.6403768241,156252.99182940452,159094.15825648376,158631.12812556428,158915.974785486
1181,250000.0,257578.55877320646,258172.81127072748,258442.99697279144,266219.83520275756,260610.28137381928,263325.00555996597,266682.5701584838,258404.05019429838,260620.694758116,257008.83742103926,261582.98895267144,264573.2136085743
1065,154000.0,154059.0829602671,155821.6305720532,158071.10052802513,155565.25574169794,153990.6442541473,156332.37542930225,154828.99289851007,155372.94948734,156716.7140139246,154503.75267493943,157115.889092437,155946.7209041828
493,172785.0,174650.0675657394,169843.49480048948,172921.85006515268,170347.79549673502,175518.42773469866,173361.7377460282,169100.928980033,171876.50660073676,169348.3362581146,170263.68695648026,173540.49990249402,175282.75730261407
380,179000.0,182609.5062931229,183402.32674658802,183183.97658889447,182850.49464933996,181866.65318791478,183705.33279984992,180876.1973447433,185681.9526850093,183918.47433521814,184522.1484958712,183323.22490512067,182318.54008753735
188,135000.0,125662.24800654236,126609.04411363075,123215.8106787256,124703.26206900051,128652.66311675598,125953.98761418171,121429.64032241848,126991.00746675649,128819.08521876798,127048.49212399742,122740.18737955512,126511.33802888109
764,337000.0,326760.98712233413,331474.29629653424,334336.3522152726,333122.73193346884,319885.6109457138,318754.2213262488,341859.88232008973,332817.1249918411,335955.1002013862,329998.14887036395,323398.92481033714,319041.6758469938
217,210000.0,203382.52845937252,204269.65339657236,200649.9377911465,203062.81000059273,205955.11407499676,208265.5638071392,208483.69720119768,204380.25456887242,206955.4619402245,203816.55706555545,208253.16377196656,203882.77381483006
792,146800.0,158132.15879376323,153353.5933309162,159243.28844883197,156584.0567552304,156208.66404885633,156055.0557054625,156210.4035549407,156337.47689181185,153714.36127457142,153596.78600996992,155982.19283886964,155671.63732273484
1077,170000.0,147505.03094327523,158840.30438911763,152157.628272348,149453.7941504708,153501.43305984684,149337.70522782937,151216.34529341487,153368.3992517993,154756.0291868299,156370.8253296657,150418.2751496602,151903.5318959087
879,148000.0,144407.0438564156,144975.32840295526,146390.57413711218,144240.2449727702,144000.26859061027,145226.16518482025,143405.3380899352,146017.8373610318,146477.98706352815,148456.87385731557,145999.72884221544,145477.1963665131
338,214000.0,214346.71244402588,213192.40000069205,216047.7088392067,217979.7374666564,213701.0136830083,216126.52533949463,212805.22515222162,213338.41014535778,213630.6636816129,214096.85233432523,215475.04760063,214976.53484581914
720,128500.0,138621.3984438096,133861.8492593859,139617.58914767113,135750.84863704361,143104.19708415418,135543.7515104967,137887.13827182827,135001.56934495879,135455.1839123982,133762.80137591428,137050.60225730325,138234.80087339523
296,142500.0,151217.24898805324,150251.21167242038,150196.8532994636,149493.40169417326,151728.98571645122,150757.29204505947,150622.50064099027,149126.21346048772,149496.31790519803,147461.93796983644,149345.46221446095,148357.45795618917
1017,203000.0,220744.44841079766,221479.99878747997,221314.18721215377,220489.50064605632,219426.96545038337,218795.04605049355,222728.09364143678,218518.76125379844,219932.42739212015,218952.33595314663,217323.42272849736,221838.6223182897
1276,137000.0,134387.43411707893,135084.44506017756,132501.6381925025,135258.79628415898,131715.2519365715,130109.32871217586,132905.68045986234,131030.9247410893,134140.87420678526,133376.94097733728,132053.60794205184,130706.09812597439
456,175500.0,158333.4618161398,160464.3603991129,158066.06199992684,160678.42067746288,158300.38655010928,160270.42920813663,160988.47367182982,158070.0877742101,163682.15213040207,159695.9289801997,160185.5205501619,158665.71144895488
1458,266500.0,244824.48290996192,253388.3625294933,246553.7173147525,250137.7970971946,240145.82130459172,244536.04028074566,243290.96795800034,252624.94071863778,264130.766674997,249500.4208017508,252807.57076705297,239686.4922116621
816,224900.0,210635.73019207479,214131.79342666926,211047.74162398468,212108.62729912827,215556.58097448538,208869.3320580469,210665.8828448365,215284.28809436245,215870.27237291523,211201.225100245,211643.23841184637,212461.43260257767
270,148000.0,153799.078065928,153946.117810426,152230.594306011,156285.63976247996,149268.92251550197,156472.08335303745,155545.22148641114,151631.2117647628,155058.12753824503,154214.5382207035,153498.41413327784,155231.87804803366
996,121600.0,111850.53406540929,114550.79784108921,108288.60746218325,110758.74383871829,112965.6692203504,112615.90770178752,108157.25455944953,114040.23013030186,109928.55043643908,110704.76251673278,109713.56560990808,109349.17981562375
202,171500.0,168402.41965361443,167103.55631433602,168975.8120749727,167471.01326817376,167575.87344525976,166311.85532832867,170394.0131393192,164411.39834842493,165030.1461712359,167930.24867907073,166921.66969088395,167359.40337258164
162,412500.0,421819.7079951188,429719.50648281025,412769.2179362157,400952.0134727857,423330.38709433685,417115.81686449604,415207.4321511259,418978.9083087129,409931.6304600164,411938.3339680262,409793.72098333034,416613.64241122006
730,103000.0,99032.82744282806,100120.62722316384,99645.5836584156,99752.7819636445,99926.13529200105,101045.57816814384,97823.78065713473,102534.86532437633,97813.30200820237,98077.45983050216,102124.26126347348,100568.63406183077
402,164990.0,192211.17748194607,186197.01456529964,189274.96118816163,187165.72722830722,194704.38445041585,189723.5047931621,191333.08282772283,189788.85040096627,186843.57703962145,186794.88473366093,190867.81988465402,191699.69032042267
703,361919.0,341046.10795913945,342650.8463386714,348904.18991890445,347091.17298834224,351877.7416011084,343901.3656717489,344839.51027865964,338703.89028185664,341232.74189912976,342899.5270879576,339238.582048391,354946.67765837454
1130,140000.0,131584.8547288691,131767.6604428959,131287.5103241449,133037.66306092797,133330.8428298811,132491.52607552888,130857.22266666478,132524.0374942134,131391.91417057705,129193.8320735319,132433.09351861046,135206.85047814748
566,128000.0,117317.59409067935,126292.99593552336,121566.61093797488,121464.20000375812,120077.62942792934,117751.65012935743,122140.8053394451,119827.43134368397,123801.68652564744,130551.95930978534,118832.73862872501,118894.28241672232
1022,194000.0,202437.81260136273,196072.66150421064,199070.03608904878,196113.74689161172,198825.19305110408,196619.47484470485,194699.043435145,197303.08958913444,194997.02515620916,196261.96765666574,196931.31294514265,197604.96505516034
1026,112500.0,127183.49822492657,126238.39052380898,124739.0048726681,125206.37345020087,126710.9901632797,127650.8981960189,127608.58610911042,126753.42449447635,127272.30057438038,123439.02474492442,127518.63734673338,124863.88081836523
1105,106000.0,116701.90184107577,120059.10405079252,116630.00873358124,117816.98113900471,117636.36548488817,117913.21949542742,117933.49254362164,119290.63399717715,120585.6830102865,119152.46477853607,119292.65486913055,118826.43414923716
206,180500.0,180437.43364731414,181685.12261559843,183987.3049787812,181219.4978226717,183343.45627731568,182895.66311652964,182857.45820750386,183683.85815049105,184833.39116582798,182632.2929058288,182881.3245768775,183005.12604433065
35,277500.0,277068.8432032782,275285.9842429471,272438.03921756055,273082.5241672597,275484.4453002204,276656.34397523635,279275.1749056218,277175.2930155494,266673.07013234927,267232.4044450674,278728.5121711244,279502.34466391586
776,162000.0,162868.11695469246,162610.87630351356,165450.63166523026,167217.51261193282,161653.99982508124,163577.1131134599,165276.45707371584,158621.29418543327,166101.7571023461,162454.54006213893,161680.0366076214,163329.3386042483
509,161000.0,155965.5624402423,156631.00339752543,152094.1583863123,155844.78301306322,155127.0027666925,151928.00433827378,159669.91089464008,151554.7632255008,156309.61365313342,155991.33926806343,153457.78735725774,154087.947476203
1442,149300.0,138704.00098831594,140503.67728834238,138747.49884535137,138938.37541155936,139379.89123127295,138596.95046578822,139018.0799102141,139300.24919129902,140244.60937662283,140407.7723188133,139135.02375338326,138371.11448608068
1391,235000.0,229346.9718483573,224112.61699892432,231321.3314182258,229495.17366210528,231443.188693444,232052.36463981602,225888.05938202635,229195.62870236227,225406.47275122296,220953.62798304623,231245.58947265748,230508.66389309117
92,98600.0,119836.92126840327,122671.77480639513,124508.80814946567,125326.88366571601,121040.75464703437,124777.64844730451,126790.91147254144,125759.22614171171,129713.87734468482,127853.3397219281,121996.40665429905,123564.8292324847
1364,156932.0,159864.92360991545,165999.01479174834,163979.6247021448,165703.319586959,162998.99665294125,164394.97139359167,164883.53189117822,160049.7750882353,162172.3627726146,167657.68712758698,160787.02060721107,166878.00258099393
898,142953.0,148347.59469383696,146153.56160689757,149500.58696900037,148605.67275267348,149887.01089338175,146278.61201403322,149151.87626391344,145364.68973851425,147877.52319073764,147886.99361346854,150705.934105491,144538.72004533562
565,268000.0,260430.72816585255,262085.91784663653,262834.8365312223,262676.45579110493,271918.1062006303,262117.42593720005,265996.16045136325,263892.5745575995,266515.2708674515,259816.95231321547,266185.45593434246,264659.84653349983
1370,232000.0,260390.06613695456,251909.6430019905,259688.2594979894,258731.66327432697,267208.27267848345,255174.13578555582,259712.10942394915,252050.7569211324,254844.78352676006,259433.1470813971,255610.30570854893,255374.30471896045
777,221500.0,222659.09317311796,225913.60674145573,224865.74364067416,224708.8890178119,226105.69472447826,224696.92992627312,223732.3319079279,222697.17295590838,224832.7999321097,225822.23780331697,224888.72349551172,224712.50438692063
242,110500.0,89041.56768461982,92529.64530036799,87142.78753277114,90213.89109308542,88750.4718229794,89271.9392245189,87393.19140765084,89742.66503585227,90174.93294358162,92407.3889541792,89038.60008530098,86491.67914043591
14,279500.0,211649.0632232056,215616.40231017364,213046.12492081252,217378.29235932746,225233.04619511665,219076.58736349363,214489.59118138655,217448.16770092174,215706.2545228828,215259.4358255494,215064.83646558505,215384.697642023
316,188500.0,181395.57562293563,183044.30205580936,182659.086218389,180881.95351464165,179739.89400581198,180333.60390462918,183011.02011220952,182914.7856350528,182757.3977472524,181704.89890804593,183260.17671317505,181520.4234057436
601,275000.0,253348.94750549478,248889.11659092753,252492.4525752677,248271.10625856146,255004.67425511093,253149.00977852376,245422.42243483366,245202.03507120995,250567.49478357763,247609.7012963199,251236.28300901977,254933.03798562908
388,125000.0,133672.09489034046,138228.24571543082,136948.31508064776,144993.0167053097,134369.3234304067,137750.22832203525,142570.72618039284,135003.41876247214,138517.72395371238,141441.79821164848,135797.88539983734,135897.17295686266
1298,140000.0,143860.55708064733,148407.43195297333,145967.81096120115,147217.8051389267,144662.26230775658,144554.8795209402,149103.02607676995,144668.92952755286,150383.2876516159,150222.98291747167,142597.78299652127,146281.769297615
167,190000.0,178308.64175089268,171356.76883749253,181698.40113111917,171923.68876155774,172193.69040366943,175087.12729408854,177882.06397818762,171183.1723331545,171537.09544900674,174689.39275995866,173909.70005826832,171546.1397204921
841,140000.0,133596.78362900869,134452.6718978736,134494.4789676635,133600.78039171585,134644.80869509984,135636.5855773895,133420.56484799852,136734.42429063024,131629.5987370152,137677.42766167904,134674.95842088584,139218.33129563864
21,325300.0,334773.630753963,325188.3357133709,336107.1935264498,324099.1243932417,335558.3796657966,326394.3050667915,330645.9356887732,330898.75762726605,325650.0178371817,325519.4079517023,330765.59270877164,328346.18968695204
647,98300.0,98644.45103310542,101958.29141532941,98519.32458399807,100340.11523238335,99539.39356275905,100697.08490382213,99403.09093027255,102823.60632523628,100959.7649672834,99437.86654208302,99380.11875287897,98684.94366397418
1155,201800.0,218996.13132342882,217938.14072421062,226227.17306352584,214566.79658060384,215646.55497108362,214539.58342959988,216187.2831360147,212767.18430562536,214207.3403777423,216391.31148781293,218021.55435384906,220695.16807684067
832,151000.0,152413.57581742073,151273.77148115207,152801.2549605498,150552.98064442832,153552.29942016222,151214.46345424376,152656.98601467715,152684.1124256265,149809.38958158126,151420.8443312955,152141.3719308367,153301.3529114588
1268,378500.0,374805.08649147185,383937.68353594554,385723.45176290354,389260.9133051706,388984.7486232355,384143.091306615,388570.5956391245,381760.3628192643,385328.0546444685,384767.9598885986,377472.55050736864,385508.00366180134
563,108000.0,113390.68768696979,111886.29595968737,115524.54120427975,111739.40525330593,117262.75744937471,112309.29893710178,109546.13586797123,111265.03229879722,113274.5734897423,114188.1958518067,113051.92144114939,114087.41123936711
1423,136500.0,137292.77261582107,140418.87433874092,136971.78303193796,140472.61521829764,137411.11448033358,137531.9992492558,138356.52729356024,138955.5775103823,138345.6686072606,139555.1016733005,136944.03838578268,137074.10502562288
687,227875.0,221859.26155623473,220921.55781962545,220208.57533031804,216121.61941635548,220281.33491967057,220164.81021242877,218462.75451500932,218965.2505285332,217453.7303718152,218258.39686851864,215208.13195413552,222636.30704349594
958,132000.0,128189.36587990585,128256.38095719978,128253.29924026348,128583.48008860552,126190.80338143242,127260.02736928707,128103.69911484253,127505.42820433421,128776.12716130463,126586.15298329186,127288.61489096297,126523.81494376891
190,286000.0,279182.6747547739,264290.82266372046,281221.56424687605,276944.1487806878,269623.05568469677,274008.30500959314,277660.05447940744,269368.7080052968,263685.537609952,264342.54524933116,272712.97878825944,280642.93276999024
976,165000.0,165021.21831115155,165025.0290931808,162721.64885474747,168031.93006624497,164308.36788655666,163544.91921363698,167804.9335183383,163646.12499797184,167156.54666731998,166607.7801613331,164482.69925540223,161795.85577060923
700,196000.0,186836.07321226088,188151.28976888585,185643.47465531016,187049.8297259535,186082.17417757786,188216.22612319692,185673.11311068904,186016.42369171654,185917.51770046022,187890.73038959524,186381.136598806,186829.3647787241
511,164900.0,160099.53637388555,162465.48761171158,164917.2534154106,166604.17997413487,157352.79024834032,163324.2344488015,158830.4774997433,159028.40279723296,160206.4645409291,156252.49782004216,160148.88346087752,161451.6014839217
1083,192000.0,193736.71991157797,194245.52030022518,194320.69534929574,192813.27535394934,195412.68960385074,192627.16956016,193977.9742004264,197950.98858089236,194523.31679162366,196108.88041306307,195664.32174070363,193385.38817303564
475,251000.0,259743.07468298767,261344.6163905579,255731.03244877481,262550.59675555985,264784.03391626826,262584.7112159759,262001.84372157132,263943.4851927596,254522.90016500244,261699.5970658676,258026.53644720514,258912.28180084398
857,147000.0,141413.13610308044,144093.38428331603,140327.11939654758,145869.2226951714,142312.2984198454,142437.3092351764,145436.62246124152,144331.32700871027,142217.15693981593,144366.09976462365,142971.56308531557,145017.2382310704
748,265979.0,250214.73200057462,249873.19451723367,268093.59063498746,260323.97771378205,246155.5206270897,253384.58821393584,250466.21084415374,245927.56844039448,260778.4497286675,251099.2536818644,255343.46562342244,252460.56801623368
253,173000.0,182334.51983475065,180738.3989231243,181566.92416037162,182950.82804678538,178793.96858488486,182392.1367325328,179578.37577735924,180813.97733909,182176.75630371517,180439.48723377963,182292.6247037261,180934.07312114857
22,139400.0,139711.1364334971,132478.57562092014,138789.5222464384,140845.11655172217,136628.6912206433,136684.51981904113,140328.01743645748,135584.91096136274,135874.06073440754,135179.9789236807,135710.68974921783,139117.7948649771
1338,52500.0,66679.401978797,58776.54417091016,66792.22078308887,63926.90917741741,63940.587053392315,66370.02912525044,63869.443836953986,61563.192652382415,64589.32206018799,60843.02202761719,65715.81255938092,66543.32226426406
460,110000.0,116582.74780505936,114905.00886595568,115012.15974585048,116646.61185874142,116004.18959808322,115563.38727943065,115983.46289949452,114136.64259206298,117247.80633943263,113912.54016553776,118106.35357101528,117365.4331364124
1185,186700.0,195192.05906172318,192104.9287647083,193576.18325427122,188251.50191996328,191525.1812140947,193188.52129719045,185873.4198843328,190972.80117382223,186382.82475267694,182838.94495645558,186161.4149325854,192033.1016715709
277,201000.0,207379.57664559607,207428.41810572616,207952.98778677438,209358.49204702038,207507.0691970921,207411.6081137086,206137.72781178603,205652.71788425487,209230.70225947755,205352.85010323842,207918.38040304216,206994.49357883903
956,145000.0,158842.41768465168,159490.04544091693,152571.0408778259,157753.6406944081,160520.69553228878,158938.20947875193,154999.54142307382,162103.17472729494,157468.9486969425,160379.15452464457,159427.93217366005,157012.95040358108
1216,125000.0,110118.53879316413,112927.52366402198,111453.96878032785,112049.76566079177,110500.67156014568,111479.71578509804,109986.00604487206,110015.46904236588,110341.91955873567,108764.80797976544,110599.65694722961,109294.36571997001
386,192000.0,186339.24983628598,187494.2452886266,188043.2171075448,182271.61222355583,180380.77785103745,187786.3921863814,186744.7058131635,184482.87350402615,186421.94549109187,185415.80683984866,186367.83408225153,183065.24360298345
806,227680.0,205041.5703527884,204280.41715362004,205376.53688890365,204633.8165836181,201615.52326909936,206728.0329670175,204682.66902988433,204384.76663323853,204514.4730490539,206835.30680884246,204362.4012583614,207948.36616164003
1438,394617.0,365185.2104745034,357617.0377072971,373073.38157053315,365914.15745331824,369490.0910781185,370744.6098833376,368099.4209556916,365022.12151774875,361805.0364048759,368235.0518565585,365545.1321837529,369022.7602265145
344,266000.0,262629.25057582883,252699.99660653181,259614.80156066763,256995.83602899392,253780.0048195041,255404.4313572875,251278.4765205448,254587.5900538812,245302.1824675794,252832.97644673724,254030.7058974032,255809.54618783327
770,538000.0,408074.2942758873,415264.0601668977,398036.6410754824,402925.1187987909,407499.3373014097,405922.95691497286,407042.6667824856,409794.72684539336,403012.47576138866,405222.9110470489,396917.4838928571,405474.9613791321
1333,100000.0,110411.78121281634,108557.88812295548,112798.7016095729,104957.54348520016,113365.07874918617,108837.68067077373,105366.6508516515,110279.8595140461,109156.51496089,107728.29223724818,108651.99087823415,110944.96093704061
131,226000.0,206093.4408278253,207109.6082113949,206843.21130133973,211241.97065926893,204072.4021520439,211659.36515267115,214439.97373312135,209572.3042242481,212383.0368504792,207467.24466216948,207333.45396837438,207143.05478490528
872,200500.0,185604.32903948196,184366.2181379472,187250.0345870021,186739.8088089093,184954.3396115108,185152.67258236906,185521.44825134764,186292.04604085945,185737.31580027292,185582.2613287998,185511.11136808142,184092.1350279525
1124,118000.0,89334.86455772561,98345.63165950541,91644.91660427475,95768.66039097718,91635.11408450178,93169.27659667497,95946.58817809568,95572.34077500938,95380.83960838043,95084.21637918506,90636.40781504476,90577.61009084077
1397,160000.0,144334.94918711451,145587.26767569868,144900.91262493303,151146.25604822312,147953.6673843304,148388.46824557232,148367.50593836073,145063.1924849216,141486.49329371005,146592.00574679865,147560.77952683062,151538.23888073044
88,164500.0,165280.5124974886,163956.72487457766,165800.94861248843,162942.04551524526,167943.75148510069,167316.8411629243,165038.79949732398,162650.62438792738,162548.68768599478,163010.98382544276,164492.60126401953,167531.4260166801
331,119000.0,136976.15605430558,136409.1963897417,137324.59270133113,140332.6826090215,139485.9271653994,138679.6412538364,139862.83788763892,135621.42138163623,137380.18765023656,138690.37343240803,139112.84498984343,141549.1574387948
1239,142500.0,137539.70738867804,144692.24043389966,139032.53757439452,143590.09606926638,141749.27266486117,143475.73817463042,141144.13483937766,142245.4038892426,144189.92166988045,147562.46577040886,144301.39277626417,141461.4762145155
467,167000.0,158433.0032605055,163594.9668106616,161275.54359713386,162138.3362862395,153580.40669817082,158245.8287376539,164395.4921553484,154420.10576452053,168945.9945781282,161971.54556225849,157165.0258895289,157825.0833964005
122,100000.0,106547.28530783814,104453.07772993218,103927.84857900291,101899.75369666761,105349.86672803963,102338.39169702765,100042.14470959267,103832.77610875253,99128.22268366777,98456.12666520565,102722.44277522208,102778.8373769836
1045,278000.0,306001.78432298306,298627.79063073493,300321.03510810947,300135.32418277033,282640.8516793453,302855.04369742714,290232.63246935036,294558.4196623776,292610.3418188513,299122.81333715457,298375.9396874354,296908.7676992789
1096,176432.0,174666.91533675275,178370.84858520242,176474.84177512804,179384.14459822592,180834.55541037413,179687.2026303294,176393.99670878818,181960.5943224409,178797.93917095885,179301.33723172036,179873.3905890262,182865.01012507628
1131,135000.0,136147.33838576492,142799.3619613365,135020.69402665444,139187.9984172809,149015.3701578263,139669.37041847725,143720.39568621942,138956.0537532545,142698.9521966816,137265.32926682828,140057.03829140405,141870.86605839062
1295,115000.0,120455.47154117671,126316.34699656026,121267.14267185968,122414.9683229276,120558.83729384314,123276.9387167984,123837.69286199077,119302.47936353009,124826.08899741173,123821.50959872414,121560.6447905454,123386.9592992602
861,189950.0,161452.99130238307,163278.9443288202,160313.91103634992,162697.39896615688,156545.58763325983,157045.07462523255,161890.12611684328,156138.44147298718,165460.82110349904,161294.7531906097,155885.961592396,155378.02190249346
1127,174000.0,197268.91026405242,196629.0016436404,201745.78011274972,199804.5148414632,198653.659469207,201445.94135105496,200889.71259011963,202333.6075104114,200399.12560320678,199639.27807316367,204592.64569465947,201432.8217304457
