Id,SalePrice,repeated_lgb_16,repeated_lgb_23,repeated_lgb_24,repeated_xgb_1,repeated_mlp,catboost,blend
255,145000.0,141624.92192974524,142103.74012705503,141908.16425882923,141653.9375,136924.40815118863,147623.58717531484,142037.19228207556
1067,178000.0,176325.04095552786,174259.4320161648,176028.9285427124,175750.16015625,180002.76777613373,176172.29161659317,176819.23278113437
639,85000.0,92846.40774496694,93800.31024034735,93133.73425418582,94458.4453125,87432.85829430091,93398.4838396396,92177.82714947323
800,175000.0,140050.0626215386,139906.19826355716,143280.45194084325,147308.7734375,157832.21645685943,164528.0126477075,146975.369125292
381,127000.0,147959.35303657094,147884.1973780236,144026.88589659566,143974.01953125,161483.61118244036,146547.0787525776,149623.6694680367
304,149900.0,129169.99501692917,130907.19875017343,130296.66305044429,128273.955078125,131552.31576880303,132855.2420211018,130170.80292022137
87,174000.0,176752.2053957993,180993.68407771614,176624.31788941385,176366.96484375,185271.94180787643,176439.02129549152,177904.35450221825
1386,125500.0,113274.59702235294,114788.4316278086,114025.60019357182,115048.787109375,118085.05524271601,120198.99608481055,115202.46996533852
266,175500.0,176505.60421888565,181082.78451801394,180968.41371314062,178605.08203125,187211.47457655246,183279.66062675172,179242.66982405604
794,225000.0,237410.4268506112,238643.04243939312,232197.81548132375,235954.0078125,230744.88017228793,231836.6521308798,235462.3633950849
1446,129000.0,111878.3170947587,114697.79194432532,115688.81635284571,119039.36328125,122123.54511151522,120741.4636755566,114925.81984995175
809,159950.0,150795.71353484274,150336.06086769828,148676.03418107817,145609.71484375,145389.05695677205,148915.9226579868,149690.6763273343
1100,157000.0,160044.2829469812,166869.8471179781,165812.81002776482,166589.81640625,159376.36688807182,178705.77905767,163306.29624998567
606,205000.0,194707.93485854322,193787.9042334524,188734.88797770045,197083.25,188816.79143343202,188598.67887109512,192773.39656664836
702,140000.0,145337.243816859,144747.0207013302,145941.1036526666,143833.2890625,140834.14138127107,143230.52777793235,144319.5530181308
222,200000.0,213738.10586888704,206024.7398599422,208791.83751732574,205510.37109375,213024.99771935045,208357.5377705692,212669.12023870938
114,217000.0,215445.9331331255,208926.6161226626,201220.79239931353,217556.45703125,228093.1194536538,236648.22722498505,221053.65768336228
549,125000.0,127523.75312037149,124712.45769954896,127527.08117169488,131932.970703125,115828.53816278029,124709.1089720226,125358.55673222747
1074,159500.0,154740.99245587667,153027.49643083094,152001.34068864142,147228.44921875,147790.51741668786,149382.60166177727,152791.2556748617
175,184000.0,171005.34364771907,176916.23122688822,179200.90045313304,176978.375,190138.89352821672,198352.9278655662,178638.5172602063
515,96500.0,96211.47226526489,96794.99687674234,96689.9996490252,93446.12890625,85889.2879984964,96461.84922664565,94792.35715921552
1351,200000.0,175987.51759026438,178977.1268420613,178299.2323247465,172187.0078125,175885.22612582898,175254.39958593654,175841.13775828932
1146,149000.0,131976.36104896016,132310.12930019962,136594.0589315401,132715.322265625,127911.04175347989,131836.12337711663,131374.48979516138
966,178900.0,165373.8028738571,165570.30013533722,166573.61887071092,168338.9375,179834.55342012085,174196.97492207077,169012.0666470116
937,184900.0,182109.0484885396,180080.00440153602,180513.50918198313,181764.4921875,190278.0975396793,186434.36599864296,184045.8090796244
286,164700.0,166665.16450865412,164663.80474630755,166550.79035142533,162723.78125,163718.51460977894,166063.1666366454,166138.91155078087
1311,335000.0,296198.921346638,307242.58193314285,306254.15369421116,302954.75,291952.4668327032,284598.80938610784,293510.00139550515
343,87500.0,80619.10830217788,83930.19210564076,83892.38634793209,79688.359375,89892.41639254792,89430.50109046265,83519.43965685889
1166,233170.0,226655.33098229344,227303.2168584211,227163.5156605142,225949.61328125,221078.4499986737,224464.38761841564,225470.17942357055
32,149350.0,139420.72625638655,140123.6674558514,142321.50194379443,140232.3046875,135843.84005941008,135119.6859503269,138139.7086318239
874,133000.0,128719.06072621347,130700.9739225278,130688.44248492937,130598.51953125,124916.85433155455,133220.51033563918,128989.4385798713
211,98000.0,90476.08197563032,92757.04531996712,91878.28832526307,89052.994140625,82815.0944447653,92466.35449480209,89747.41008168178
925,207500.0,185457.8395492359,189221.31636827692,190804.53737365938,189162.5234375,192106.17522099207,205014.37922960293,189918.62455515508
406,150000.0,162613.03510363074,163703.84288920727,164168.06569155824,154237.06640625,159991.25626677577,151230.05269741596,160193.62391683366
771,134900.0,128672.56659570204,129602.11421996373,131403.62133159488,130741.939453125,135186.6743375449,126511.88045790016,129207.90583260768
382,187750.0,202160.20859951215,200911.78153241356,201079.05075400835,204987.31640625,209321.13808521652,202880.7752935314,203305.56440326248
890,149500.0,157196.1821430272,155049.37969879282,159095.4452036055,150113.31640625,156849.95557955705,159422.09428289274,157547.4595960023
1201,116050.0,105693.32307817355,104483.06723789265,102816.72376550458,100815.421875,107057.17089585587,107042.80287382667,106129.51722517292
189,153337.0,152592.57362223775,156011.89090730413,151451.22221929723,144250.3828125,159430.968653269,155769.54078605358,154134.026792616
894,165000.0,150958.37994643932,150206.80085900248,154261.24820115004,144364.89453125,152563.838920026,159364.90536916084,152698.23811065292
1328,130500.0,130537.8875279075,131845.03515979112,133952.6231388167,131557.97265625,142949.44458060095,137320.18087838718,133518.37816558377
421,206300.0,201549.9031710397,197132.94490301376,194628.30882448575,183598.28125,196287.42308497685,201764.9396078535,200842.12571213688
579,146000.0,160554.84289562507,159948.23990280755,159687.93393726618,160666.6875,147720.26579493872,158760.89097839044,158411.63146434614
84,126500.0,130118.70833241768,128557.8748545102,127884.04450585399,129922.8046875,121242.28487783117,117477.3302534165,126585.75097774371
1275,139000.0,126689.14954149263,128495.40078275412,126487.68135939277,130925.142578125,147650.50024859863,138120.00306417074,131718.5511244046
49,113000.0,98825.21997528075,101187.57414369634,101352.02837431978,99697.90625,91039.41139498261,95074.9048649965,97046.24928199343
156,79000.0,78049.93034668647,77814.37349291734,76548.58691637906,80382.14453125,64330.10250637484,86637.77729719944,77648.586105522
974,182000.0,221849.7542037824,215964.39734922966,217348.3481575963,209390.23046875,206052.10015693997,197679.5294879315,215261.29176941895
1111,188000.0,186129.34449533877,184535.59499131882,182621.12212815526,185288.44921875,180511.1144253914,186802.51020326675,185453.51205111158
951,129000.0,128012.64608455375,130484.10601344865,131840.0006543831,133221.2265625,136339.92955767026,137233.98502100565,130852.52786914601
1031,160000.0,134974.59893480118,134179.02749775362,134708.5083021194,134259.568359375,137306.00079385864,123933.15844721012,133319.20763413457
1436,174000.0,169971.75638853994,165804.16218259936,161289.14240428185,166642.6015625,169397.5128510067,176921.0587815373,171140.3149505618
1197,219210.0,222039.99677656768,223057.96862084794,221065.9579712454,222704.8984375,224481.82621206244,228351.93479449145,223521.72418708392
1443,310000.0,329390.27076305525,333012.4742509873,334093.79690325796,327289.5078125,350739.91599068476,312324.284139271,329348.8544273913
482,374000.0,346986.41874698247,356469.97983387474,352461.84021021705,349265.1796875,362065.3888025233,326775.2039908902,345489.7866438454
180,100000.0,116362.72610628518,115762.95120253027,115133.12984193955,119948.853515625,103810.1182331992,115334.62456556964,114397.26869420506
860,250000.0,238690.1365752911,239421.34615253267,237225.38035893557,239610.62890625,233797.47595288427,233350.2873445154,237035.6259935889
1214,145000.0,123256.24600237973,124769.61185689287,127846.14724406903,125765.990234375,134930.2934804482,122870.6604192455,124842.79558746322
584,325000.0,296784.993378416,308658.63296670106,293101.8718765376,298058.0703125,319573.97886844433,313434.89452036086,303012.4171555099
478,380000.0,364183.32412050513,357048.03625844023,355657.19644244574,358472.4609375,394648.02831750165,399781.1027161791,374907.7785321648
1406,275000.0,293544.31027525495,293046.8209459804,297996.9534330142,296547.7421875,303136.44260293746,287342.98992391024,293789.43957064394
1147,180000.0,173949.3763401034,176195.03256140984,174307.2406940211,176677.65234375,169843.13846652725,181111.44245210785,174655.20966674996
1167,245350.0,255896.77374058575,258281.2701403906,260288.2883126411,255748.8984375,237956.02091567894,255831.02782451443,253340.138650184
347,151500.0,136025.49693617813,136448.50130900633,138130.25573698003,136316.9921875,183434.07434956165,139918.86353433348,143450.49719469028
1215,134500.0,130641.5337831245,129689.12535678806,128328.71435890615,129738.98828125,136445.6691241585,124019.93343590832,130273.75577899342
1138,94000.0,90464.68721067326,92895.35579480245,90817.3793727386,89276.2890625,80261.35055234446,90181.9562464687,88966.53677904606
1366,216000.0,206684.5522533352,206514.8689467374,206813.46385864317,203241.59765625,212672.9946617034,200030.5708704777,206337.09274604957
655,350000.0,404396.0193003377,393217.5636566453,385616.76453371986,382689.9296875,368821.89389169286,374897.9250045398,394044.00459642644
989,195000.0,198938.09527061024,197520.66921310523,195762.29740140453,197413.15625,191047.05430576362,191487.1710291406,196478.54736445734
244,120000.0,139250.4035916209,136935.7262583244,135495.7944990213,136231.51171875,137870.6602519123,138661.59212440602,138948.7806645754
1343,228500.0,249443.23797045977,254562.80310947527,251243.110710314,257288.2890625,250474.10245706153,258734.89339600044,251260.8062690929
1058,248000.0,227163.59402571345,225776.13764872006,224012.65453429797,226445.66796875,226990.93530002248,219655.6940509185,225788.61273210205
1419,124000.0,134202.32727927223,132206.49451379385,135520.1760531526,132106.923828125,135468.9652011447,125195.88020235627,132761.9506978044
1024,191000.0,189531.62789991556,188168.42729408067,190346.74168378097,189742.73828125,185466.50606310085,184178.40322635797,187992.09377073043
811,181000.0,168277.05168255878,168399.76050095304,168069.7379667953,167593.98828125,212615.2045173907,199119.9965408503,180114.10751785222
1385,105000.0,109963.76660764396,110536.58337245448,110144.25847565764,111759.568359375,96735.84718873046,108159.50881579578,107762.90769291666
627,139900.0,128227.31516567887,124915.82614059109,128083.90871525343,119849.62890625,129343.16577846873,134081.23343001993,129438.57216684823
814,157900.0,152016.0652811857,154349.30234878737,151632.8764118517,148385.44921875,157450.34138510068,150963.36235709506,152597.53513573582
840,130500.0,124205.68738655662,123697.43596128105,122711.39722064,122774.92578125,123563.96469741921,121960.30892110502,123710.7725888365
371,172400.0,176004.04544444135,177557.80973114868,178122.81118454156,176647.6328125,181410.42954504272,178853.00606307975,177283.37431077147
55,130000.0,114137.63498025475,115263.22106757347,117361.0022175602,113519.9765625,127005.66885506448,122188.71584011723,117411.09897946642
535,178000.0,190218.62072198634,196356.54944681804,193523.40899709158,194331.6015625,182684.91577766964,200911.67438829743,191073.4240977324
786,161500.0,161659.22052012442,162420.4428800361,165672.28971216833,158538.015625,161769.0757052173,148488.06775552034,159305.6295965946
313,119900.0,137223.5003492022,132095.84316605338,134197.1143176469,136406.70703125,134101.74382503744,134410.47175224713,136274.69815632273
1175,239000.0,219308.71024405738,226166.58205362898,223518.9000669232,213270.40234375,223447.68412623997,221212.7877074648,220238.3013671222
110,190000.0,190810.99878519337,187928.05284493,187887.7118971755,183133.5625,200368.2368248556,201079.60901124997,194013.72257093084
431,85400.0,97794.34190072899,97764.262791391,96438.47661406265,93809.73046875,92567.64469771826,97140.35530994552,96935.32374555076
101,205000.0,212627.4005517294,209966.98777160086,215566.62754667457,213970.7265625,208631.5090088314,228061.61395435617,214836.84615677857
514,134000.0,145273.9950477521,144612.46019829676,145628.07127505515,145156.3125,141173.19203203465,137747.51698274133,143338.4837415137
1191,168000.0,177728.91904263667,180278.0338990428,174462.3560086243,174835.3828125,177245.00476987433,174973.92284153128,177164.72064118905
267,185000.0,195746.64861354788,196547.7796243457,195157.28330461378,195454.4453125,183183.79312892823,188781.24620279003,192711.76011288268
1291,180500.0,170932.99469201287,167126.29125050374,166472.16435629257,170798.83203125,160326.9384324266,159336.60879656384,167342.66623335186
297,152000.0,138875.67012949142,136705.18516280554,133838.1058619085,139646.8203125,133496.33920819018,135086.1690980764,137430.99804449134
507,215000.0,216931.86365429242,217296.5678012337,217321.9071563084,221362.18359375,223803.1812348109,226535.17197509485,219633.93081981404
902,153000.0,148716.12948944248,147407.95674718914,148650.36520224542,147471.6640625,142640.53096140033,141210.50319952032,146504.25372717963
810,106000.0,114834.32301920507,116155.43261410118,116284.41258462387,119533.0390625,118967.21486835298,117289.94301703922,115862.26066151311
378,340000.0,303639.9123216353,301986.72488395154,295554.3768611189,297062.5703125,285615.20348384645,306175.78754383075,301539.3374982441
287,159000.0,184108.42660998658,182900.07295647985,182470.0457576508,184604.4296875,190065.3156848544,183811.7356707994,184900.0149445457
1401,120000.0,116099.33341191715,117611.11594986441,118124.27347323255,121230.3359375,121332.29494575484,126881.06151855734,118780.97705400188
1049,115000.0,134601.96515716877,127651.5452166189,132870.15367631003,139425.84765625,138048.46545719082,149705.1248226308,137807.5294366446
127,128000.0,135733.65092722644,137526.5761062275,133152.29323943495,137515.83203125,138874.970296347,136466.59670585205,136311.07118401123
619,314813.0,312004.6034647556,307327.1533127137,312193.11162869434,317371.28125,334097.2359738217,292753.3605176784,311675.50126705726
293,131000.0,141137.81104772392,140150.66583489854,141160.65995935773,137191.0,142087.57476560635,147190.83723920165,142361.32414997855
528,446261.0,448413.7046934655,438722.11567067413,420611.15783177153,472165.4609375,399687.83147051255,429121.3576629,438031.9464748724
1256,127500.0,131109.21756689314,129392.44182620183,130329.46037384152,130037.853515625,131642.68524455308,126552.97897015738,130365.32972185196
483,155000.0,170398.70731373897,175535.7262337264,173368.30250866307,176688.890625,207793.51323950326,174482.03792303652,176437.4724910857
356,177500.0,177319.26382137026,176772.28366700144,171678.55480548274,175283.03515625,179293.10401169397,176263.25158832883,177409.29231972984
171,128500.0,118508.07994006595,117294.71293646265,118755.51697829807,121757.521484375,116906.58771934573,121222.34280756708,118769.14657431091
1196,176000.0,165019.6226755093,164127.31204974794,166645.42840106634,165222.01953125,166362.34724711493,161207.3007566952,164524.3367094493
662,402000.0,384962.857830619,393900.9746950603,396882.58062100346,407545.1171875,373474.4204865716,373608.6916531501,381290.93738147814
1235,130000.0,130649.13975677197,121887.60301262558,124215.53829033028,122786.78125,119085.55245337206,123465.9799264067,127716.82329437316
210,145000.0,154755.24425722036,151651.4761549874,153007.61505259312,148512.72265625,150766.58832199665,145399.4097738994,152506.5832850609
486,147000.0,139407.6236439047,139537.2042131575,140276.10588091097,138818.58984375,142172.57625525937,146189.83712015775,141019.7757488252
141,115000.0,98913.99868195197,100238.72696529047,101857.68833989231,99575.2734375,87449.75894154515,103073.60605276906,98036.06498743579
1190,189000.0,198890.31692541705,198005.55570935895,200477.35099052716,197113.3671875,190086.714972717,197343.50661072173,197363.33464072022
944,143000.0,133450.77631539406,131127.10658001513,130835.12866746004,137704.94921875,128651.68595187552,146475.6908069458,135112.9171721989
622,240000.0,255899.7502867726,254704.78391663107,255449.53105087797,256408.84765625,251092.70353206925,252106.8481180588,254535.64215909704
1158,230000.0,205624.80667093428,206590.04846455503,206982.3943678551,207540.12890625,196752.96015000765,201958.1854599712,203706.8412684773
1323,190000.0,213087.4055298037,214913.18989952857,216357.80620832476,218162.87890625,226322.97129736294,220739.9777618289,216341.32003975037
705,213000.0,220060.02560272638,218546.18586653817,216254.04852513858,211894.3125,217676.98487098538,205236.74205266332,217055.65089399065
1324,82500.0,64049.9138292568,63713.51835396017,62914.54804574302,71268.697265625,78721.99957284809,85106.6697854871,69918.68175779551
200,274900.0,301487.22526520025,303662.2008908252,298890.5226762291,303025.515625,297795.0399707361,306661.7528982203,301894.27961490676
494,155000.0,144714.10256680165,143328.54750019888,142967.95111443463,147354.90625,142209.58787215315,134807.03323968116,142576.80596859756
665,423000.0,342766.864074542,365416.7151536142,361728.5309350163,378246.7578125,394710.47213892115,393174.3831993517,359201.91292269813
1340,128500.0,124954.89218223965,127463.91079321894,126548.13923859887,124935.615234375,131045.57126985858,132770.58885841898,127224.68124794171
1059,335000.0,347541.3450983836,343797.9879282109,346014.99526187027,348245.3828125,351525.3893975875,346216.354439729,347868.12857889594
1188,262000.0,287054.7960898597,284554.8808425052,279765.9853678456,291159.28125,255605.43927963782,275571.9936376989,280528.37722501444
11,129500.0,123107.34376911283,122975.19808106912,123964.11150225298,127379.78125,129452.15916021395,121808.80633672072,123773.74950518698
148,222500.0,214064.06343761372,213518.8052849818,213672.05653814872,214488.7578125,219925.03713366398,214061.2205465877,214894.9028306516
765,270000.0,256217.47631954736,259479.1268588289,256878.20600923,255461.25390625,247087.81369655154,239509.9899093859,251917.20319740707
283,207500.0,219464.1378499533,221286.7302914383,223186.25305871802,214790.26171875,203440.68893213308,214729.72514362377,216339.6822621748
299,175000.0,178543.52587997608,177037.32930610806,174694.53789823316,174028.84765625,182484.2334691334,165533.24897321544,176762.26052905212
919,238000.0,260057.96158492105,260872.08211444088,259016.19651881873,275729.671875,254842.9504620754,258551.79872293843,259047.31504454042
292,135900.0,128475.6160851682,129646.09918123383,131484.0892222093,126121.0234375,131919.3357565345,131049.8730108442,129427.13791629273
820,224000.0,215234.11591083556,217751.01085887617,216895.4162181065,217705.28515625,215593.33598648338,231871.2512625455,218277.68973100916
574,170000.0,167432.33196625902,166831.40104116205,166624.0759030427,167554.1484375,170695.0074095878,167864.1049810541,167972.79226407091
1455,185000.0,191605.49439205133,188272.73543090269,189634.4602403816,186073.48046875,200633.15108033217,185804.0997330308,191842.4925549391
550,263000.0,226437.34892006067,223382.12083998593,225288.05807420626,222955.375,244893.22277875105,225368.0129732549,228862.87753123423
463,62383.0,121491.28263838284,120755.23841887256,121766.19847381835,122491.08984375,122217.57354623728,117544.62094089737,120884.3940471117
130,150000.0,140671.03482565668,142172.95939109626,141689.73428824107,142086.10546875,138188.4076154179,147903.13899211283,141619.76762928977
846,171000.0,174972.5649678168,175423.96701006658,174607.06763657177,182617.5078125,171272.09136738104,188482.4507703089,176877.77396233223
332,139000.0,135734.10066565574,137766.5762676728,137096.3510013081,137797.78515625,134495.6266687022,134439.902329283,135325.63399239918
324,126175.0,131139.96208502288,130930.3744481852,130881.48208914939,132123.7734375,130131.68309078352,123659.39725047158,129651.3690331996
651,205950.0,208935.99753760337,209842.9435873815,210211.5622729882,200905.9765625,198642.81907474325,198359.4006010788,205573.48476774283
440,110000.0,117767.93872254649,118058.26473350136,117135.33502979926,118879.265625,128642.85796972591,139040.6220034344,123136.93708429407
799,485000.0,444583.5612836625,443740.7614789306,442852.9187278716,440729.421875,416980.8191361757,399581.20837413473,432573.40579220926
136,174000.0,179488.9543618017,178871.903760591,178363.835065643,182349.9140625,182664.09729283286,171428.29566782905,178489.41454643128
1453,145000.0,137760.33368358316,134157.8483374192,138823.00565488904,130026.59765625,132996.21877515607,129751.97361351132,135644.05582105933
763,215200.0,212763.98713732394,212304.7964965409,213782.62919627724,210773.64453125,206725.26467379995,200220.26809576785,209651.11044829595
933,320000.0,297079.03374607547,299288.4366592242,294328.7092973112,309886.1171875,310929.6990454015,309922.81069908175,301353.96992441226
436,212000.0,213686.01242168408,207770.2513878785,209649.209982142,210004.8984375,224793.81478642876,214908.27448314824,215481.45596723718
630,168500.0,157853.01810873867,158616.41026440955,157580.95048622758,159891.09765625,157420.20051278442,156469.80243453247,157542.81782141782
1211,189000.0,196996.38015378104,193559.06126404426,197578.55023693855,198459.89453125,199258.6054118981,197960.44822727557,197490.67850206658
1119,140000.0,136937.90849911602,140584.05386791733,138231.62202209825,132813.52734375,130733.98274841032,136483.22596037155,135976.12520439984
1085,187500.0,189020.23865322716,187912.70236768204,190777.17559670872,188084.62109375,175493.69682094967,179844.52800645522,185451.07465781685
159,254900.0,219978.55197746633,223991.3600172692,222742.41641338734,218445.5546875,244808.1811678057,218903.45177439175,223307.13009232527
968,135000.0,139201.42542977768,135637.46583320462,138298.46170230256,137099.453125,141309.30606870496,133756.2298272763,138520.9584776
1260,151000.0,152695.29659474624,151676.11589965652,153497.24139429687,154207.203125,158508.67496745515,149642.45911069692,152970.7642081663
552,112500.0,118779.35800342432,120043.60111072384,118199.72676912579,118941.703125,117074.37646139768,112908.15936286715,117481.42730668942
498,184000.0,204284.87773637596,196574.34824107404,196569.5782554816,187434.3828125,164913.83975394774,159691.9271755152,190679.08804927848
1032,197000.0,227621.7339754583,219357.32126629123,212044.1999391611,222164.64453125,217570.3372587172,212105.34808963272,223404.96764618703
1263,161500.0,137002.28013009139,139906.32317943918,138249.86427652644,137500.4375,155734.7790430855,151403.00322881815,142249.73792157805
1014,85000.0,96292.4901809946,94811.71231494908,94279.55370796987,97430.728515625,85549.81809069315,90374.38853536468,93704.17008683337
1312,203000.0,196190.3858716008,199956.13744718494,201406.05973741773,195715.87109375,202665.9243995456,198528.34326340083,197529.45193983405
567,325000.0,311627.7224159098,319021.1768639261,315658.17940403125,320073.203125,323681.73120639013,308376.7260913476,312752.7492533728
611,313000.0,320331.7295558221,330183.10960932623,335310.36100572476,322098.34375,318403.91816448374,327704.3055444147,321384.42779852945
1279,237000.0,261980.4799259305,262663.87982103106,259074.4700319541,264303.796875,227195.25860147137,259764.259579538,256647.719892481
1264,180500.0,159711.32428830373,162623.67550165424,160068.9569171191,160228.5,176610.87336229498,158561.34450821648,161901.58987448743
817,137000.0,133434.53332631674,134800.03173166787,133533.31083723938,137404.984375,134340.5641129125,135800.67673988407,133988.66165614646
439,90350.0,92722.35333230931,96674.18497857635,91906.28445717963,91449.109375,107602.44330751215,105031.72819412056,97047.18234705215
941,150900.0,180412.2577684884,177827.92919029237,179039.4685234352,181099.6484375,161674.85856092532,175681.64956243295,176903.52580147097
97,214000.0,220637.3677159249,216359.4359344436,219171.5985515616,220167.83984375,203373.40663870636,216286.02575094183,217405.85668627982
561,121500.0,169057.12175540015,167101.57947052605,168033.87324690307,170787.3046875,162087.3701614457,169417.58162640702,168133.33426910537
1183,745000.0,417066.16856602137,406201.29754085577,398170.3650084755,400905.515625,398146.02914386557,413185.9716801375,413684.4843106691
472,190000.0,189251.48290672756,186591.82697160012,185294.6774718503,187545.47265625,194649.3172663019,194677.27837059676,190993.10959737469
1005,181000.0,187179.3388049477,187154.95901966444,185622.6983541351,187639.28125,190139.99436625,194019.9435337723,188829.75360726583
411,60000.0,102970.93232273159,106121.31779733194,100814.43546082781,104504.1953125,97207.79408189663,116115.84440509218,104517.91233086502
964,239000.0,278402.05497574934,269028.6546569736,261677.18904340052,286011.6796875,276296.35581858,256896.0450880236,274234.958213908
583,118500.0,119872.76486067977,120610.31492073301,122147.86804761607,122267.431640625,108642.01750623196,122611.0644758215,118772.2918772916
157,109500.0,111181.99656968589,110733.248581581,110199.14443246418,113125.80859375,110379.20759192955,108066.21474254648,110507.67068425746
595,110000.0,119399.108408972,120243.0512035036,117582.75972258754,118753.5546875,119132.9740299077,118237.62781203592,119152.43613266922
618,105500.0,114121.0049189586,113612.28007496017,113955.5129671446,115384.787109375,109912.09334980752,115749.49599889854,113816.91752468719
448,199900.0,201590.6408450012,202192.44868001112,201530.1567014556,203245.1328125,199839.95957064343,203979.19794535416,201771.9591061274
1206,271900.0,263593.3617026205,266949.76314805204,270388.29648533085,277423.875,248291.5131614813,283720.96796265244,265043.34041499626
862,131500.0,128807.81886813088,125930.87891849116,129929.26954423025,130134.50390625,136441.16133244944,123581.776722137,128950.5323729222
1011,135000.0,132716.50071165495,133755.1279727302,133477.23979254736,134336.1640625,132279.5753456967,127366.3288872274,131692.15783105715
391,119000.0,116472.12166538618,116924.4851251665,116410.41828321006,120075.01171875,127587.52660285037,117799.69320804672,118287.58623994124
1410,215000.0,214923.66405309373,221049.33804322346,223883.58554377017,220429.71875,206778.8764494806,211480.03053961945,213148.93855963164
848,133500.0,130435.27491493529,128601.5782593588,129447.05417925378,132005.125,134252.0003497862,144336.80800707513,133477.2101413248
1285,169000.0,182793.3866999748,178001.46889996753,178639.50744857258,177406.16015625,175188.3347359061,179180.8811580028,181064.84408235096
616,137500.0,140335.61077867195,137552.5180000439,141360.5735800352,138284.48046875,146965.04581213475,143964.28407646008,141928.67504528188
614,147000.0,111889.22486859733,110409.24923222698,111953.30107734459,114872.17578125,103951.1533318308,119165.49628992776,112072.0739164925
1304,232000.0,213709.51032698687,215681.11370268225,218354.13032226323,214649.7890625,224653.95749757934,218346.6157027028,216096.0308448922
487,156000.0,150808.2819269519,148536.12224849372,150102.83061693786,150960.26171875,149954.78626159768,145511.51156034283,149734.45620182055
562,170000.0,159740.8551793032,157184.58984768554,159099.31823375568,161357.78515625,161629.0319708378,159196.04281145392,159910.6852900859
309,82500.0,106640.64359048707,106609.15497098985,107089.00493890862,104659.986328125,102186.7767899317,109129.37447767978,106456.54691702305
462,155000.0,142668.11964142008,140001.72621415404,143445.25113038413,143127.3359375,154273.55343856508,152796.087431617,146136.0718963266
1143,424870.0,399308.10449466296,402060.36327197554,395381.48743307823,430241.65625,409587.5043578817,422140.402353826,404873.1684355809
731,236500.0,274810.0554236177,275226.77927768335,273149.7522389905,264021.91796875,256133.780922684,260208.66076650968,269534.4768097951
1156,218000.0,187610.3251060708,190527.5773293773,189827.25053605458,195194.37890625,206124.3962306838,222722.9283308892,196552.3686681133
1204,213000.0,210074.78822196694,207117.30753265187,208055.99919112556,209475.33203125,212049.8371223771,205986.7305453832,209619.59617666606
701,312500.0,304064.68846520735,305845.99623712775,304341.4863620388,298182.46875,314443.0539405958,323878.8885577836,309100.90705739346
850,187000.0,171017.7021938602,172489.1735903427,173450.42955506797,178191.01171875,172730.26889935788,170767.13864013235,171215.5511426519
1261,181000.0,191496.31706732308,188970.04208865587,189985.85418268363,193728.14453125,191049.7669545372,191746.98316305585,191478.06489147677
788,233000.0,220713.32849494985,217600.1723622597,217853.85866912056,217373.08203125,222316.10947000352,223303.8611367253,221406.64968887507
353,95000.0,90944.10997954884,91603.35197833244,89750.92415681954,94871.48828125,93505.12846365393,94207.1094655026,91894.31312659314
711,52000.0,73296.85385418954,76348.05469210134,78112.97108875233,78024.69140625,78531.35632219816,88608.21757731037,76793.48848847779
125,181000.0,171352.56854031183,165988.72464522268,169588.84675649242,166867.1328125,164172.00919928323,169889.3024838078,170070.83459817688
179,501837.0,443393.59733539005,418272.681805853,443999.5908143222,419211.75,433923.54037452256,442785.5855681589,441940.94889401516
288,88000.0,99355.86965867432,98886.65316624846,99384.42684028827,90210.494140625,98650.79246617563,93764.75471186184,98250.15087075662
1408,112000.0,117469.54130537619,117795.2242622956,116302.47431683369,118124.55078125,109044.00889493234,109993.49007949371,114929.658634096
1209,140000.0,140511.10357419643,142089.94406819204,142005.799311091,143329.98828125,134944.0219972413,135757.41419112848,138866.36569086456
295,167000.0,157148.2735464379,158048.10580706966,156672.00024880856,166815.44921875,168897.66541547043,181868.7134804972,163261.4800521917
328,145250.0,141852.78221518185,142104.91082770214,142207.26430040487,142302.62109375,148746.12224314644,139254.5738710803,142363.2140033099
1457,210000.0,191807.99760840836,199530.74832380877,199822.35208438727,200339.5390625,205092.68885585468,215237.28096819943,197906.7309131998
842,157500.0,138791.39399331054,142138.0678867069,137313.09722050338,141902.90625,148579.08444866326,136725.63100885885,139808.14948950015
1122,212900.0,214708.47691860943,214663.87918360927,217109.1942031111,214165.65625,225609.5755726406,211655.9193013235,215705.663378504
932,117500.0,123929.13015486141,124920.02833451863,124356.80301263288,125007.14453125,118856.78052159063,118105.77580415862,122162.16062337851
237,185500.0,170322.19168273863,169939.57788664373,168361.7837148985,183498.19921875,190082.1538078814,190995.43028510665,176843.66471790127
89,85000.0,67094.47449370437,63571.43284816382,62887.54185793838,70752.54296875,58665.29435285504,79869.94253072969,68196.83526669294
887,145000.0,162600.4660800571,162679.64841238598,162067.10013248693,168638.18359375,147641.10399981955,156469.46223965377,159375.73293286428
553,255500.0,272576.3396369682,271166.2055476738,266330.57909358694,269290.8125,272846.2802950206,276463.24078082707,273313.78937048913
631,124000.0,115397.37107827232,113472.30846852361,114872.46821189916,113026.140625,106174.787650257,116941.8072664066,114366.99913744879
1353,134900.0,121465.06069695111,125225.8333670425,125801.24275536147,125226.083984375,136655.9992694059,118099.2676194874,123014.39667341576
666,230500.0,246695.681133244,249867.1560220211,247607.62522545975,251319.87109375,231983.87944845879,250070.12532478257,245215.86453319917
901,110000.0,114153.57428726819,112559.6729210809,112733.32825190897,108056.16015625,112794.59863743352,115814.16637025466,114259.51071162439
291,233230.0,249842.1204604588,245712.74957914563,247587.71004176754,243451.5234375,249004.81571223823,264623.82822725346,252382.22626169882
1383,157000.0,150649.50597005303,153217.2367480563,149711.7665144013,160304.9921875,151193.626378168,155367.2691373534,151575.2988535108
571,142600.0,129925.66306180417,129804.0206990221,132045.3557613883,132884.76171875,133762.45646869525,134443.85965257924,131282.60845516692
349,154000.0,185933.20295471957,184109.5738995026,184851.39495671948,184874.25390625,194530.9429755995,185099.4678423885,187002.7818983365
545,179665.0,194598.022487544,201446.29917901743,195301.41025588018,203209.4453125,206246.6438988846,213455.25600976183,199642.2854865378
1377,91000.0,85490.79133262213,85477.03326996257,85396.4502808988,83346.154296875,83742.90818001248,99346.7173904393,87735.21014730619
661,197900.0,198719.35129475934,200385.20597226222,200683.02276600743,196510.05859375,210335.6756917506,197246.68297714327,200102.17312245377
1112,205000.0,184540.79932064994,188717.7985978569,190995.91112478133,187364.18359375,179661.81259292734,193757.8256748876,185506.65984551288
459,161000.0,156114.13147099796,155287.4403107693,153310.73663426988,170356.53125,142370.4934245055,176157.25094252368,157769.93766306402
1006,149900.0,135286.2593816736,132780.62019488204,134862.7390267697,135080.5390625,148320.58870531706,134442.93725397452,136983.42257832937
334,207000.0,194632.961486958,195550.2373660798,191629.4847484625,194839.33203125,201727.0450186719,197916.0220446607,196229.76648189028
722,143000.0,139343.20759855554,139168.73689325017,139869.2467696747,140048.703125,143796.67976957298,143803.3697916792,140777.18689959712
1290,281000.0,270965.26909137337,272572.7792745213,269751.0823169765,267620.8046875,305947.0226594792,272671.1637980079,276234.11097372125
679,372500.0,371781.2212668948,370899.2154403577,372189.96945117845,349027.3828125,344488.3941819663,375817.9707807435,368635.9798722724
1355,235000.0,230130.68334377365,232653.1890119075,230663.6992388317,234551.44140625,240778.43999672343,234698.08728264223,232462.5821365153
329,214500.0,175134.78576799465,174317.8393670377,172909.51527426732,173352.5703125,168550.46286013763,166341.88007416727,172619.19933421363
319,260000.0,305623.8693343798,305728.7760539878,310179.38271994516,306127.3515625,324891.3726097901,305814.6642297895,308391.1908581864
1439,149700.0,152003.80616139233,153892.8092152527,154332.59379686476,151009.88671875,149026.75461341307,141977.6377808911,149778.05944392885
909,131000.0,129580.72523743662,130469.77034204327,128299.22844939232,134106.9453125,128270.49914582081,129420.04762085246,129365.97397013566
13,144000.0,138835.5829788973,139190.40920539433,139430.98373460965,135689.86328125,133437.05495800055,128448.37965610312,136201.42004403137
172,215000.0,189693.4504898876,189819.63638127485,189952.6833261322,185436.58203125,194118.69152517826,175425.29918109308,187754.6525362713
261,176000.0,160897.77189520304,165651.51038929078,166721.06835495855,155396.05859375,175379.74194700882,167850.89647020283,164202.66902454384
779,144000.0,143995.18882338452,143036.75611837694,140275.93785339978,140250.32421875,134901.9772677441,134876.8595230957,141065.19280028046
819,155000.0,151028.82092681038,148788.0581522956,150304.2792969102,146045.6015625,155974.44765443075,144007.3096475694,150467.33327899204
760,290000.0,321324.62695279496,318757.3798827813,317812.10009070666,319428.3359375,289189.2306700988,326338.3337141889,317668.22164131334
139,230000.0,233190.78660312382,237047.1646283956,240933.1707578365,239328.453125,248306.74374160363,249802.45953927824,238322.95210012177
1210,290000.0,299771.4344166368,299891.5731170969,299830.6645260739,293387.4296875,319165.7509254132,296731.5264606084,301975.61810472194
886,328900.0,271774.9232213106,267201.532298008,267926.0422325806,272568.05859375,265430.6400469476,271582.29681296344,270840.36849527596
742,142000.0,133171.73437708267,132408.23991674324,135693.739128848,132722.166015625,138143.27307008137,142492.4924800822,135553.50311627056
140,231500.0,207185.62322152004,204122.20127066737,203758.35751348958,204178.12890625,199243.02846171285,200873.5158263232,204923.60839808246
1277,162000.0,164029.41541173423,164416.35519564123,167508.80919627653,162976.2109375,165414.91341072103,160056.89874204292,163511.38146962845
1082,133000.0,125863.6180239043,124589.17135135557,124765.91805878251,128809.837890625,132417.36855826463,127898.36811927792,127159.2383924567
225,386250.0,382273.6569093048,368163.0313848424,352349.27796591824,380622.65625,423138.60715808475,392896.55141836544,389980.95540564455
1064,110500.0,123612.25865184503,119559.22874145416,118463.40883315279,124488.2421875,117252.53089309992,134798.96700667962,124722.38160721993
410,339750.0,316431.47944377654,328180.16661309433,326072.211868483,325019.34375,317127.4633817219,305755.9562687675,314609.93174073135
326,87000.0,84831.59332018932,83841.26198691723,82957.23949779318,87380.5546875,99371.34261503037,88788.21994993858,87605.68830156134
300,158500.0,146507.0866209815,153906.43481873616,157675.26796401027,150119.08984375,145613.9055558573,157638.00314393328,148382.57716755025
1243,170000.0,163408.32657444142,162032.97289880656,155097.04360458173,172128.79296875,174556.50488899808,183485.29465924075,168601.00503007724
706,55000.0,70724.67595873207,72073.46881123487,69637.0300209402,67933.333984375,81528.37107899183,75014.07665517565,73028.68777684253
1236,138887.0,136969.94570614083,144450.71221781187,144035.27801672713,144379.98046875,138545.8170230821,144337.24079961184,138518.67448267282
1356,170000.0,195476.47432489798,197343.98410621044,197385.41746019258,202790.171875,194145.7997443653,195754.3258829271,195337.70338140917
904,240000.0,252186.21297005622,247793.036620427,244838.76803528258,242238.4140625,247425.47106303397,259936.76699135665,252905.06287620706
830,147400.0,153794.8028090757,153481.65889880652,152671.49253982693,155518.3984375,152807.07355864262,156614.1557000464,154161.8319166728
504,289000.0,280903.0216205913,284501.08101304807,290245.1646463574,286553.5234375,262004.51789251095,243819.62908277608,271551.9505937029
1337,135000.0,143540.97171778735,144717.45953053178,143471.03427481127,139846.515625,133098.92356189614,143235.10704447594,142004.80001779148
4,140000.0,170243.85456373738,172191.49483360935,169042.50517101501,164450.796875,168521.84084853542,175851.07863750245,171008.19989396606
1314,333168.0,326298.74313295464,327528.3098633863,325692.81711990957,335995.4375,308244.34944760986,357649.85267276486,329377.12472270895
468,146500.0,153390.3894499741,156273.4609219381,154307.57577048248,151843.546875,161439.81315203145,158691.24190610347,155485.65701955787
322,354000.0,333768.5186879733,332036.0179648065,332435.54225561966,341358.6796875,331074.913341545,333355.7395447395,333312.19477029203
6,143000.0,159098.31127781508,161819.5252347394,165104.97124600084,162567.57421875,165419.796716715,158055.25222640703,159807.36218437256
1240,265900.0,228294.19020149403,233261.84079372097,227235.40313538874,225335.4765625,225726.8434739995,232222.89759119405,228636.70438481536
1094,146000.0,154794.99120182166,155577.88583870788,154904.5233552966,151223.75390625,159550.70627826845,154000.34987450927,155326.62952747993
716,165000.0,149876.2633513925,148976.73601864532,151823.94973446673,149068.51953125,152309.40787451158,148094.80580750183,149900.95179722953
40,82000.0,80808.80038703563,82802.2285828196,84707.07793596238,81365.103515625,79244.94537934178,73469.22446475884,79266.7620775217
543,213250.0,214513.23205487768,215732.6150106201,212854.3136933862,216540.08984375,212574.3013008267,229642.56988106517,216959.6078175208
243,79000.0,90787.66644120774,89755.9386020125,89228.51666388108,87813.259765625,97311.90107358659,85689.67127411721,90796.09093579874
137,143000.0,145984.26833135216,143836.89044600807,143310.3847574925,145899.52734375,144022.99367575275,143893.138700729,145329.9271243719
715,130500.0,179587.9856172295,182399.21200504818,180503.25219287365,178339.89453125,181326.18499695024,172101.87464916264,178487.9696181069
738,239900.0,226837.19453000845,230188.94716683708,228013.4783192478,230536.19921875,234380.15151522914,239128.6867779425,230118.0700787403
1302,177500.0,156870.2619533908,160887.85367514964,164096.9964822084,158276.0,171317.58805089738,157932.02639631677,159110.53112392346
1044,262280.0,242750.38269837387,245895.79809555656,249724.93961891794,248753.85546875,259868.08942599004,253071.7162887236,247035.00605065486
1331,227000.0,245491.06982049203,241153.08531540807,241828.12707294215,244346.9765625,255486.29133612936,246469.59974587435,247084.8576111773
1104,159500.0,144676.80359975793,147871.16590382508,149927.58841676242,152993.25390625,148757.4291982912,147392.45514189987,145744.10094311277
753,217000.0,206667.88667675786,204711.58183647535,204242.49851911442,208008.078125,210674.09959785524,205746.8747000591,207070.480710058
1354,410000.0,412926.1840111641,406758.9145778045,400600.4561386893,382825.2890625,406149.89309291134,406535.2017135325,410815.41604812496
377,148000.0,133609.271120983,135744.29621350314,135327.2658042357,135019.421875,138514.10311675898,136488.09662699472,134822.82922236738
315,178000.0,152674.09059649555,152503.92512468243,152357.8858876276,163994.50390625,155038.22804483265,168067.8766718879,155778.40363813724
443,162900.0,151707.46464331175,148899.26449298914,150952.03064687448,148459.6015625,154278.29341896845,147841.19526497752,151376.67546702342
320,187500.0,191193.37041449588,196140.58195203653,192241.3461750346,197755.8359375,190386.29853483278,197404.9587703214,192196.20640435783
768,160000.0,177065.85467316507,175372.2156519025,175702.245713609,178127.34375,174592.81562536623,173076.15049373498,175997.41430105048
757,212000.0,226046.31988626765,228881.22634593621,226751.93864898436,230600.828125,218520.3803729424,217063.09917815984,223362.93660282655
425,139000.0,140955.67184359505,141824.20807674335,141029.35224878733,143600.78515625,141491.62100851865,139822.60490997683,140827.8821712669
554,108000.0,109454.77892648427,113152.48580348672,110968.62912718269,115396.685546875,103050.93345237967,116225.59174091784,109764.33068118984
1036,84000.0,77106.87209006933,78212.6679408177,80163.71708531008,75852.125,88644.58508899923,89425.31593504157,80959.2323944598
954,172000.0,156619.34059249435,154389.9453608949,153868.1247573668,160231.625,166491.78315439832,163563.86982515754,159268.85245520706
1186,104900.0,128036.263985695,124426.08376185034,127251.60138825735,126119.38671875,128913.12446593092,121450.66204533572,126976.05112988106
597,114504.0,115435.18049583737,113145.449071931,110710.52902402899,111320.830078125,119742.26436587228,109710.99993847508,115016.47720308349
228,106000.0,97170.63058612755,96721.95253458167,96723.06897760516,96377.263671875,97265.44704010787,96505.2871243171,97064.40056753295
1107,179900.0,192375.7828222678,196657.84002718545,192453.68740041807,190044.07421875,198933.6315711481,191728.57366795867,193189.56458901177
772,102000.0,112659.50557059045,115218.78993541989,114812.30247551427,116869.818359375,107534.78362594586,114321.89718637364,112231.61279607148
934,190000.0,194524.61809302948,198445.35447423244,197969.41253249743,203161.69140625,195797.9570803747,198335.6170204109,195390.74204289666
1418,340000.0,325269.4834606708,325197.2208332409,324153.4689455962,319566.453125,314622.5441664661,336743.58681997005,325823.181646884
67,180000.0,247678.44113878423,250103.24779450652,252445.40578988518,247875.71484375,247518.79694629088,258941.0208782938,249681.6633850458
1000,206000.0,185755.03023634042,183749.34257563617,184402.14866133255,184065.0390625,199255.9327151817,186740.06756672755,187847.25243508877
580,131500.0,133662.42240988562,130501.46512259872,134518.27276811135,132559.91015625,128998.98507678795,123480.15084106714,131169.39082216882
943,150000.0,142323.65070344444,135110.4661510178,132171.11092507804,132220.9296875,132831.02121161358,144102.73801970927,141297.18212492537
212,186000.0,179384.33286285898,177768.270067713,177794.23116295555,166101.59765625,170901.1776519912,174990.97820240646,177390.77958712686
1149,116900.0,120194.79103841487,118443.71805519264,122432.55630160487,118507.58984375,116557.0436928763,123375.44917776536,120250.91801871697
746,299800.0,326894.06246956356,325902.75027606846,322039.2011423827,323828.1328125,342603.6556620612,322593.4532659513,328348.8161745139
537,188000.0,205822.19107009002,203987.58024350167,205553.50555715626,204469.13671875,199466.06632101524,197610.38748713813,203443.49972350444
1287,143000.0,166164.22181967375,164119.33673044742,167552.37489394305,160705.7265625,157839.32026856273,159920.70054828274,163860.315620456
1296,138500.0,134159.8925881851,133119.2924567603,134490.48563498684,130981.244140625,141206.93075991952,140046.1643879329,136218.2794690471
86,260000.0,257689.0083893363,260160.56910194719,254827.16689879377,263395.50390625,257399.72722826694,277155.105249136,261149.4575284501
1315,119000.0,118215.39301872408,122877.7828667926,120276.83349485967,121332.22265625,123509.78799518313,127278.94494257755,120596.69215897104
975,167500.0,196661.4837799075,191655.74844432418,194287.60566674464,185683.015625,168622.02199324884,180903.2409287289,189849.6932084613
977,85500.0,86846.70370066051,89861.77211746068,89582.95260119444,80990.404296875,85915.59371231793,96425.04686525388,88437.54363657856
632,209500.0,230058.93375306934,230705.89026321776,233811.8543921474,233137.1015625,222217.68733074598,226144.20502484468,228242.5254177265
1316,206900.0,191389.0064876634,193790.24603635535,191757.25305382232,190576.76171875,185822.03933190566,182152.20493485773,188937.8808645178
1384,112000.0,149072.2671202615,151720.59174726714,147754.50318042742,157789.95703125,153358.4758663477,159281.81836316446,151516.69761485618
1402,193000.0,186463.26896549357,187361.93663231924,186279.5921156489,187798.9609375,186986.6231137785,183913.6799453397,186078.89452360492
950,197500.0,171005.85388771375,171835.68047484627,171886.28686664905,173290.3828125,170389.63271430484,178139.3007474815,172201.58128237064
274,139000.0,155142.38765368646,160514.59877516545,159659.69295438397,159298.578125,166477.02778817323,166878.37573658206,158861.17328304736
1035,119750.0,110673.4975140009,117467.15013428128,117055.87177617072,117494.470703125,115934.81956937339,122487.82831817954,113544.90432917271
363,198500.0,184991.3277403569,187439.19581119675,183606.70848379534,191358.296875,190926.92171401012,176753.44950853562,184351.4670199052
623,135000.0,121749.22728492571,121102.68725941113,119854.66160060168,125221.90625,132170.83609607123,124999.17135692696,123812.06878199405
3,223500.0,214258.97124248568,213616.8587473353,212153.77673777041,211632.90625,220604.74941568615,212157.34449867543,214781.05710794247
7,307000.0,293628.27925211895,290155.880827963,289485.5734789733,289559.28125,273278.5922069876,281692.6442842816,288594.84116835735
312,132000.0,129499.10873945088,130228.69285146326,127833.27567491723,131966.890625,132342.77208730107,139630.83129064197,131724.92164071597
669,168000.0,162272.06833680993,160410.23948851993,162919.70972311427,161806.9921875,154404.18543905887,166176.13930858,161858.29561222473
1038,287000.0,249996.2802058864,254929.02791297494,253083.03470987483,253368.59765625,243860.9446697721,259961.4037557221,250918.4984097063
1440,197000.0,182726.41258598457,184587.3200356289,182757.5575750239,182524.19921875,177854.68383201148,175181.75175733917,180678.27855235204
216,134450.0,138848.92010836763,136811.44769014587,138794.80166532865,137511.27734375,138078.15950179048,136420.73540221367,138302.81946388466
1120,133700.0,118795.95941519621,118557.71291366819,117288.76664264068,121933.986328125,124006.88938397252,122011.07353115355,120113.42625940169
28,306000.0,320724.8704436144,309319.99949177227,316842.5600214924,315704.9140625,291024.80114104203,310114.28624749585,314603.47061766335
1056,180000.0,158441.64929552755,162572.7712331285,161011.0092789176,161888.48046875,157390.41756282898,165421.7931849557,159548.09703279973
825,232600.0,230829.15797632263,229512.00738765488,230282.81583025202,225356.74609375,231887.47039119893,233042.3635874446,231377.37688889986
1416,175900.0,220560.93451288965,218636.06114312256,221729.26730087027,224848.23828125,219005.4029377725,216731.3511648861,219651.44001988517
1199,178000.0,179978.31776891422,181566.72425856185,180207.14625184494,180856.73046875,180057.91331066127,181362.66580978275,180238.61890240244
1281,227000.0,209509.96020397524,207047.9811151535,206896.2612292809,212296.41015625,214698.11479768713,213551.49291279123,210972.8492842159
625,165150.0,163883.1855552655,160434.837777305,161498.51147774365,163558.8359375,172716.8813825811,160594.12752988515,164544.5801964311
808,223500.0,197102.95092660576,202807.37075622124,208146.80285210407,193746.2578125,218340.8972756075,217404.3968372613,203767.19231664413
257,207500.0,198641.72553253078,199964.0759742112,200038.32971009397,196999.83984375,202736.16724731686,198774.87367027788,199246.45242406306
26,256300.0,249677.94974504402,248258.87360220042,247265.13581803648,250012.1328125,247157.18501765982,257135.9233599376,250661.9014034468
337,377426.0,386724.7263370543,398874.3261960945,390189.28959413606,366723.96875,385139.4551766603,371824.8197775252,383819.72874696745
573,224500.0,218550.16191405815,225725.03880598306,221268.587747284,223383.28125,216529.12427377107,223948.46764081728,219234.51276540954
48,249700.0,255373.20407237997,256160.48415400577,253278.54508744163,253300.99609375,240326.34944678965,245702.9755197367,251499.4391950903
107,100000.0,102372.86739345972,101594.845012904,101951.40301174781,105441.501953125,85470.88607246593,103307.2832174322,100143.4820377706
350,437154.0,444916.7536647807,414829.5476788491,419529.98981946014,453767.7890625,435339.9802720619,437347.2424012997,442196.7618192353
56,180500.0,170023.74506986042,168741.7723922974,169145.7388422762,164063.62890625,169363.926512969,157452.90389362216,167668.9612551889
1444,121000.0,106342.37573412157,105485.02245157857,105399.0523778976,107454.154296875,99322.84086728585,113723.99838602771,106674.46491489938
214,156000.0,147850.08145564416,147646.56404158776,148406.3965429844,148788.328125,151983.00549690452,147996.43258264355,148462.64177895949
121,180000.0,161023.513772903,167346.17394841975,165107.85442524208,165524.72265625,158888.85319567792,162023.4603159734,160900.58881267117
1207,107000.0,120870.64902572754,118641.08782191982,116619.67111089046,119965.16015625,117444.4474687892,114090.16750614482,119165.01349461827
1389,377500.0,365117.11027121986,367803.8614730746,369814.1242509816,378185.3125,369003.1541917601,353233.86728130723,363530.8174170941
73,185000.0,194704.08425217893,201907.0447182233,195361.58810907663,197910.8671875,192097.37941771152,194298.633254705,194261.40490868696
744,175000.0,154904.85349687407,157983.88567737967,156363.18021081595,154701.78125,161392.17383812496,169158.35272697685,158388.90992549522
1189,195000.0,187235.16218883297,187565.4662933247,186154.70620608065,192300.47265625,184840.6279573186,189988.9154612265,187390.84302424596
46,319900.0,274567.04061428225,278587.98070260655,274342.5705634224,282059.4375,276996.18596661673,291578.06160794734,277971.47634718916
1231,190000.0,183274.1930998758,195548.609243974,189794.6494453199,189733.75390625,249488.220641211,215625.465091056,198485.54766222992
524,184750.0,387462.55276473274,422792.92676874506,412210.18294069864,414499.2734375,474071.3367948647,464891.9235174252,413675.269783951
827,109500.0,101999.01925622449,101401.50673807893,102494.05737796053,99070.28125,98305.00349406553,96538.89217080252,100492.89555741634
868,129000.0,139090.08393708547,139640.74286504393,135645.41833637873,138628.5234375,138396.80533715512,130413.58665675772,137431.0527064224
1200,148000.0,138878.96562572074,141535.9390282145,141608.66434810433,144045.12890625,139617.60925474463,130433.32755898242,137464.57165063414
758,158900.0,158453.83338669274,158179.21071144677,159744.4862935698,154656.828125,151014.9700278328,157259.83649520503,157183.8953108442
534,39300.0,56849.54454602091,55340.68354093582,55336.099325587806,60394.4873046875,57592.43626118296,64081.53227942898,58255.78065917862
604,151000.0,155953.88922635248,152230.1564413075,154581.5321529701,153939.68359375,159914.79103955216,156007.971462682,156525.45207643948
466,178740.0,171044.42529196257,164549.57822200528,168324.29837767265,168306.31640625,173435.29255004632,178230.14533511858,172676.09631841828
1392,124000.0,120778.77814737475,120145.64735092023,119816.9476180933,126874.7265625,129832.18794674294,136528.64412452315,124895.98230965069
1245,230000.0,206504.74396292004,207095.3742510759,208435.77350823762,203443.8828125,209982.82686881348,191104.6906358423,204227.99428345886
1081,145000.0,172251.8585268642,171358.044311232,168151.5486376497,168011.9609375,165395.6976900145,171280.08987115818,171104.54749491857
905,125500.0,121594.39885018076,123464.68455642171,123170.68357434901,119672.7890625,124964.67124251786,119094.33970809552,121622.75521938426
61,158000.0,173109.0857894936,168570.6439910194,171071.66989355558,169466.1953125,166664.6192560368,163234.22558760818,170418.71973259907
93,163500.0,138569.10952373943,138887.99401901787,140443.89341115498,139049.83984375,134962.75072111207,141368.65534617208,138561.13588461938
667,129000.0,203521.8339912109,209543.12218205023,200545.96182228244,188883.640625,195292.91834246385,183567.50586020655,198765.2987957067
728,194500.0,197982.3596678531,198535.33718816465,195719.24323948735,191535.546875,195446.47572425602,192137.67084527816,196571.33796390082
195,127000.0,122435.88358948911,121475.29992534194,119778.27189362253,120822.984375,122994.44086561826,125655.5539690447,123094.25343970768
281,228500.0,210289.37141350078,212053.2458398294,213404.95151535387,206313.60546875,211944.9948039584,214349.55159006853,211254.54226516694
360,280000.0,269635.2788800365,269202.4164531236,275718.1878739506,279435.1484375,275835.54612440406,268762.0148532445,270357.67761013616
520,234000.0,258859.8633445863,262877.1233147316,253780.04520810433,249467.09765625,245893.28276769037,235894.55763593345,252889.71091064965
1456,175000.0,169749.42331138934,171161.00069619552,169851.8737917826,173225.50390625,174612.57594426456,175735.83355979482,171516.04909176505
924,193000.0,181218.57252157677,183200.80657360156,180919.76606692132,188919.421875,186475.62149449243,196151.1963344749,184650.27907499394
183,120000.0,113764.06568834954,117785.14158690342,111423.77723767486,118082.203125,127247.96424271689,127607.26421725824,118166.74966372241
988,395192.0,413445.7531700983,416865.27550948435,413817.27069803927,404006.390625,392030.095729358,400088.8813585633,408005.46604465443
111,136900.0,136660.27221100384,140577.52916728676,137750.59586786336,134433.02734375,137416.2507451782,135722.2334083689,136598.77350649767
43,144000.0,142526.19919110916,142715.11006046232,144714.76043139969,145183.890625,147088.29697994355,150226.67866792224,144558.441594692
1237,175500.0,162559.72831201676,163047.1289226018,162990.7826365866,168480.4296875,164465.5854553618,175037.07883116545,165074.43995239915
205,110000.0,120402.11296443501,118918.93250916425,119901.53866051695,114185.005859375,116808.074770462,107004.35247695365,117482.3814113692
984,255900.0,255683.02220202057,258572.38087452966,258512.16557929866,258981.66796875,252756.2232248697,255566.1520694032,255246.84780453838
53,110000.0,107280.32571629343,105655.89452240164,101647.19369684363,109851.291015625,103668.1555736082,111617.85588708548,107548.17413137543
546,229000.0,243590.1572460125,249476.55400125583,247547.7252330691,243594.3203125,242149.81509707202,227989.39829852196,240579.65066003366
946,124900.0,140509.90392852938,142926.32185578288,140376.36007525376,143185.75390625,138124.3169025418,144797.2855357229,140942.7167044378
853,164000.0,164362.46628465984,158627.61191770382,161327.71806774643,166593.51171875,160633.37414442195,169053.97186156988,164677.4015354113
1414,257000.0,244874.00656202383,251801.12957479677,252346.02086712274,242879.21484375,271079.7964858953,273226.87374797394,253691.16941451564
1376,239000.0,273530.10859760514,267338.523467763,271202.2420768809,259218.20703125,266449.344801062,250642.69258053973,268408.84127637476
184,200000.0,207214.86741489064,205917.57802875552,207123.641655147,207201.96875,197226.35921335605,194107.7581375056,203440.39238729456
138,171000.0,192688.26050250442,200451.5374781756,191901.62288985864,210279.26171875,168167.17335592405,202651.40557941725,191002.19291942628
927,285000.0,291837.44272703683,294184.8670929476,292760.3308937009,295576.265625,290147.1526297949,297966.49615612254,292700.15243946237
81,193500.0,211510.59791246642,214720.62661917502,218692.30688806018,208911.828125,199600.6724216731,202699.31771501777,208236.29538908158
1365,144152.0,144338.11972145474,144375.6557703568,144138.95976438164,146454.68359375,146994.78660575044,153290.79918960403,146325.3266083088
106,250000.0,257752.13820995713,256344.95030796388,257076.95101691585,251576.03125,258935.74734374747,265918.06611820695,259388.88131387674
542,248000.0,255105.94375664473,250524.82080536897,249537.21811123757,260447.98046875,252087.88536079915,256283.33250143967,254889.6306711457
707,302000.0,318894.4268732767,315590.4181113102,310557.52315404534,320989.3828125,302275.5115237405,281725.5202931538,309851.3225103195
481,326000.0,339403.0333813394,352366.96042349515,349967.8205163643,347422.0703125,352134.5121591208,361533.6770789551,345189.7021573022
166,127500.0,125694.83625259611,128539.02595723823,126575.8966090763,126694.90234375,125982.6584491722,125074.52634263127,125624.08361674858
249,180000.0,191923.46632869315,190946.28834887422,190578.49016645955,194776.80078125,188019.36187367135,190407.60949558977,191097.02184430655
308,89500.0,106134.48010610417,106042.71494506123,104736.52116965095,106774.705078125,96967.96389056809,104486.28829700124,104537.78409859922
447,190000.0,208659.04942000163,212235.18571095684,210002.35568744043,200676.8515625,210085.39278012654,207143.96015677895,208588.84123438701
713,189000.0,204544.79936951044,207788.74400045408,206522.90357104325,192626.46484375,208865.46649384056,217718.9090089676,207527.3703163454
335,192000.0,197178.66726698715,197805.29572396324,197615.67752223418,200328.1015625,207058.38568996073,196539.57233611663,198465.09972775698
98,94750.0,133229.92321447236,131253.28480240915,131099.07579693408,127432.359375,128625.03160869025,128339.20022823394,131697.01827625133
725,320000.0,296595.633674356,285542.19536054786,281164.6858213748,297697.5234375,340152.96735029994,312281.7207571346,305595.58020478126
906,128000.0,131545.2238072116,126734.06792586086,127700.61881105555,126655.876953125,129283.9579500499,123119.63147802227,129708.91293212833
900,135000.0,133409.56213323772,133925.2907978836,133327.47106485037,133637.28515625,131415.10422367824,132571.63469079562,132975.93495105926
103,118964.0,116991.43744722492,119555.48336824782,120671.4670900748,122527.41015625,111856.39739225838,120194.28237535743,116839.1715705452
435,81000.0,76255.31839415325,74130.02898695758,72699.99157518212,79475.892578125,77745.39395761145,81835.20936358249,77470.3664794414
1008,88000.0,88460.87834902147,86160.36808176218,87849.05841442126,92457.37109375,86929.36467515337,90701.46981225444,88646.66901728904
1306,325000.0,316385.23231138254,314342.5323667,317126.70996438374,310652.1796875,347209.30222443107,305494.867238374,318798.562944239
835,139950.0,134596.29043479852,134401.75050620164,135557.57214354593,134353.1796875,138877.15632040173,128355.5220032979,134080.94652362616
1325,147000.0,290468.7818127978,290494.06755874335,289721.9675353622,293189.109375,295054.86225738423,320214.0915634518,296469.76038274064
303,205000.0,224500.65276950784,228430.061169043,230334.91408341838,221626.76171875,225142.11949487377,226712.84628856543,224989.56208691763
1230,127000.0,143723.62065114727,146114.69851228409,145723.91011438257,141001.828125,139899.8981938075,123332.87003678628,139513.43889552087
1192,174000.0,177218.84382698394,170630.95572894457,170916.26833563912,176071.796875,170427.537477661,174434.99753134802,175754.78293995507
389,191000.0,197760.6107537189,201763.92510459866,199133.03036145892,201999.0859375,202003.57934909375,195458.23957965817,197948.31416387632
236,89500.0,86370.5979528506,84184.8066582011,84734.98795713598,86733.2109375,89606.4603454383,89608.39008463851,87411.9902468404
1213,113000.0,78632.77818043131,83796.32182993465,84157.33244724582,85025.15234375,90930.42737208631,93717.0273306628,83090.43355775534
268,179500.0,176785.7488203565,175263.38897350046,176022.35989920198,180800.515625,163727.94498739063,181538.66400537605,175788.4975644395
306,305900.0,337025.988796776,327889.81271575636,331718.5388075409,314762.1015625,307461.70616755646,299304.56703750713,326047.2625392483
118,155000.0,147643.8540567618,146608.06851117843,148112.12270295323,144000.97265625,145676.01472675047,142677.3293148277,146471.36731330398
1180,93000.0,96122.27733290374,98153.85230055582,99138.25298769442,97063.51171875,86586.03838236848,99278.3890788478,95337.31651330904
674,257500.0,254217.33739671152,248832.26350092934,252339.74528499035,254201.94140625,259217.59107064412,250539.52585948972,254265.04941696842
250,277000.0,263825.70967232145,270069.4292141022,272499.69798871817,276220.2109375,302382.01865473366,273950.0146278207,271115.85431575985
1066,328000.0,285325.73900371435,283108.1479921725,279840.46587964386,279994.9453125,266790.0272276,270279.3024443095,279990.046206327
1053,165000.0,160165.49702530532,159964.901028154,159311.2092692306,167758.015625,171062.0378200304,171586.7864218431,163765.5336642328
72,129500.0,123935.23928546577,122269.14019004072,121856.97757457917,120657.095703125,124732.18929435972,120689.9261136984,123464.52906396982
95,204750.0,200727.7602866574,202112.09022499737,204049.81182755297,198299.3203125,200456.9775131443,195040.43649131857,199666.33840467394
1441,191000.0,204359.94705363706,195438.3603799072,192572.81866805884,200459.4921875,224611.91815268665,191191.99426162415,204863.99341374752
34,165500.0,171833.36361904407,172881.11514161687,171474.8069719698,174306.953125,172762.8083548367,170617.47805992785,171746.49231226573
1168,173000.0,186785.31684181723,187279.83267673483,188604.31656230678,188363.9765625,185967.74257816008,189869.8776065437,187224.18612388137
449,119500.0,132438.84423234552,130774.84934101466,131510.8810049631,127609.09765625,134311.5697989416,129988.254412618,132263.6791704918
446,127500.0,151492.20704778464,151051.02183410843,151113.26397847515,148837.58984375,152801.01437626584,153384.81404302508,152018.2894777247
717,159500.0,196229.02910284675,197881.75794556868,198965.07126572428,207744.91015625,195430.83984793356,188495.7622643989,194724.78125612438
845,153900.0,136403.84450451576,140928.6813879204,139282.9741805952,137125.53125,141241.1737506067,145620.47579734644,138747.84637623094
1113,129900.0,119662.51646657535,121819.01090210733,120224.93006813747,125162.353515625,122691.95904179488,115290.4998493758,119305.80768393885
859,152000.0,160667.4682271752,160508.12991423917,161880.29273045924,161596.94140625,162006.5212035491,157553.65090592805,160297.3056270499
998,185000.0,159624.93433942646,163161.35372927206,160717.5999074218,161009.375,167059.22127742876,164681.8049086204,161589.0612665773
78,127000.0,118866.83291809013,119536.79809342482,116055.74783872205,115229.634765625,113394.05587024795,113007.77733194963,117036.64290238268
85,168500.0,172268.20409915168,172515.06538542133,170415.5608306739,175112.859375,167236.87634494915,170932.94275340022,171314.3532250041
793,269790.0,235665.53981167948,236671.3807882707,233602.59804054978,238342.01171875,257139.67832802012,231916.3869804424,238037.16010702378
83,245000.0,240295.48298236393,241199.65456770518,240918.05939463075,242509.91796875,241157.62533686106,236138.0521466304,239669.95196677296
458,256000.0,196913.87194761686,204618.12306173384,201546.2579728875,205817.171875,207958.9511674765,221705.4941114712,202939.97908164255
971,135000.0,84237.26376330909,80961.14716339248,84100.7524131389,82974.849609375,90737.83384175404,76757.20651538011,83813.85592380425
677,87000.0,104536.65419689308,97062.6798937785,101605.8538686712,100301.283203125,95420.0082446628,121088.69501910816,106220.81581198692
939,239799.0,244099.4317056846,248095.6801561422,244459.46035357442,247271.65625,252559.46901822923,248339.99239776068,246062.22186226584
1051,176485.0,186451.14801503165,186435.47219588404,185723.30704793474,191708.390625,187636.96375084494,189035.90274117375,187084.285399293
437,116000.0,112050.22264008805,109657.59642113656,110466.27788855018,107922.94140625,121786.65570656821,108051.0743326653,112711.93804105135
645,370878.0,342237.7608890131,348674.8733312692,346675.4619131628,350272.0078125,379636.61437200743,342374.2581064721,347567.159866666
781,176000.0,169149.14249534905,169084.97946559056,169288.52247537085,170671.421875,172906.45933818878,170781.07857926693,169975.64573034362
863,152000.0,148201.53885648993,145370.88111194255,147410.8859766868,147952.83203125,143142.4079526824,138150.63856440113,145676.01058086514
1358,149900.0,163168.23199504186,166536.48263982276,161632.41515201732,162653.61328125,161574.2481662997,156036.917798159,161659.38132953524
405,168000.0,173110.97428907,172346.7056043523,172553.24688329842,171426.3203125,172150.96866271354,169222.88229573975,172275.4279734902
1271,260000.0,226672.00494056937,218648.01576372387,220509.9440889457,229489.6640625,229213.3631536855,232475.51312573816,228076.39573772298
942,214000.0,225648.9864180053,226254.4140906179,225099.33620591275,220941.08203125,232087.66104450414,230518.83569765952,227438.24992765117
945,137500.0,160042.477023306,162218.48995636703,156917.64292024882,155971.15625,168141.85551493525,159237.5929755327,161046.55540736343
105,169500.0,166262.72637211505,167557.93831066694,172289.2746034534,168664.859375,159260.41845804994,154521.36027453994,163157.49373101874
610,118500.0,118285.30172723846,118267.20263255325,118972.54781058863,117284.064453125,115490.47240764936,114719.28762540883,117247.42860869272
1069,151400.0,182117.81709250866,174584.28077541836,168357.42874952417,181779.6875,188711.15657654015,180188.44652852064,182706.00307260006
994,173900.0,177987.15844259347,175632.65082511056,176174.11838381624,176657.27734375,171266.7907408678,167444.6963822001,175137.57163488446
889,268000.0,331147.46397269634,325158.45456348395,316232.52852265275,320761.671875,296238.2332856839,314214.1125687315,323149.8561782868
63,202500.0,202683.65539251245,205696.81410150227,205651.71018146776,204311.71484375,199177.04591890553,212036.86244186605,203868.6766198349
282,185000.0,188105.44128206026,187048.3159690798,192621.9437891291,186577.8828125,203674.55642993713,183675.00076707703,189516.915328229
965,214900.0,213441.8294569857,211996.9843787864,214239.36485027667,212791.84375,235487.42871979295,218660.27559591967,217507.56389701538
239,318000.0,250639.93816623665,251279.12792489523,255296.5272583397,259473.60546875,252786.41532603579,250428.80208957376,250906.4272676097
224,97000.0,121126.66552307896,120318.5764769513,121631.67707329684,119489.18359375,119579.88606419467,115076.62949007194,119819.0064841345
146,130000.0,128191.415351502,129527.1770428169,125710.847305397,135833.0703125,131158.63540369173,140911.5004265633,130900.33828908138
1363,104900.0,128721.30969526187,132736.26371071566,127615.35119596348,124529.48046875,123157.08766547266,132735.9390735034,128654.18691478937
374,123000.0,124373.87371134228,124030.49588906075,125033.33274943191,121055.826171875,123746.3875647354,121502.03927845544,123768.29394867911
119,320000.0,362128.74643242324,358496.9014141094,353757.6387143836,366548.765625,334435.24979266967,350500.41977678926,356108.9018587765
1097,127000.0,119371.91107316723,117894.3602067141,119262.07869392187,121440.107421875,127093.47638768159,120111.20648188464,120600.15920159107
251,76500.0,78665.31559500728,77954.2159586775,77552.61587313985,85861.359375,64655.2809066793,85072.02942525945,77830.47356859196
1407,133000.0,131604.54808272497,130348.09728939508,129763.31855724675,131587.998046875,135564.07788064226,132843.2349066417,132388.9981707143
10,118000.0,127535.26646493761,121258.7498899066,123167.01435592363,128622.43359375,125348.90911853494,137652.41995676796,129044.97464517248
450,120000.0,126660.19063249347,128058.6968028988,127476.85088451566,128787.44140625,120551.63763351727,114963.495977552,123689.7681189851
709,179540.0,185526.89037310294,185814.63152908575,183384.2788274056,190105.8359375,178850.18067706338,194066.83475677404,186115.9618441157
256,230000.0,225632.58791762087,227941.40803536313,225968.5748560273,229678.83984375,219084.26143038794,229881.1783045293,225467.9586353787
594,140000.0,142162.97802899953,140214.0325408865,140502.4298736319,140181.77734375,140553.35504440195,139317.77267086046,141422.87683747592
390,426000.0,406859.7034828047,419311.32250451634,419431.17824101564,446592.1640625,411604.60214542045,427642.57046172,411271.0819217384
1203,117000.0,132954.19085296142,133598.9900263626,130020.09417047395,135277.28125,140206.10026422236,132807.360223532,133956.4278188923
1169,235000.0,192772.83841872052,187099.5542594223,188942.46743388736,194528.58984375,208347.48591732804,205107.7992937188,197200.78936548205
558,108000.0,122373.84262220997,120605.43842442447,116584.70249840387,127452.9375,118456.35214410216,120169.43358522833,121421.64542733134
1299,160000.0,395482.54304926936,446063.08923395444,456607.9416118105,417305.3203125,486333.125040247,323754.0703183416,395467.0328026316
1425,144000.0,138265.29331063863,138108.66554336302,139565.9765753266,134871.2265625,133959.92210870568,135514.69572978158,137159.83093965735
461,263435.0,259855.06339386897,255572.0602961341,260619.66708656872,249579.35546875,261740.61795344096,237903.57255541612,256173.97536001238
724,135000.0,131122.8968567188,131497.75884905615,132537.65785844764,128219.9296875,138164.67243224985,125326.44980614034,131079.0973480359
1347,262500.0,266911.7456459867,282552.6607847723,278665.8596826563,259020.08203125,270419.4781275695,237503.64902775755,262119.49180377397
145,125000.0,139854.32313642552,134122.1701230511,137064.17712037358,140968.42578125,137705.04206860258,152689.43916937464,141858.18644661666
502,226700.0,212160.89390982973,212100.4579138931,212076.6211430595,205452.23046875,210221.57355766755,202406.6733792608,210131.2612138355
1071,135000.0,135475.56455022623,133970.31333406002,132932.27436323982,133396.05078125,135172.39139725608,123962.91565280005,133361.71248054004
740,190000.0,200895.09667670671,199640.43434351461,201252.72917930275,199412.65234375,191954.5712526242,195423.4331191556,198642.70583372517
1350,122000.0,156716.42130833294,163460.87772987632,156619.7803466857,152462.8984375,124908.07639559513,156104.97709452134,152094.57738935284
732,187500.0,177779.42174889392,180139.64800260332,179212.81429953384,173977.03515625,190518.05399042607,195336.70095411607,182744.46701871714
540,272000.0,275244.98042936414,269878.7744426713,271962.07880784036,267634.421875,231216.91857467813,260422.8738498556,266333.6726807337
178,172500.0,159459.37942215276,163924.4989178338,163929.66911281476,164536.09765625,154102.24256886353,175282.2420974406,161545.64761553647
1409,125500.0,113786.52189715196,114393.81950953507,115136.23362339157,113728.5390625,116121.02584540869,113228.87847141032,114017.35335711147
698,123500.0,129892.24601255682,130337.2514061796,130192.7838545453,129183.8828125,133740.93583938308,125715.65454436465,129686.89576904962
1403,193879.0,179326.18275652075,181037.49814522304,177186.49407422464,186678.05078125,192462.47108264756,192240.46399634395,183512.4700418386
1023,87000.0,112813.50382912302,110154.11109609382,112953.68685087397,114189.283203125,100201.22937881522,106859.01136879544,109953.44385455929
1117,184100.0,194999.60571237968,197458.94459031418,196560.466220876,195809.4296875,183987.81020856887,196210.1458519822,193655.38283344905
1430,182900.0,197490.72772601398,193257.51912019393,191139.87997373578,188824.08984375,195199.36628045968,187865.7596557292,195434.40911073034
1454,84500.0,137493.9092783809,136844.3263187555,138281.4312709264,135761.2421875,133657.0241327021,140809.86360506536,137546.12605274757
8,200000.0,210201.16596745356,218272.62968743776,218158.81440737273,212241.8359375,229815.85475570607,226420.2888417046,215900.84447466768
821,183000.0,185045.46004182415,188236.91028936434,185235.85162609728,189672.69140625,187103.89599593118,190030.0014604056,186234.03824452567
668,193500.0,205458.22898245015,207630.04718573266,205677.3709198999,206347.0625,204518.57489425852,208088.0972695397,205797.99359989652
1390,131000.0,135934.4510227741,133053.19789923492,134189.81273812574,134576.888671875,133628.71381642786,126701.51125401136,133946.6097306209
358,134000.0,144836.40421941772,144664.63545805705,142832.46320462006,148378.6875,138870.74049614172,146260.83658006974,144246.42478019206
784,165500.0,161125.88570827054,159460.41775511578,160940.25160869496,160898.0546875,162166.4368386616,160796.79390229814,161214.28715686544
986,125000.0,120991.7898849808,123279.45914192426,123679.99335994558,124876.732421875,118133.60643302946,117597.07900289544,119975.74361522422
330,78000.0,87574.07342117648,89045.70520008521,89034.56354019878,87590.052734375,86301.96431070144,90983.34130955642,88006.87613024589
1445,179600.0,192095.19545358475,191734.79281627675,190426.38081569909,190040.16015625,191720.82746792352,187245.38861855117,191169.72965240487
1118,130000.0,140104.80801899004,141019.74030753167,139062.63548483045,139882.234375,135350.36486067245,135007.00657660165,138513.44148680038
1088,252000.0,276120.1988718278,274154.95244741,278114.42107584095,270226.7890625,256598.4376966971,275174.77661540045,273181.07279695047
259,231500.0,218764.69703793727,216043.5696334052,216189.4752637096,215619.40625,228126.2385656861,210580.21976047076,218620.39594804417
1145,80000.0,99086.88032458452,96097.3834580949,96643.51342030018,91039.021484375,88025.17609911418,98104.38675823406,97341.10415803769
373,125000.0,114465.55937798525,115372.31415925399,116256.9824587271,119784.076171875,118716.02455865717,119677.87927679102,116006.03818634935
1076,219500.0,194113.5796944309,194197.36597456568,194615.33729479118,192477.51171875,175729.11572545816,177852.5307988415,188580.8611433686
883,178000.0,176253.68371692384,177797.4511364069,177098.60623324724,175255.828125,176868.46700067644,173514.68482185455,175848.20777816238
143,166000.0,128956.52080971662,132289.46479031694,128437.53132205625,129443.830078125,127261.06927828345,119391.09677045402,126995.43967040931
526,176000.0,176624.05626536428,176563.56703072943,176112.4780435233,181192.8046875,189470.1858029752,179194.25579926875,178908.53461572467
1108,274725.0,233578.2482269556,231996.33188569034,229452.296598276,228866.3828125,260439.53441006015,224481.25905519727,235752.062319195
1336,167900.0,159094.53517090212,161976.59815485537,159439.37893704273,158263.48046875,163561.1304298003,161151.69868184123,160098.1342962099
1092,160000.0,151558.24051401913,151794.79262210167,149987.4333960029,153342.890625,158251.20398563374,159465.88804291643,153930.00045059086
1388,136000.0,154901.08126473014,154007.7087722034,157369.8315194375,164135.0,168675.24211991864,166691.77794976623,158975.74186547968
441,555000.0,425104.75265095074,425875.17680160893,434315.3240155536,449826.84375,417495.5344368762,455243.63028518687,429446.68050161045
532,128000.0,137015.37654444616,130934.14184597494,130849.12825681869,135364.072265625,134984.05192308448,128293.47671696256,135158.38313433898
1170,625000.0,449421.1289283212,463892.2332237654,433825.8980782009,438379.7265625,424228.4723538313,460437.3547356137,447829.22634678136
227,290000.0,266457.71018780407,262290.3930042961,262281.6405281261,270349.65625,268675.4323111699,269239.56965386926,267272.6728986638
1001,82000.0,65615.04987597004,63611.18697545108,62917.3073682264,70788.3984375,68487.43376860592,79753.0795546172,68565.57486714539
229,125000.0,120829.79957901417,120611.44416364697,119511.9412647745,120974.216796875,113457.16074276784,113824.04705294687,118523.86018276229
1247,186500.0,189104.88888145107,191082.37244224953,193379.63114438948,192506.46875,197100.02323274646,191467.43427455003,190663.92505432016
1320,111000.0,112950.65731921754,113291.98681059001,112464.32982059885,110048.6640625,115812.28216935821,115052.27625560237,113734.59561861289
213,252678.0,243270.97753688326,245448.82129920612,241454.4606577829,245746.515625,248286.22991368626,239547.1989089792,243312.5486773953
80,110000.0,124477.00873695614,120744.63997207856,120373.64525884434,119775.8515625,119397.47027638636,111841.522741719,121483.68099165699
149,141000.0,145040.22271850696,143797.91152759833,144027.201768976,146736.62890625,138465.6344655776,149431.42550589357,144897.52087000353
815,116000.0,115506.02846574044,113974.80463922254,113646.12559263804,117928.46875,117138.38661359143,121624.2068451312,116838.08359556005
1068,167900.0,175084.38136081054,176811.29104989083,176171.33478279822,177931.2421875,181599.32608888697,173650.05223247936,175750.49346260534
870,236000.0,225725.76193005097,224741.16000692878,225318.717412661,230699.33203125,228679.38479636438,222237.93874498157,225517.34360427974
672,103600.0,120386.14447087688,119682.2664451404,117080.43570558561,116077.412109375,119599.87538532395,116217.84645494093,119524.8395241426
1125,163900.0,174251.39716156013,173932.8116089674,175851.8712269915,177672.6875,174256.8599165967,174420.8804089899,174282.65798364687
556,113000.0,114914.86861455438,113033.69195058655,114609.76186892345,114231.279296875,105924.52649576143,112257.3518906896,113161.60879275325
865,250580.0,196332.77157104833,201564.3834603788,201353.84349938814,197733.4453125,208343.76867915015,206057.63614715583,199785.74245387502
134,220000.0,209171.16090040287,209149.43614041363,205564.52856232045,210835.81640625,209525.161460532,215120.69188059733,210291.55158394683
1080,126000.0,132612.3257847857,131146.8479185229,133300.54123559437,131422.435546875,133234.2142683796,134616.4435880989,133061.03021049136
824,139500.0,141810.02511124808,141776.15485231264,141137.60497121786,144071.3359375,136323.80812326324,146568.87434696988,141887.83420736756
409,280000.0,278999.1224145113,278548.52046673454,275633.8698514329,266713.89453125,288780.9570261828,257501.3137505625,276519.690003189
983,159895.0,175773.44024620444,174833.39174386594,175589.94907419203,178843.015625,184815.3930070722,189524.60759081252,179529.50150809527
508,208300.0,194425.90418040956,187939.2954049104,193470.3388297934,189017.86328125,191805.24718453086,188075.8427256371,192911.95345705253
1151,124000.0,120928.12865667167,120618.9251640955,118780.64749420194,126117.626953125,125850.41504284946,125339.31441194558,122419.79730349919
505,147000.0,142786.51907027396,144926.88285569494,142536.77010244082,143716.37109375,142097.5846613014,132541.6373414513,140845.98943112997
987,117000.0,121777.7889586629,122572.4613937604,122834.70592637321,123808.45703125,115582.19867631578,128436.25063071624,122096.67143848592
348,157500.0,165539.34563286894,170356.84194397967,168983.0720267137,177466.2265625,178092.1437397963,186710.34727307735,171128.05291286358
387,81000.0,91886.35608357628,92087.56955026565,93584.83073650737,92778.353515625,93070.52099688057,81781.28601392158,90236.66527257224
1,208500.0,204134.08760375518,202998.93501045613,202524.06231007932,203104.5703125,205983.8617225076,203247.59179826407,204237.0098551721
361,156000.0,146787.35169016352,144845.30894302545,146318.18599056447,146107.09375,161463.29737155608,152090.05352187238,149822.89199851375
829,185000.0,191837.49646041176,189196.44450315624,185578.0518310112,176773.64453125,205400.49876710802,189407.5768347078,193324.258661587
1380,167500.0,145531.9600397201,146646.14903211128,145148.8273296972,144509.25390625,162236.63866647685,153623.59140789637,149356.9275939342
476,132500.0,142669.04639840344,142217.40670454153,139642.63921739603,136304.97265625,139918.34920971873,132144.49430256482,140385.75971740863
1248,169900.0,138025.3714224341,134658.05367215394,135889.7003052121,135238.8671875,142664.89017140958,143798.29666532937,139721.87500455853
58,196500.0,191211.14828788015,192186.29234526417,192181.7711525223,195137.671875,195724.35674847977,192628.3887853274,192106.25252326415
638,93000.0,112466.52763389761,110758.60082319204,110482.30038603995,109450.74609375,102539.7690144422,106787.39310373,110036.92534989634
1274,177000.0,168034.93644672303,174745.3375943904,172787.16451751496,161732.49609375,160358.28520000784,168176.2223153964,166971.4545375324
1027,167500.0,142049.42405912984,142040.26926172955,142761.0085509247,141014.63671875,145528.96958556416,137401.66437740825,141706.9606622031
910,174000.0,173630.83503664707,176655.62847801935,175175.75215888908,168165.14453125,177064.32133104507,175526.55867691402,174458.85350715258
173,239000.0,207950.24963298792,214141.82241607425,209343.5812519394,204109.40234375,202247.31391553784,211897.2818203571,207851.2918795215
451,110000.0,111098.91583156472,110177.50034361877,110704.64596101089,113791.02734375,110093.07854087684,108288.59218257798,110450.73309919657
126,84500.0,90906.44465618745,91170.68065244169,90337.6277475068,89145.248046875,98198.1937042732,91358.0142291378,92021.97047463208
935,242000.0,219372.3225613004,230289.5242279552,224431.44660562425,210913.0,266972.3399011465,226614.32178554116,227426.81605426612
531,175000.0,181365.56159490324,186060.8439274927,182860.205447422,187033.234375,183088.73971090902,195623.41526031325,184174.63075807923
858,174000.0,156327.5449630714,154744.12729439844,152886.4773478455,157224.95703125,166934.3974243789,158125.86620381096,158155.55036913656
714,129000.0,110573.21689314515,109915.47192725097,114078.99568053885,111550.76171875,124655.89287715702,118282.12720805836,113957.42375363004
91,109900.0,101305.36469751046,101901.29092612161,102110.29451904929,104176.830078125,98662.89176425556,95655.06178014196,99914.18920653968
1413,90000.0,97187.7350386186,97774.63673171004,97729.76900476689,95864.4609375,96878.4218065068,87056.39358955003,95321.47599002082
182,200100.0,175459.9239193817,176096.20477514746,177184.45279150573,169050.69921875,157470.63669909042,162336.49258788684,170547.64115475607
876,303477.0,296084.2629372849,296164.29480280465,302049.4509950401,278400.2109375,358499.14017902676,340958.2443226197,313009.26040750067
1152,149900.0,156376.42473915304,152819.19506868196,156634.44360988398,146570.46484375,164138.9556045944,149522.9568594313,156244.7282765442
787,139000.0,119324.12320192109,123412.90363114708,122899.06881784978,123465.650390625,126099.87631790736,134469.55709603132,123009.53000107307
415,228000.0,243293.1577155159,241363.01853870502,244336.47596424248,246946.328125,240136.61759293746,231119.7744388128,240655.7191362696
252,235000.0,310380.24549273093,300987.84134037903,296767.9987764583,310873.75,317647.4835014786,279028.9391813585,305771.7226689928
70,225000.0,234612.70899524225,235752.63122916297,236939.626211438,223458.7265625,209647.15173965512,212185.8930695464,227037.421126383
804,582933.0,451023.4469625759,424707.12143793004,412206.4499823143,429050.6796875,423679.28368446964,393311.7170523738,436763.8586275092
132,244000.0,212692.86386234168,210718.4741695174,211029.59456745198,211303.34375,215177.79196637205,220743.5248975021,214493.45902984
301,157000.0,150739.26293936855,154553.99244011336,151985.911018679,156357.4609375,146884.96675440407,153651.85274433033,150716.45447366397
979,110000.0,111229.73508003778,110521.1841362059,111392.42206625603,107888.90625,104136.42640343805,114481.00732299764,110808.40918266363
327,324000.0,329452.77625547163,330425.16686121025,338885.2655854678,323662.3515625,326227.0108930461,283743.5652035502,320773.23020838323
1427,271000.0,254127.75077427822,253972.5137428814,253983.72254857392,254706.83984375,259237.17668535994,258465.1232060053,255632.68701704222
1084,160000.0,148740.7100807996,149982.42969033163,150703.2017740513,152576.9765625,157981.7190706196,159423.5405983428,151973.0865659493
500,120000.0,133916.73551817195,136552.6978244817,135349.22136292167,128633.359375,129384.20882751356,130339.89531455238,132630.43108019177
969,37900.0,61757.464461022006,59031.25323048511,57719.56057663821,63649.373046875,73136.38920418562,77630.66832267024,66226.71718282026
833,237000.0,221589.14237358267,223656.28948599083,227012.9392371969,211563.41015625,230030.362359758,222125.3323658884,222882.93625953863
365,190000.0,183465.97571061912,180192.5650261914,177565.42830830984,183985.3046875,187614.13693926242,186240.25791288388,184553.3989008408
496,34900.0,72054.51727973911,69344.38178848027,71835.93720469024,70362.326171875,81443.44011708783,87646.30007294279,76190.87698338952
1360,315000.0,388326.8207454982,389782.6489906993,390698.7035837133,375130.6484375,369981.60037668806,404454.8849987741,388625.6905521288
339,202500.0,212912.8403855526,205853.53763148817,210075.47499406512,213752.93359375,210404.98707579076,215360.0876857898,212997.31441127654
422,215000.0,204374.99112105503,210247.22355760226,210017.7182419125,205885.9140625,218222.06892175024,229685.095837129,210891.81072758033
165,152000.0,134606.92862410023,138360.4547165759,138306.1249656616,140765.265625,142580.67658597077,146487.82118068082,137875.05278724965
29,207500.0,192506.68355536787,193579.24184132804,198232.7152398091,187984.2734375,198417.46713050667,194072.43323277996,193626.74028546878
517,158000.0,179676.812724551,180317.02631146932,177805.49163758667,173145.42578125,179863.39318063628,177296.66398221548,179275.1467914068
194,130000.0,132916.19338822656,134030.25745676956,133554.551843161,139345.0,135594.77828372974,146227.33904240228,135690.49239661265
1251,244000.0,252344.40729407506,252327.80575035326,253261.5049789293,249563.50390625,284286.77814791055,234089.01864985333,253591.5730416948
1327,79000.0,68613.66034449558,69279.30102901396,66644.6449141893,75344.421875,96810.80922584314,103960.62711537586,78971.35799591526
1326,55000.0,62150.85908810522,62833.575165769354,62688.03538941412,53471.4521484375,61962.80673000696,61533.7255751482,62013.177306541766
170,228000.0,230590.37945484236,231260.18387088296,227382.95325534148,228147.234375,216549.2483122451,254812.13235649295,232955.62326415034
168,325624.0,390863.2838897754,387612.4319691069,382647.50544173707,373136.0703125,367598.4704151777,377552.58198595257,385169.00778307253
653,191000.0,195164.125145127,194586.80050163707,193702.0864092511,196907.5625,192577.27330488368,193110.11474697376,194427.7256977883
174,163000.0,150490.91613120207,146787.16354943023,149241.05315970763,151859.94921875,141066.6651988431,156201.3167937032,150181.29536396707
519,211000.0,192930.51664580614,194756.18208505618,194218.43458589038,195557.88671875,197198.46411625366,187165.1590942132,192498.85529400725
1182,392500.0,290941.23045482737,286297.8035587858,289563.86540928093,280591.7890625,311530.8323130459,282407.7927900179,292326.80582216824
1150,143000.0,144187.86812195115,140821.458970174,140391.75929919485,140307.19140625,141217.92377013137,145428.8480296291,143989.81830034964
913,88000.0,105057.94087981318,104630.81187174765,103199.12836669502,104859.21875,116559.50313333455,104988.92775704755,106676.96803601364
492,133000.0,151632.0164922796,154241.27123564278,152373.7934444709,160757.203125,147399.25469153858,149206.53813105306,150595.33453546508
74,144900.0,141741.56036811572,142902.97266634,143854.35383671074,143568.2734375,138704.0334601669,137255.1528446872,140503.70514845612
1220,91500.0,99217.5116703187,98330.73628365518,99395.66115946473,99549.912109375,92079.52526162438,94834.04900611668,97416.54341265402
588,137000.0,134861.2689131127,132732.30293976582,134188.9957913331,133438.25,133273.2834108406,124987.0230269662,132859.88169322268
751,96500.0,92979.7059608906,93495.29822552278,92540.19507093655,88405.45703125,70760.10219877737,94080.5026824582,90025.96950968126
658,149000.0,173894.74723982415,175051.69465804886,174955.37377055417,179033.12109375,181029.25558415434,170941.2998687271,174375.4886364654
843,174900.0,157162.1144004196,161472.83252237568,159009.29018668414,156305.8515625,168405.56165948143,160649.6548801054,159384.26757964157
235,216500.0,213070.6456329828,209273.90397695068,211129.51342683134,209236.62109375,213972.95115505764,215485.97871683908,213633.0935897443
733,222500.0,221661.67364239588,221181.06018629263,222115.8556345074,228496.37890625,225494.97298424324,233933.58846100816,224412.8306951389
215,161750.0,145019.3285177054,148517.0155242934,147911.59089885023,149351.36328125,152759.74609522166,150966.50833606807,147187.0237988701
163,220000.0,227982.5082901896,227133.03371433011,233922.64360234712,233399.96484375,234846.9863129338,226519.9574143971,228693.1235855655
133,150750.0,152973.6881015845,154304.48515335954,155846.43186379358,150970.86328125,144219.19345829455,146074.139723823,150490.84271508057
1099,128000.0,114847.05412233637,115995.44365815437,115409.6228829032,115160.107421875,108425.09742291062,106704.91434395456,112471.55567373877
223,179900.0,171048.55048368356,170314.45533370177,167448.1277257829,170860.01953125,176719.4765535094,174543.8538597384,172481.6648528293
1313,302000.0,321667.24160942825,319389.8580838053,319499.0880354205,337203.9921875,331234.9515107686,326204.3728144184,323840.49566006206
186,475000.0,342041.1978329255,346419.3889181338,340684.09801135934,327526.265625,304727.3576163465,308159.882463114,330653.97703486204
42,170000.0,163326.4196943525,162022.87401280756,162444.2653407963,165410.7734375,160934.33379177708,182092.17364424703,166362.6213231234
693,335000.0,273076.52081802697,273818.75264970266,285579.5645312735,283328.078125,305504.9582189333,288663.9099588614,280480.1338744691
109,115000.0,119692.2757110367,117755.45576656799,118139.79910839479,122984.03125,101402.61578118805,104084.8577012008,114290.57711753633
39,109000.0,135860.83718708818,134389.93405866736,135519.5760705666,133020.57421875,131373.64652129516,131081.14049928726,134364.59851637657
569,316600.0,293213.7017126614,301894.84396425495,303364.91926537524,310853.40625,304022.0371224944,290458.53565331385,294251.22373819497
948,270000.0,271733.0523997669,273645.1019251802,273064.8770856114,273108.50390625,281857.7507912179,290178.46854675986,276487.0782585539
1234,142000.0,131931.62610056647,135486.57743576085,133973.388378088,132447.75390625,136166.13396926827,137234.58273095853,133486.14480780408
1404,282922.0,259415.2791927968,254544.43169738894,251914.83828324528,249935.0546875,259655.70731782814,232532.1673872104,254613.75802721744
484,164000.0,161697.94689399432,164388.81633994068,163994.729396427,161238.765625,148569.67177240248,158326.71008363628,159229.3602327935
469,250000.0,239406.15897872532,237929.13837841564,236050.4511070419,236438.953125,234364.46939185716,244334.80450271585,239577.5644010937
891,122900.0,115538.72482556783,115902.57023729011,116675.58996347828,116941.041015625,123358.20018012685,121502.53214242872,117720.6249566408
25,154000.0,147421.23647367756,149028.66600176456,148964.3279380459,147388.1875,158268.71342475727,152402.30615391553,149855.87313422366
963,155000.0,156001.8939788127,157351.2906035034,156436.22387915698,159875.42578125,160304.9726854766,161989.28131040398,157689.25173639652
1101,60000.0,57577.70241729099,56103.35591314973,54883.14592761645,61896.783203125,62394.43543364465,82121.47315341402,62675.76627193216
69,80000.0,83564.69080987539,82846.22567878867,84094.64722240518,82235.18359375,89852.21636513258,88822.21065702135,85402.24715887594
885,100000.0,117604.1213054494,113045.15657329228,117911.58790597822,113628.236328125,117097.32149313492,117131.61447242576,117447.24159827802
1232,132500.0,144491.42312622073,146821.1568440437,147404.90864974642,144976.55078125,139488.63542345585,138135.12502957843,142638.45686617825
367,159000.0,163733.7453941105,162473.30835080097,163357.97239167689,167009.171875,173440.87510049128,164290.46432200455,165210.79511020213
506,124500.0,113826.07149626673,114363.98232156882,113561.10419539835,118423.638671875,105686.2661237808,121352.7108878008,114025.34074707724
851,131500.0,137814.6552774107,139282.48223881147,138528.6774319637,139107.59765625,141611.856614488,142008.0656147443,139107.56349791255
1282,180000.0,186931.4136618804,190724.34236508879,191874.39626675122,190872.1171875,191950.27846652415,193340.6405103545,188796.18098948465
384,76000.0,79281.40536780562,81662.0704695674,79000.69790513767,81930.484375,77947.843979219,82800.83407950135,79725.30664908013
735,108000.0,118058.81387902398,118319.52342423353,118313.707922854,117749.677734375,123248.1640717342,110693.9261445864,117470.13206633447
718,157000.0,161798.3627502161,161983.2301200092,161986.839580792,162025.78515625,163098.39907765455,157391.96820069378,161190.16229645186
1301,225000.0,227553.01392707604,226862.879752755,227009.60774611926,224763.87890625,231978.14289801943,223878.570618192,227519.7531541352
455,188000.0,147499.00804584532,146702.34470991642,146647.01196324106,144391.7890625,144650.58913549784,166405.35823597282,150495.7709248498
265,73000.0,84290.3498047333,84894.77268775454,84436.18535504605,83997.408203125,79203.37398757841,87822.68607146655,84204.16916852052
76,91000.0,95090.77908583073,92884.57529352384,90067.30281134802,94017.47265625,89210.61193691671,98855.3413776506,94933.85996921663
915,173733.0,159691.40917216823,162687.7942488854,163046.22365660858,165090.9453125,168544.66224861267,185413.19062887147,165573.92964046984
233,94500.0,91141.30143019409,94748.72521514382,94079.46373921106,94672.35546875,95909.04304783797,99861.04484045536,93386.0544636299
445,210000.0,216156.44379282073,216342.0109529695,216792.06821366976,216338.171875,217327.54592158843,213673.57936945924,215875.9514167498
396,129000.0,131400.3294654006,131076.96341155472,131467.13358482046,131574.255859375,134114.80026504764,134471.60705093874,132337.8129258325
612,148000.0,156379.02259346086,157202.58122030486,160077.73491552728,156305.78515625,162899.8413431704,159110.89994553835,157795.36816118468
177,211000.0,217106.89369935804,221408.70460659044,218240.75090943888,221097.84765625,225184.23654717393,211995.85991606655,217333.27374644615
19,159000.0,158699.97114958405,156819.41490690608,158803.3289525293,157592.72265625,157002.9548197107,152867.20427192276,157410.0832287383
1278,197900.0,188993.36110147252,185228.4772001119,189267.03995391366,189463.7734375,198067.29088888876,194248.34605105565,191225.6994418465
1030,118000.0,115807.14847928534,115176.51933695504,114920.3120895148,117719.546875,120767.56653192111,117779.8873215052,116865.60801276
342,82000.0,87380.32729674854,86068.08670895691,81855.87122611424,81599.67578125,75116.31767042779,88884.8194377285,85911.35879288931
1098,170000.0,161245.8714162053,162574.26915073663,162942.8406900157,153746.12109375,153012.45488848136,170636.23938952078,161767.10228911252
880,136500.0,128958.63933269105,128784.19172872162,126994.33577029404,129355.94140625,137874.4555440601,128789.1482949871,130192.8173654647
596,319000.0,331384.61337239336,332522.84360998473,335899.8204965473,311904.5625,361934.489084605,324172.3301219286,334420.64927223074
62,101000.0,99680.28432082522,98511.90816080006,99581.84865758997,96847.875,104565.2525176207,104587.25696687968,101255.8396910107
1228,147000.0,143401.15285674355,146769.36845903032,141659.71034792875,144317.81640625,148162.75410149962,137722.90154512945,143055.18222021396
273,290000.0,285732.49335336615,291623.16642358445,289238.2810890387,293794.578125,310496.94756397133,289881.2543560656,289991.473604205
1177,119500.0,134388.47961346566,131821.20892225992,134773.24644449272,133213.19921875,133179.05251999796,127603.69477010476,132996.5087498618
873,116000.0,121363.66037439162,120917.56366013904,123337.72833215719,122909.220703125,119331.04773268459,132235.173899987,123030.86770957382
1091,92900.0,87845.46259757217,87423.9406552402,86943.45730763365,84950.341796875,89570.78014725616,82647.55626707332,87155.21230993091
1371,105000.0,108939.13258285983,109342.01044000048,105901.79652454497,109168.716796875,115569.60970636166,114480.35306717404,110876.3658683529
279,415298.0,392058.0496351781,385976.05086773343,386304.2776621044,379027.0546875,390151.5989807345,396035.1938625531,392503.0213499564
1129,215000.0,208985.32525623843,209471.1963285276,211477.9906866328,208010.01953125,207895.1946262066,210632.0105349315,209126.89454650535
695,141500.0,133386.03016021184,135696.21932783263,135116.63384092608,136885.01171875,130130.7816394272,125784.63540996246,131556.98095948453
369,132000.0,139622.6722606541,137052.5140294114,139830.00718550658,139611.8984375,141108.0091782664,146346.80575239734,141042.86987956899
1346,108500.0,91936.74298748691,91191.27430343909,91063.69722392384,91753.349609375,91255.69691985862,92214.65671757978,91890.12988861049
37,145000.0,146884.48869779246,149417.46856605378,149763.442421621,151366.71484375,160218.2580219714,142865.46832840628,148052.89433572418
736,163000.0,160085.22247524554,163568.43628953514,164596.43728588772,171675.27734375,175239.4749688702,168905.53922599083,163821.3425448656
1412,140000.0,150972.6808108208,147356.7141322132,150500.86970060423,146805.85546875,145357.6004508845,139334.774956103,148082.82969361497
663,110000.0,127718.71236347644,128950.47156875618,127699.546097164,138095.052734375,149154.18898084655,131723.75491136638,131479.64175914854
1286,132500.0,123536.6280098106,123713.06922941362,123695.4764025304,124998.24609375,131993.76447967836,119380.80562393878,123988.69948283263
1317,295493.0,286507.40023552376,282999.54071402084,282965.57119812915,276615.1640625,266033.1977780136,287096.3328880787,283709.1684889776
978,199900.0,194879.72079381466,197716.78688975546,193590.54060042405,196060.3515625,191348.967784116,186590.3460308253,192887.84156988002
548,129500.0,130196.82078590589,129695.29011261143,129980.51367764796,125884.12109375,130490.94734629118,124458.6757447356,129206.38704079806
1162,224000.0,192838.23700600842,190138.72583222575,192092.11963284743,190418.84765625,218653.2597462391,201149.88661669215,197995.0387786363
689,392000.0,217602.5026068309,222575.58573079648,222371.12765179586,215749.52734375,253484.7394680479,227194.542527758,224417.6013902747
739,179000.0,145105.23336324166,145167.75933997217,144433.97558150426,144246.07421875,150436.28332081015,151746.02614557502,147055.93578195505
192,184000.0,174798.75161173483,172883.75542068467,173550.54916872195,177423.0078125,176761.94947794994,176787.85904196883,175435.01427868084
920,176500.0,174224.7525186587,175120.82883484804,174535.05643362785,176359.6484375,180168.04903322732,169152.0835460009,174155.3293248553
457,98000.0,90689.32877900227,92468.57658457426,90905.45862148164,85475.89453125,94983.94871795845,105233.68749700462,93914.67988567427
869,169000.0,164977.58150945415,166849.74985432514,165667.2819963963,169784.16015625,155226.3058299611,152483.92600661734,161347.10233535297
394,100000.0,73471.99249918447,75262.03379788285,73619.66443677578,75286.244140625,73310.40058383426,91958.99955774794,76774.43905163418
676,148500.0,144534.5342239811,147613.48050172126,144410.77799953034,148666.40625,150734.97541861373,144957.95449760562,145490.19992227227
761,127500.0,125413.382888346,126923.67387657035,124355.22754960478,123502.693359375,124535.86022129693,126933.66269481136,125562.37228761899
1437,120500.0,112954.76699428358,111267.10363326644,112072.55285166006,115603.8515625,116277.90126708444,117512.31588485723,114245.93085631006
729,110000.0,124959.49664272639,127322.9069614979,126702.95350689918,130343.60546875,137365.79757328052,153496.4581235021,131852.38288222792
420,142000.0,141309.76389382262,139685.01451708254,140607.48315810462,139988.6171875,139719.30761029222,133540.09525683074,139686.588995083
376,61000.0,61719.384008553854,60207.00909538721,59453.65074952673,66848.3798828125,57228.47958043344,86068.08771983912,65462.11666385239
413,222000.0,264471.39182201715,269608.39423855173,269670.90119506646,253671.66796875,298866.0117433409,251763.58869568456,267064.2743379015
75,107400.0,105943.05227781172,107115.83783359306,106728.6587663738,103367.560546875,100988.98640267584,118650.3339582924,107526.07611091147
1367,193000.0,209847.38012997646,208709.0343755923,207980.46666378697,205960.05859375,198992.39398909966,206556.21414986657,207715.6513265152
1142,197500.0,177950.16449509148,182556.093422851,183245.37417585374,178125.40234375,188573.36366314825,190467.8918927411,181708.65175174086
501,113000.0,108045.34574449077,110886.55475585088,109123.25430395856,112131.388671875,109719.5456363906,111586.90435550622,108919.86404668941
826,385000.0,396366.37021912774,392829.4257078035,401340.00888628466,386804.3984375,425789.53143488645,419690.19364037714,404735.29769909964
196,148500.0,153248.73714687,149515.07219975055,150836.39147310506,151167.19140625,151333.44882622024,144809.62728568065,151459.07003270581
1460,147500.0,144163.14244396877,141978.84290919593,145676.16281324363,142542.078125,152768.50835806632,158579.63757318736,147976.95242792802
617,183200.0,188867.0222260757,188315.83255595563,187469.86503008066,187982.8125,184217.101553136,190615.070352124,188521.88525906857
115,259500.0,227565.04372504368,224590.17037262864,225274.49354799266,219083.2734375,238991.5017693697,216561.00958279928,227206.47063935152
418,239000.0,255384.2060151337,250040.87311562937,253056.35957043857,250780.61328125,266987.76044597063,230103.56223151027,252482.73476143088
602,141000.0,127549.30162037112,129952.17891314224,128271.77475672748,132685.59765625,133270.07868525022,138720.41528424167,130370.18062441425
970,140000.0,123071.06840818911,125105.70620216841,125289.46815450888,125908.458984375,136168.13226057938,124229.66506815172,125137.22719751396
922,145900.0,164560.95042440848,165183.7978240961,168360.66785868435,154802.87890625,163980.09749030086,181501.4498410544,167525.7473298996
605,221000.0,220406.98881415778,219737.66110660898,224606.2718715911,221120.20703125,221388.89356390055,217505.80177240004,220024.4135353576
1449,112000.0,101396.73757630617,104784.76258991216,102194.13940989459,103432.84375,106540.74567724613,109019.05495248071,103497.461661585
90,123600.0,115439.02722048413,118611.74439247749,116985.43340569313,119003.337890625,111549.43271358895,124397.26681138547,116498.67873506412
849,240000.0,210536.5799151506,218280.60377503352,213729.2314409723,217215.0078125,235466.63971530244,220077.3845396526,215788.94937755787
1115,117000.0,116055.71923374163,118002.90413602885,117541.6938759272,117592.9609375,119565.02724417769,120871.75577022928,117419.78664530702
1396,281213.0,286676.64225834614,289940.3924084455,294233.5062592168,293373.2734375,294673.05891550356,294651.6236873653,289245.4024704736
754,275500.0,271705.20020310045,276095.3564591091,274974.78292928555,275124.0625,261357.63396008813,261042.61879269872,268319.5062525918
499,130000.0,129437.60949650749,131227.7582293716,129710.3106714853,128253.958984375,136981.44472671338,136154.73286709687,131715.91483520827
12,345000.0,359180.58608648594,353660.85047659616,350417.24478049844,345975.0,403871.82929062773,345371.1945363773,363035.8455532716
397,123000.0,121777.16278182472,123954.9448001676,124158.65499038946,121420.228515625,129890.20032342001,129668.76557741936,124347.46729293208
285,179200.0,183933.92041196144,187288.1287707629,186425.98138368715,185153.40234375,178904.87419638014,192927.9233905509,184838.37918746757
691,141000.0,150429.54122792682,150975.76608879014,151670.75136566765,146083.57421875,149569.692781756,150063.5566442714,150241.74406890318
1198,144000.0,157799.30652162214,155819.41988331423,154029.8301672736,152774.85546875,134590.61620176636,156630.15366625966,154296.96363711354
1368,127000.0,138231.6415008267,136583.56854987366,135667.24376452964,138009.57421875,132839.0320544277,126847.33314984446,135418.96289306786
690,194700.0,190635.38529002323,187269.13532681065,191306.97985095554,179033.0625,183521.2654325583,177099.51797971356,187191.5050915942
852,215000.0,211223.95212065493,202633.2083641778,205233.1239762587,199266.28515625,194454.0832232613,208343.53577539907,208327.10978958104
160,320000.0,272368.4160772952,261154.66703809908,277562.4757690282,264082.4609375,339472.72813536884,298420.95545557525,286573.062805468
896,140000.0,170584.05810197856,167465.32760818367,166805.6554814938,169585.06640625,164588.01882547466,160160.57800844256,167858.61576867124
1193,125000.0,128750.43939580515,129637.41054529816,126265.24217317134,126991.37109375,118391.31587859362,126469.42688359608,126870.74860057418
258,220000.0,218298.84755243539,221335.21221297467,222451.20154171804,225859.52734375,246352.42940632137,237908.3406933984,225805.38821384677
336,228950.0,220773.23542721037,223241.7060828536,217466.6980747686,217364.4765625,285849.14483001264,243202.33277065028,234038.39304800052
1372,165500.0,184003.3245525049,179070.0620124969,182710.93498079543,179106.4296875,168176.90828621504,180873.61512289304,181195.4645869563
1040,80000.0,77678.8572568536,76557.23763637544,76286.29978123472,76683.6328125,77402.501755187,83996.01351048697,78775.96192085969
516,402861.0,412866.069251118,408569.64594899595,416988.44225882925,409287.1875,410303.442495823,426115.2989723386,414885.79056021606
1016,227000.0,212416.75974219,215085.43605506208,217267.61514868663,211773.07421875,212951.97053085756,219096.82383291365,213694.25954237639
769,216837.0,211608.2815642344,198872.3161936811,195919.37288680067,222035.3984375,229246.191308641,223692.4053679316,216283.77672612568
1293,107500.0,102298.51728740538,106676.68260409623,103217.13893070434,105945.634765625,128310.20191162603,125291.72117566166,110124.0728232513
762,100000.0,115552.84894045748,113843.44482412825,113720.21219141304,114457.921875,113264.94290847937,103020.8084332022,112974.1081012892
1075,194000.0,188214.53097855384,186729.7576109336,188735.4423180326,187174.6015625,185521.30679034558,187748.1716862805,187748.62334719478
522,150000.0,150819.9082025491,153360.62539786953,151545.33128559886,152159.51953125,153996.5058705277,144135.5637692811,150068.1405419104
23,230000.0,219806.03044466864,218859.23299100826,219884.3930554137,240611.5546875,232167.55964861257,239206.90793124732,225049.204428235
357,173000.0,167021.6058557474,168103.4338787443,163693.80811652853,165952.8671875,176467.44416390255,172689.79876923986,169381.02378703098
1452,287090.0,258255.3657690785,257587.27328007686,254871.4237076253,257852.41796875,245173.07683780516,257319.01457753507,256231.27934110086
341,202900.0,224295.64918475188,221327.1173123312,225877.7511999925,221461.5390625,216627.20552887156,222247.73689516244,222839.54742838602
432,79900.0,107265.3450331042,105641.41368168632,107299.81828411228,104705.3203125,117493.67131651312,106767.85767554442,108626.6976260673
474,440000.0,355880.94380751194,363740.9357817246,367685.920259667,356070.90625,347337.034708441,351156.5911235037,353819.234309446
218,107000.0,97885.44485360912,101453.33088981408,100701.84262015056,101503.68359375,95877.07763982934,95060.64877904936,97092.45486134387
912,143500.0,150576.45287310152,150998.90829391484,147354.38910691295,147782.7421875,151348.191138709,156700.0007044226,151787.39907185727
1173,171900.0,161408.9339677033,159425.96961855656,161058.4308278511,156435.66796875,163015.6545897264,162118.96812565194,161764.55756823288
1012,100000.0,111752.58084053785,107534.00828516406,110603.15792713952,107720.787109375,103980.56190528121,96384.27813173186,107885.76982004786
1421,179900.0,175389.40025297742,171209.2067654799,169550.43504560136,171792.9140625,170952.6129825706,160961.30554199856,172164.79649457498
94,133900.0,189890.32596385034,198494.24897459513,199646.29958376713,197681.91796875,173706.27912847704,182450.88616459328,186256.5210750523
1009,240000.0,224143.85504774062,228666.71029782842,222928.0802403049,238482.30078125,239729.1737303517,236242.1904678256,228530.7564266053
697,89000.0,97171.81514143926,94509.01308876959,93958.33755049545,91130.716796875,94595.08951896855,92016.70608621984,95879.03904477043
997,136500.0,130171.32948603056,128423.55290631074,132074.03408328939,130958.076171875,138438.16138562755,131008.183460681,131494.4694790551
154,235000.0,200869.298987876,197659.03213223192,197391.58413708102,195872.66796875,192350.0030810084,187676.8197463168,197287.86861387274
1308,138000.0,142427.28052634434,142167.72692953888,142076.1462203263,142269.6015625,136616.72666023026,142975.06516463548,141701.61484570208
1459,142125.0,139665.89620789696,142230.14417112034,143113.91314951587,142964.58203125,141270.42280354153,139439.752975513,139852.81281786127
790,187500.0,222840.58789906334,218905.6727098872,217833.96225856984,218195.4296875,221838.5474989437,217722.4399470192,221777.8216949352
581,181900.0,180932.29131599708,181797.95509747468,183135.42960064652,184743.90234375,176289.6091913678,180493.1163840804,180194.75232082378
704,140000.0,154572.17481157655,145598.08119074587,149004.94277614943,147601.265625,140212.81739757396,145319.0543741012,150870.95579736447
1226,145000.0,137711.28145227395,135465.11002259754,134413.01458441437,136432.1171875,139366.01951639174,138176.8749230412,138029.74709874773
488,175000.0,181813.32096153274,182286.88790312564,181974.5049988685,178965.671875,173680.43470390164,180222.5527599291,180373.56948717168
560,234000.0,196754.49916090112,193774.29589455313,194892.5177596793,188808.6328125,191710.83546803132,190311.39888426,194880.12121660353
802,109900.0,128249.45469020586,129015.80533767835,127146.81228846501,126797.4140625,126896.70393511205,119455.7118613522,126475.79087310634
513,129900.0,116173.91840683136,116861.5051733015,118058.90060669328,119785.052734375,118312.03839233222,111061.28237830108,115557.56022223362
634,139400.0,138936.2690404075,141165.76017525053,140663.45633378034,144085.62890625,139838.04247522273,135174.27747311222,138387.4895078941
1303,290000.0,313732.37431479024,311963.49546087714,314457.42335316306,320894.921875,306776.25960896665,318671.3239060944,313634.08125059074
791,160200.0,161237.31526330588,160180.2334910914,160172.26507669303,161770.64453125,171161.97736300505,168603.3442859887,163970.05188143096
117,139000.0,126242.29828388865,123688.91453028907,124403.92624946256,130173.88671875,113423.44221244297,118765.6697119546,123079.14005755339
741,132000.0,122755.33354097628,122216.21333628797,124421.52428815428,121574.716796875,105621.15160691534,118341.01085575564,119530.90233924513
831,166000.0,165460.9578606726,164637.45051241262,167130.2960694175,169955.796875,171163.45973000716,172342.5021112745,167507.65433001955
120,163990.0,171132.07025589107,171144.07780909238,171756.3812784305,170321.18359375,174344.03424798226,168663.5168264635,171143.63846384652
657,145500.0,146254.8038480661,145440.57153916045,147302.67944436104,148175.265625,147809.10982921964,151548.9793461374,147427.56937126076
636,200000.0,197623.6362938375,193115.31630034506,199688.83433421,205802.81640625,159463.46631313936,192229.344262348,191240.49752373874
370,162000.0,164963.44621410352,165036.2207677533,164008.40209501862,168356.35546875,157618.27830521268,163885.17533251777,163727.6147081241
269,120500.0,106813.50423385404,109382.13871356432,105871.226528097,107979.228515625,113668.96929635333,116512.79353581092,109530.58746462417
656,88000.0,97902.49440334401,96363.57984547337,94184.90197472669,98219.69921875,100207.16775250674,98331.63099746648,98306.59251073237
936,79900.0,77788.80381611307,83125.02225639872,83192.72717094836,83954.63671875,95100.89924674106,92366.2346609674,82866.56971632662
823,225000.0,192794.35783451676,193465.84026951835,193542.5014171622,200631.69921875,203766.9827340014,202968.51897526692,196180.85828099115
867,248900.0,276680.7618971206,274332.8285353036,273533.9768573502,268285.34375,281323.1745890243,286339.72854483046,279076.68128196016
47,239686.0,282341.7445496478,282082.10795483715,283833.3958512142,290603.0859375,298914.94738648064,282641.33645262226,284746.4625553987
1288,190000.0,176524.26593847686,174162.1006885751,175963.10967032862,171066.76171875,173602.07232596123,186515.98412696016,177907.03651285847
992,168000.0,168301.93580788551,165698.15404893644,167674.15807086058,181224.54296875,178107.86668949074,191665.47251498705,173895.39754633795
877,132250.0,139393.66219697296,138156.81721927883,133682.64061896276,147279.671875,137677.85293637635,136800.98961099988,138683.9235631739
774,114500.0,120077.2309562699,120525.4710014605,120989.22654534137,120239.55078125,112919.96101667051,111710.08865334836,117556.95934402873
5,250000.0,303398.0815042082,297798.23164605873,308126.81870456925,309764.3203125,293794.90821830987,304483.4070701956,302231.1417834749
1004,136905.0,145227.87561194407,142790.78599627392,141680.85516619644,140535.62109375,141893.70335234265,158527.9830546893,147147.30860181252
1269,381000.0,386397.32147186424,388678.70858022233,381415.575231492,376332.3515625,359125.09285180585,330224.0679798048,372424.67159616994
264,130000.0,126376.21961808331,121591.61646371767,122735.5447909369,121928.84375,124468.78991401683,118034.90664641927,124605.25851709231
1361,189000.0,192218.6897735274,189190.1083487944,186961.21554084326,179385.11328125,181411.16337424464,219088.9318637904,195519.00422536468
1335,125000.0,122716.26056539806,121973.6409678224,118302.36107998429,123363.572265625,117496.54494064683,112132.53736823564,120072.11210862375
444,172500.0,168794.0877293702,172201.51216241173,168271.31865788088,179119.23828125,188067.9975635393,198744.1919106956,176915.30142040065
1003,232000.0,245115.46907286067,245034.1205062669,246151.49658155392,242166.15625,233569.02508210152,244751.52763979745,243412.19755610276
1078,138800.0,133139.73787709212,131210.57100437512,130401.1216631105,130281.96875,131784.0753803432,140940.4337173262,134350.60112855583
838,100000.0,96270.54059427684,97355.03958650371,97173.58162252241,94991.08984375,102389.64007528278,100022.24902258882,97813.34729050875
1305,130000.0,133465.28522021422,136063.0772648622,134939.95055308196,142521.484375,142612.29392388772,153310.7239126434,138332.4608843957
305,295000.0,331375.02430220257,324689.41036698397,315509.2633012133,327523.5078125,324650.53867299214,348436.95432721986,333490.2190791939
1212,164000.0,219085.5194653758,214894.93009434792,212697.763866602,216971.890625,212633.05660795604,212928.4830389294,217062.76617703814
314,375000.0,273637.8457431583,275690.26344858663,271000.0351933007,249529.02734375,342413.33136869245,257434.15572855304,280478.6618042937
150,115000.0,113323.42274375078,111740.14361683461,112507.12967066953,113569.80859375,113196.61973134245,102507.97739154504,111359.99806109654
575,139000.0,119068.33686290214,120289.36520130027,119728.05602457075,112753.8203125,135915.37103942074,120446.3116084747,121705.87163575311
51,177000.0,178919.01653657504,176092.61233480662,181075.81677226484,176332.03515625,180822.74686840415,177019.3645487517,178847.3498054274
1141,139000.0,133172.4572918266,131920.32644924085,131177.12119232188,131318.140625,123550.55730881193,131816.40302158147,131563.71581169055
727,222000.0,226658.35072110477,230023.1512215978,227783.56833353016,225458.81640625,257091.78208678807,219899.49076164825,229759.4294898591
834,167000.0,151494.12875016892,156113.7099583593,152452.17979979314,156926.5859375,156593.145365506,155455.2836204789,152929.91600103135
1116,318000.0,326015.5886105667,318807.51541932067,318351.471271917,307407.8203125,345170.42877696734,331280.80060177564,329679.6949107507
471,212000.0,221119.8692386882,214749.98135955245,220627.92306200185,213604.9453125,192898.73887359223,219210.18178065936,216773.33163604734
972,173000.0,157466.43375128144,159791.1371054054,157601.58447577705,169786.2578125,169880.80962994724,171560.80880380317,161762.59172067512
654,135000.0,128755.61162131857,128564.69910546279,128686.9753874237,130984.94140625,130476.96555656442,130681.45861508371,129346.19086697942
400,241000.0,212810.24272613658,208216.20949828887,209679.57126549096,208188.765625,224947.2342657679,204781.62916820604,213087.6619230011
512,202665.0,186227.27277070886,187755.85957660893,189117.52609402954,185008.75,190161.23290485056,189643.2926938636,187399.74574130832
321,342643.0,366133.36637792626,367546.4050072965,350926.43191118963,384378.6171875,346330.04947690497,328931.7363872074,356632.6839085799
20,139000.0,117422.97607418521,119914.01091997419,120261.46262870522,118542.908203125,126270.16465407486,119774.524920137,119100.8940026084
685,221000.0,215462.96203200167,216101.64863998556,215473.63454806636,217092.67578125,215337.288734333,205559.32558654912,213663.7100688148
36,309000.0,308760.3466788699,314327.46257939853,314598.23982239154,317832.09375,303174.4870777563,327917.5778783553,311413.94429570966
903,180000.0,181977.20445985417,181524.13548868487,181491.88826177063,186268.28125,175193.07713161566,187930.7390159666,182085.80638691218
828,189000.0,193335.832841434,195412.39658222074,195416.21444782423,196188.79296875,198191.87603008666,198419.26034307003,194939.02532038145
1310,179200.0,172708.4963159589,174548.60710812593,175313.26041587678,175914.125,174173.21037029647,178895.8489572152,174029.21472692364
408,177000.0,155236.4848729421,154130.16517098888,154684.08714445654,159802.22265625,158497.22364478535,155171.67574087417,155687.34728788768
921,201000.0,198201.70265101388,196277.20019109588,196859.97903601482,196598.3515625,185524.9865391954,190977.1415500817,195104.04716093093
538,111250.0,110412.07065306787,111958.02625224649,109913.02837706418,121186.40625,116040.30056231693,123540.2075727328,113571.84366863698
759,179400.0,165581.26052713394,161684.1784664351,164095.51434151147,166398.6328125,162648.99878458097,160916.31677173084,164326.22229113604
1063,90000.0,119306.99525198898,119038.58943781766,119959.12253240611,125491.09375,124838.60677665687,128990.32861234547,121833.42617399752
246,241500.0,232459.4808562435,233178.71654903123,235945.56869240056,230627.65625,210461.28278606484,243898.50178943295,231396.74742366764
1128,259000.0,226099.12919524167,222496.24849184183,217988.40284757322,232010.203125,233916.3368839457,239118.1831132368,229549.7767111973
785,128000.0,133166.9326297456,127994.0748444873,132605.0393553221,129511.119140625,122248.2363539959,134866.44572343442,131923.86989061956
490,86000.0,96537.69522843775,95199.35936543177,95492.76754857675,95558.7109375,96700.79996018812,115313.58955196437,99938.16229463847
155,125000.0,110179.42690168554,110551.50778456176,110942.05578218386,117506.337890625,108409.68261404395,116409.45062418852,111049.02854704883
962,272000.0,221116.51389454826,244626.31814955853,247485.56116223594,240959.27734375,265083.48733603756,271524.0600381419,236420.12057609495
854,158000.0,166717.58894551074,167879.87722418987,167515.32433058103,173314.9609375,164004.24932942016,163863.03553055323,165819.24939968542
626,160000.0,144998.11633158114,142756.5929329897,140855.43491735155,141929.50390625,148422.97626155883,138807.6209232336,144370.3950241362
686,207500.0,210083.0749696231,210522.79157157958,209675.29239225885,202060.51171875,222169.81230046903,217461.4387521144,213124.71022456358
570,135960.0,140698.21554681758,141791.01068739162,138787.6761891572,141295.90625,145607.82569968313,132717.20568054146,139959.02842165504
1400,137450.0,157192.18397179685,153322.47416676325,155284.65030062827,155650.63671875,143318.46999402315,155949.23351331643,155000.68790203595
18,90000.0,115700.25880265208,114181.26371196476,112864.31141340296,114350.0859375,101080.42258735473,103425.75195078542,111418.6174402336
128,87000.0,87326.17439710684,90049.96999891299,88624.5564898785,85087.318359375,87726.20057550608,93329.49580513655,88462.76919513027
928,176000.0,181365.28153244712,179542.30882106797,183333.5532488831,176675.9296875,180196.24127098164,184111.8357315737,181693.4978180118
981,178400.0,166821.4422226466,169184.8787035373,167806.60685274203,166461.03515625,178601.73294058218,179494.89093826633,170772.0678339652
1432,143750.0,133039.26315608132,133355.52596030087,133836.10542827984,134130.3125,135462.03668088783,128438.55526834296,132555.3652490628
191,315000.0,266032.7487931393,270818.46543557616,279403.34747752635,271810.7734375,278322.9660320411,256253.56723147925,266017.0172667288
1140,144000.0,115575.67370660606,119334.45427981924,116321.97062008696,120319.1015625,120869.71818687832,126379.9934780595,118270.04536580911
993,187000.0,197656.19305142574,198053.36466594084,196744.9028581404,201062.6171875,195424.31696471004,193797.0633615361,196645.4476861973
1426,142000.0,140638.2512276534,143258.75215541886,142328.3259848564,143341.20703125,141517.326684721,141555.10458553035,140927.8636781018
1219,80500.0,71068.11216993246,73636.47115631434,74804.28571899167,68842.009765625,71521.62969655212,66241.10568970336,70264.17915799974
607,152000.0,148138.65882046096,153195.5611469458,150750.91575191746,149289.125,153798.29375555879,155945.02422626677,150345.6278877827
181,177000.0,168751.35329257906,171404.13273309718,170639.91273468384,167831.8984375,172763.205727657,166818.34638546687,168972.7137345948
302,267000.0,272511.4014145164,270795.23113709147,269947.257079066,268918.1953125,271416.40242192755,293925.4891723324,276207.9600516747
497,430000.0,352854.9545055986,355622.40217576234,348790.48812528135,335200.1484375,388595.0015634401,372668.457177679,361488.479469642
1259,190000.0,177057.40207006683,178045.55218319077,177531.2314270386,173748.9453125,185214.0522309958,184231.45304944043,179504.82252008995
1223,143000.0,165432.17394482563,165014.29733321452,164612.73043993054,157043.34375,160101.88926395678,147539.0727798157,161457.56064423505
1205,153500.0,149371.11475252995,150231.03388936413,148588.5095531025,151531.3203125,160777.80307724338,153300.72256649274,151695.9401598645
518,265000.0,263885.67132773885,266581.61473535764,271727.4844059239,262671.8828125,268341.6121262368,257807.5315333777,263424.4139231846
1070,135000.0,134026.29111043218,130286.44533997364,132058.89029291447,130521.166015625,132478.86503681235,127582.49032759924,132647.71155182066
477,208900.0,210610.11262017812,209557.97148113948,209749.78559624316,207715.55078125,215635.46524449764,214066.75366543463,211944.70109695895
158,269500.0,303719.3410158718,295838.0539563955,302480.3743236552,295068.625,264920.0345223306,278868.4198535796,293745.7645682819
17,149000.0,146877.49748393893,147886.75477260683,147112.66714772256,148783.45703125,150636.14216319934,147111.8144554683,147452.7910287649
1073,91500.0,108642.43183252969,105571.57141638502,104928.39097611517,111278.330078125,114638.41418760135,121045.4644297514,111723.9399389858
547,210000.0,168788.6230151786,164494.84567012868,169389.21127594338,164967.578125,186294.21632341412,157844.14719044106,169303.05896076458
659,97500.0,130788.74309820193,131221.86611644077,132786.4897757771,128413.876953125,126423.3541775778,126095.22548923864,129325.28295764458
1194,165000.0,156981.7624593423,155701.21346609844,158747.07906051743,162318.828125,167131.10281747658,163062.36217466142,159515.15080948206
1020,213490.0,201314.07619277574,198977.80227472744,199430.11855408395,193787.953125,192069.0449213053,191136.5654784026,198172.0240358746
1224,137900.0,128776.43304692555,124437.92916562532,128522.2682617603,130519.185546875,143825.68809089746,160427.83440048218,136604.42230749776
960,155000.0,164674.64349909895,165093.85035591692,163282.5281304632,168712.2421875,166547.70253607575,168762.6072473446,165675.65414095903
1374,466500.0,411807.38719224615,407710.19260527944,411789.08906789526,407241.21875,427408.56361417635,404837.1934723886,412766.5685058355
284,244600.0,242842.72476473654,241277.0977258825,247050.50724468956,236877.34375,232899.1340000429,244658.2556963984,241758.84484082408
798,110000.0,103831.23156409146,104776.1848454538,105208.06906827245,102458.390625,96538.78207328494,103023.3323038543,102651.51125742169
226,112000.0,105808.27329559534,104615.27934083805,104324.0868972223,101417.98046875,98178.80074711528,108852.41406394634,105273.63718061673
27,134800.0,134995.6371365086,134562.44987346858,135814.13115658856,137420.89453125,135109.49661149486,133479.75293664436,134739.11647221886
438,119000.0,111932.51410610243,113202.61610238874,109565.71510758807,115081.916015625,116423.18488596083,114960.18661129593,113114.09943528594
1420,223000.0,207229.26052265367,205872.08577321295,204788.50601183093,197789.0859375,230988.4731133734,223903.9608466068,213598.7670954986
230,192500.0,200118.12212383113,199226.75529235686,200165.56630493316,195515.15625,194760.43737501782,192951.028508486,198068.97283716113
38,153000.0,154550.5936515082,154712.05392793793,154962.33086084615,156869.2421875,152811.0461138115,156178.7951984469,154596.72151716446
750,98000.0,78003.99667062314,80108.17315671014,77321.51331262139,83624.408203125,85003.93426069665,88209.2018735583,80832.57472349185
1046,139600.0,135440.9021617026,133487.88758798875,136370.02887427545,134086.197265625,130701.2219222807,129250.85338141747,133655.1606726582
470,187000.0,190988.4105429876,188753.81829067814,189107.97505206862,188956.38671875,184467.5724827994,182230.2381600338,188488.0768142678
1246,178000.0,181196.45513370913,184841.1919465341,186845.89322634425,186944.16796875,194110.58649462042,193637.74710084684,185266.1511432011
1435,160000.0,161933.21079663857,165171.14006533189,160812.0794437326,168243.0234375,168867.84273862315,161552.91481690697,162848.44869172605
688,148800.0,153190.89019574138,153301.6759985381,151104.35827542224,152203.5546875,160759.6297845099,151523.83985055456,153964.61705451732
1344,177000.0,160855.4949750504,160259.59806751725,159233.28968377484,163021.91015625,173042.4236020805,161767.68088402916,162748.23212336504
640,264561.0,262847.16465683735,265386.3439934384,262316.7888897371,271032.31640625,259982.78656322585,269278.4061911356,263597.69203415245
1262,128900.0,126465.76752828299,125597.29761933093,125015.57349708065,126192.986328125,121503.31452459744,119687.51568032317,124542.62322679839
1159,235128.0,246172.84421008115,246726.42309043268,249013.48498822382,248739.22265625,227830.68298452802,248246.8753431717,243944.1656665178
1218,229456.0,264457.8550273322,259765.5370005419,260935.31767223307,258348.23046875,247980.39417927107,244621.94606805957,258552.60436417285
1329,256000.0,192810.92127615912,192425.07069187655,200578.58110277914,212784.16015625,241609.52744593305,218207.7104172088,204301.03851184668
801,200000.0,197321.41601004198,195831.05548336488,199799.68025503916,196268.1015625,208264.9411081487,200500.8900984732,199445.612953328
161,162500.0,164470.71605451056,165431.67906973272,165053.41300269414,165836.98828125,172138.54171849633,155336.17706206482,163915.27632997266
957,124000.0,126049.74056284994,122128.61952422756,126924.82603126712,130007.35546875,131247.6323664029,129259.93990010855,127364.47395601493
1187,95000.0,117338.11147680081,113502.54240080426,106960.47191438264,117169.1875,94053.83427853607,131330.1808071627,116552.18589680003
822,93000.0,95875.49628111174,95466.1338684712,94007.47170226417,88272.224609375,84111.23173185103,87841.9531621929,92761.75123764544
1238,195000.0,219052.15181649567,215635.5460371869,213662.65790723276,213864.8125,209283.18839074275,212398.6666423527,216469.66978920408
878,350000.0,321677.73786475026,324685.76318966184,325084.55875950557,330659.09375,351318.74661612406,347881.3176157229,330595.5648109949
914,145000.0,143084.21647532034,140376.82091841105,140788.68604549236,146972.26953125,142550.3491730675,148010.4487461532,143894.60059169307
153,190000.0,186564.52239603258,183734.39565372097,186072.51083076317,180053.86328125,180813.58452696155,187337.5615671413,185887.83082465242
1339,200000.0,223630.55614255992,222217.1900053822,220413.4394137761,218913.98828125,225872.9379632746,219408.0631433232,223189.1022998654
510,124500.0,147440.6214225014,146260.44833764125,144769.67764430062,142796.9921875,141509.23232432536,137875.22354325984,144878.69774031945
1136,102000.0,99628.7973310277,100481.23626822635,101690.67292994777,103112.091796875,101586.52889112192,111744.6166919973,102085.83635320638
1252,171750.0,176575.64074480085,171321.03281023318,174140.06761084875,175781.03125,197242.70780905537,189175.1396021217,181773.51078302314
104,198900.0,193915.36303988122,194196.26331316016,195862.47556588694,185661.67578125,186467.20741022026,195544.8646886073,193151.9863255757
587,130000.0,119432.12183166976,121691.92990759306,117835.82679581601,123023.580078125,120687.07001527623,132381.12758495798,121939.34460929301
1381,58500.0,69464.30397562172,67033.38380196226,68022.90384066918,71821.8125,72235.4946898713,82706.9136763096,72239.41070296956
1144,80000.0,101741.30703766804,99903.41214879388,100361.79383639168,101910.39453125,95987.85491211282,90371.13863935231,98879.98807892652
54,385000.0,338419.2473401507,336379.67761907657,343772.7669462807,336022.8046875,304097.4113749237,318260.6783661974,329924.8196357483
152,372402.0,317551.76204658835,311514.5273812376,310498.9924913952,318202.1953125,334265.32343618665,307396.4337152261,318095.8007358458
404,258000.0,246352.50665352424,250118.99618486944,247294.97570207436,254642.80078125,259093.33983890686,261677.3279696517,250916.29867805436
1417,122500.0,120942.71969007718,123125.98246499627,123425.25698278482,127418.64453125,120976.7143449485,139620.3883341974,124307.20468115344
208,141000.0,127256.52699263874,130712.47291735481,129714.20447301117,130855.6953125,130627.64419375989,137480.2668258511,129573.70836508732
1382,237500.0,219044.0718397305,224088.20582033327,224177.01362376404,231807.96875,220487.2683641314,211626.79092698923,217914.5919831395
1123,112000.0,85538.75042844753,86601.91498164662,87775.10187651838,85813.9765625,91894.32944610859,87219.9583799176,86742.66740434448
9,129900.0,136909.7990521735,139307.49699418238,134059.85039190596,140303.3828125,117299.69401537302,138230.73299633653,134365.80475679436
1015,119200.0,111180.80068365342,111767.12552240338,115426.6714162761,114652.95703125,111758.32968958524,119419.74660390438,112744.70843673058
1309,147000.0,140275.2502621211,142663.93025664438,139218.8698309993,137528.56640625,142190.70888134436,130313.8564545354,138755.13382619628
1061,213500.0,209142.5728923138,211672.1553320332,213012.24958751988,209093.59765625,213170.0066965751,214022.3202580596,210591.59398545374
453,204000.0,198565.00391998992,200361.75101243256,199937.40638874914,196828.33203125,204278.71407275612,191329.94806208604,198074.0536600488
254,158000.0,160144.87287104892,163497.00834724598,163418.09319026617,163029.23046875,176420.01958640636,171858.30662899656,164560.38847429748
897,106500.0,96650.36478041018,98633.40413150254,96946.59033117039,98541.755859375,93000.18075561337,100201.16851968617,96771.30796188
1379,83000.0,94310.09024251712,94562.59563227318,94477.67466301718,92771.353515625,92396.2608374741,98818.65810743706,94849.6056381431
881,157000.0,160911.22168778957,161043.2649682448,160548.41608120676,154630.625,155959.39681416508,163919.32814886182,160749.91523527476
1378,117000.0,132075.43844160571,133580.07334471444,132144.89430626517,131704.755859375,128662.79111165402,129967.5063349636,131212.20468217882
624,168500.0,172022.71610400168,172537.98014393554,171460.68955420505,169571.1796875,174059.93633751106,159255.9053762312,170015.24398694385
346,140200.0,133911.96800423245,135886.7410208077,135958.59894057023,134526.25,130112.1622142895,131930.7918229224,133016.6180304322
1254,294000.0,253579.65237389883,253922.5924361981,251265.30648473243,261429.70703125,267603.7509613065,254354.7898532598,255708.3314783173
263,151000.0,159867.72684103687,155677.70406698238,157220.4364260367,153539.41796875,160233.07002053334,154623.64660738598,158976.26519540284
151,122000.0,140785.67965629094,141605.933440901,141328.95905564475,137069.984375,140278.81391625304,135724.44708512427,139803.38928886814
473,148000.0,138749.70120344212,135701.49249140205,137087.17225625526,131241.38671875,138476.9927744366,133781.73151672335,137817.40066568417
641,274000.0,281450.0869339049,285258.6796428692,280670.33370437677,275868.875,289454.4770538693,266680.9288350926,279928.85489819583
1447,157900.0,149647.36989864774,144577.97296134222,149154.3398720829,147489.49609375,140897.6330898783,143972.3786647027,147385.46774278107
1375,250000.0,240967.8172527683,243986.37898030024,246186.74403870373,236546.67578125,262082.0131531681,238853.9416282573,243582.52843764142
551,140000.0,134460.64273334993,136487.83633323785,136005.69428617583,138977.7265625,137911.46544402296,131274.38165379496,134376.99356394046
929,236500.0,252351.13897926855,252254.7101107392,257018.7751153391,251630.3671875,233362.16810139187,266162.81064349,252142.03262022196
489,160000.0,117716.84012996679,114984.03258230822,111478.3333605012,123344.68359375,117865.55357467922,134091.6993449098,120683.37743910587
1322,72500.0,78042.51720913606,74735.78830789181,73875.52407133147,82329.4921875,91323.64086686322,78383.83426767545,79987.77506307363
1172,163000.0,165300.5750946717,168301.7940232353,165594.1573362412,165587.36328125,165582.42277687805,155513.84242853604,163580.15618670775
147,105000.0,107401.22120935767,104351.80352601172,106901.07449844563,110422.517578125,118146.35498413135,109968.73548403724,109387.20046284137
403,108000.0,101261.11217187853,103140.01830141421,104117.72953966644,96094.099609375,113656.22478640499,108585.78267605066,104336.83084038657
955,127500.0,133848.76429647946,133276.99995480193,131715.80877257165,130558.951171875,133822.30213761216,127649.00499895297,132729.8232991323
1405,105000.0,100082.09890035428,100353.23426485404,101344.2547902785,100862.857421875,103369.37730784157,119268.25161562944,103999.51049594441
660,167000.0,153336.1234030469,154247.88359962474,155177.52762103133,155459.39453125,157535.1303870545,163121.43233118363,155691.8737687859
464,188700.0,177407.62233708988,179265.0662792771,178681.28453490185,180362.39453125,183714.0547315808,169420.3898765422,176865.4483935046
187,173000.0,179057.25382105669,177738.5199533151,179401.04541586834,183493.3671875,180027.27898447515,175987.69339121535,178642.70716068102
1148,174500.0,187157.91117768243,182049.7493869072,184285.61160202333,176451.546875,172036.97407754973,166786.5515964009,181348.7621661892
1225,184000.0,192532.44630944653,200086.11999814035,194107.40201029438,194279.08984375,194565.7367996769,205193.2502125048,195098.23260150838
609,359100.0,377359.43981453433,364397.4686660377,373509.67901813146,350865.015625,306661.642610859,299427.56861614896,353313.23155710206
144,204000.0,213880.13147927512,214771.27340267733,213563.6801070962,215603.9296875,214621.84040227268,211025.2853495716,213471.82119927206
752,162000.0,160327.8752141821,161907.03957790244,160043.6943807833,162561.61328125,163320.75990937187,168150.4420500004,162159.49291022177
982,336000.0,331504.14066220546,327609.6073500044,326820.4154287498,329402.859375,320594.37012257066,338501.2804409595,331215.25952124357
198,235000.0,298913.70464096684,319407.1508389374,302448.57328006986,309089.9609375,280557.61966518185,291167.7746591442,294916.6764447066
884,118500.0,128911.06470827489,129411.68300510745,125253.52617349001,121515.57421875,130268.68614279406,132944.7530591698,129829.20018258653
280,192000.0,207229.2359294881,209721.3801640314,208574.60117614997,207749.265625,201193.06572749466,202295.54613733108,205485.58235341217
294,235000.0,248612.98077423518,246695.55879700836,249964.63570067665,235888.390625,229042.84278589638,245443.94749768305,245267.0185827261
1330,176500.0,180452.76018419187,182193.81983133242,182354.38231574674,184078.13671875,180407.46607918714,189674.01191967947,182105.01666434543
401,245500.0,222258.79531674524,217477.94510184132,220688.2240525345,235702.25390625,247099.62462436265,234632.11344561755,228008.00886578014
123,136000.0,135724.15491077898,134205.95768205568,135637.4802898294,134633.564453125,133751.40892902366,137752.39043701557,135809.1611894424
1208,200000.0,214945.39821133632,214281.6743825034,214748.34111604517,204567.8203125,213251.60614343974,206749.95823599547,213230.97961620474
203,112000.0,118328.09138370419,117955.14124139935,117194.29880318325,120073.3359375,112465.79952155451,111191.74443022088,116212.89660391866
836,128000.0,130956.50108939069,135794.43732253124,132658.08974632234,133304.546875,132408.02430617687,139014.47450800132,132611.8280954926
247,137000.0,137395.9121816853,136612.57049257238,135073.53638089373,143039.92578125,127498.44555134146,139507.91982512746,136371.9037672547
1387,250000.0,257886.92710070242,267666.1025876794,271496.4926051353,266359.140625,295659.67944721575,305975.88628066634,271894.8555045173
1373,274300.0,258551.18976213405,259381.09850076167,261215.43744098622,255620.9921875,247763.087212654,250824.378756364,255631.08229926758
1154,120500.0,119993.98169284101,117944.92147100283,117811.35703702754,121832.046875,125397.79438826401,119523.28190726924,120675.8188159772
385,240000.0,251092.56938331455,244561.5076650572,241552.86285754,244740.6953125,272838.8058398599,248776.29522770343,253760.52583900388
1289,278000.0,261086.91447846644,256201.91826675582,250888.52152237372,253365.87890625,262719.9090752903,256564.72333894472,260505.1135249164
855,170000.0,167913.81943946477,156947.20527202426,168075.38566402422,167964.73046875,173679.9728940894,195682.9214189963,173726.71344584797
220,167240.0,176073.90593269106,174029.11384996935,175907.23430804347,175032.34375,172841.10275106912,175746.76711058602,175556.50404336507
642,226000.0,240948.66823288723,240738.4293473529,239158.68453535668,241083.375,253663.50336334103,234479.7882603036,241588.61027613428
2,181500.0,180244.41305003891,179462.89286743914,182760.09667533048,177057.89453125,188335.67982705648,179161.55486664205,181197.33997052262
113,383970.0,326725.5779725937,330543.9004696323,329878.48875028885,336786.5625,369714.437902375,322429.5964003623,332050.59607411467
699,138500.0,139132.5038585977,131588.05966070518,132033.56368007942,138883.890625,138517.43069790292,142628.3358894146,139674.07474370976
1394,163000.0,149647.67737832863,146630.6873361793,148373.99381706712,148864.0390625,135977.54867779385,148760.66547097213,147549.08367293837
952,119900.0,117203.68084846044,121705.19448493807,117644.7319294049,120180.310546875,121278.50095152401,117503.0437270499,117835.52254036289
1284,139000.0,146749.99257575866,145369.34241161286,143111.83737027927,149556.44921875,137250.81230378462,141307.30710122135,144423.57170525801
1319,275000.0,258899.13856634195,258941.67856341007,261090.5328172383,270427.5546875,256005.10588756288,272630.6406599862,260958.60074009185
442,118000.0,112170.64390964778,109001.22316880603,108318.90710312495,108869.33203125,111763.97416705462,108916.58703741687,111527.63326881736
1137,119000.0,120796.98181621611,121883.22032319577,119947.09286664469,119760.6953125,123374.89808862998,115258.85595327136,120166.47122739707
1257,301500.0,327831.9554328463,333739.7488979097,333551.24373374274,322562.6484375,310950.91066080274,360170.03318772704,331254.30271411594
664,137500.0,143489.86640810742,143547.96717701084,144313.44740609388,141162.5,141942.20909198493,151245.92599713657,144665.46713621396
1434,186500.0,184914.12560571096,187627.582087807,188087.0234834608,184644.1015625,191641.96754851076,189064.17538386225,186614.93149545114
1258,99900.0,88228.49475952142,87322.81787648791,86593.64128510127,86107.310546875,92148.80280771085,86368.31661758978,88449.97021504348
1297,155000.0,146898.5314971805,146042.70736321513,145095.88323821244,147514.98046875,143792.2443560944,151249.92154726724,147240.6300270202
318,270000.0,268048.96941578994,268252.48004112835,273057.3801865795,260345.6875,254430.10134019842,273724.86658730515,267138.1561547477
649,155000.0,165982.61506035287,164588.35873962776,165062.64604971622,161365.38671875,170141.5987342481,149592.7923005368,163624.41216332585
710,109900.0,116349.606911317,116734.6252557412,116357.13028904374,112752.451171875,114026.36999748409,114100.16430611552,115615.44641584491
1283,150500.0,149547.65424682116,151913.4035660036,149050.5884120118,153179.2265625,157959.2734268036,152451.7136115631,151263.17210664105
973,99500.0,123845.65047602874,123094.68422274824,122416.25056630796,124012.091796875,119545.33152038752,125118.23289310052,123464.57798459906
628,153000.0,159721.40062660485,159815.1206204777,159163.10508195893,160754.125,161011.36102954674,168637.30024008692,161508.13100127596
633,82500.0,172473.6090854217,170255.14455546238,170969.98185353738,180068.19140625,172852.32982998062,172889.3872566092,172602.11727574345
1249,129500.0,136728.9625427985,140494.1953402444,139150.47660974352,146117.1875,139209.72114335472,142032.6210937317,138034.84666040336
1424,274970.0,197215.46979933738,187636.27906330198,186798.0698571181,196548.3828125,219672.3965966304,212326.603901076,203119.00550542405
1255,165400.0,183967.1624059045,182702.71441467592,183922.65851262124,180715.69921875,194233.849070845,185712.7701939675,185737.43505832032
1349,215000.0,249651.2115045575,241932.1340545818,241383.86455951803,256616.07421875,220806.61258626726,244763.75371809045,244680.60869772913
796,171000.0,165271.1611890016,164050.47366757184,161504.38020394137,164367.140625,170266.0916431416,157025.9543989207,164496.5536684377
646,143250.0,126891.08908303741,126122.74877518138,128647.53615976973,126945.62109375,138357.2357573876,134500.56138579408,129886.26741602263
1013,165000.0,157662.38046143032,165147.84611695103,160506.05135892893,157836.2265625,158343.2387962008,155181.9185831333,157312.78153523267
557,141000.0,145477.19988069325,146547.9866408396,146612.20837384512,146819.94921875,139938.7107036868,149428.98339495866,145402.42272266417
682,159434.0,111404.09842456164,111913.53674797206,113535.75715033701,109523.638671875,114570.69330965573,117414.54645764576,112934.39951600877
578,164500.0,153480.62940706642,157053.05357615213,159818.83403793472,159213.76953125,158995.76978243224,158938.43895039006,155244.65395078162
1110,280000.0,317204.9436682295,315340.82791760645,319843.1900527572,319154.78125,325997.1030278522,334917.1373404382,321638.06623838854
1267,122000.0,137176.80500326387,135916.3665551288,141072.68758051592,135082.236328125,123495.78153101867,144019.186437204,136466.9977412376
1184,120000.0,144917.03554233676,145284.7445239148,143046.5306381341,145682.63671875,141548.54554101528,144342.83446054114,144335.94658047237
525,315750.0,284548.75779096794,282993.9993261331,285510.41467488033,281794.296875,295989.26134010893,287057.0020394985,286622.7106313651
1060,220000.0,182746.29264112373,188838.44491687257,185176.51748372542,182656.74609375,185417.4105516864,170665.02545713366,180952.04862482054
541,315000.0,361410.77965945925,366214.54566671647,374173.3362559612,353788.9140625,351584.9519085373,347351.56969584426,357488.1200704658
1195,158000.0,146877.32361303063,146328.01039790493,148171.5390376199,143050.38671875,148579.44014507835,137216.55578534596,145381.02101194212
749,260400.0,233908.9458556083,234828.73017483926,231495.1250066409,232663.92578125,237564.01089411,244328.2327953352,236301.57807252242
1352,171000.0,167904.69556647213,167558.57229016413,163444.14867928764,169587.92578125,168939.331686763,161127.3452475318,166832.37150392507
485,132500.0,130470.65717646622,130565.51471560451,130242.45599589002,133954.48046875,133692.0677652535,136879.20360567616,132080.34192941175
96,185000.0,178064.1150454119,176515.7295229402,176517.679399509,177555.74609375,183510.5574821945,180129.2679171668,179208.13784565753
1021,176000.0,157989.5405372127,159628.97630990366,158156.35849023634,153549.4765625,161288.38727216818,160361.78810090796,158884.17622145553
564,185000.0,174079.71338321685,172149.8820334662,166321.70954301962,168385.39453125,165426.98206677625,167825.56567332652,171727.39467747248
1265,181000.0,170905.91683570825,167500.82029424133,164708.3932116182,169825.19140625,162994.5390649837,170501.33286643538,169710.95126015387
743,179000.0,172665.015632673,173738.03738804505,175342.66058025253,172563.92578125,169155.01729262836,170764.4564484657,171825.27450073056
864,132500.0,146559.20900257488,144501.3621673892,146127.0006710109,146477.765625,141173.00227514765,128812.69015030908,142603.03006005287
892,172500.0,161721.1209685709,165051.25147664323,165308.61163636768,165956.50390625,161121.35694083176,161024.75022090372,161510.787007451
1039,97000.0,107389.35239210115,108347.18863225917,109541.21382762378,111303.08203125,97494.46360664468,108151.89079752992,106122.97259857759
207,143900.0,137287.34158007667,133530.25152825407,134539.38813013455,126983.89453125,132611.44157515152,139809.00191043384,137077.67378507816
393,106500.0,109169.59946708521,110160.26051337368,110780.54503359257,113335.697265625,107231.21654917758,111011.16601651994,109225.90272432505
795,194500.0,197349.09347583368,199104.44211060845,198408.66742502977,201303.25390625,195198.1738943578,198407.01641038453,197234.2908118411
871,109500.0,102061.61222850307,100496.57048958016,101621.86377343288,96675.279296875,105359.99442637133,98416.5295077632,101873.80914061118
398,169500.0,147268.64310231985,148093.8339174062,152077.16098504662,150088.09765625,153183.9348629166,147840.29748691,148210.5254816141
767,196500.0,187764.31543412467,189391.15802479978,190028.20282306866,188500.125,190520.360926092,184718.257368714,187607.33462542208
1342,155000.0,157298.2762030512,156012.99595641694,155764.34402479645,156079.0546875,158930.3441313783,152836.65617621312,156727.23909127124
1242,248328.0,217319.09967075696,223326.6397223203,219324.4554779572,224323.79296875,235306.40287181264,243485.462884147,224577.21051136267
1029,105000.0,128960.5663754644,126186.79597143718,126324.44663770415,130793.1796875,123292.9529724885,121929.12272215988,126891.8553718272
643,345000.0,386075.820938579,406022.49087381666,387713.48353387887,414770.2734375,347937.3080584037,362725.8780932372,376465.9647381859
613,261500.0,262713.8734669983,257946.75421600707,256325.28199048707,258368.015625,262910.2573732505,269534.7201188939,263968.6357074037
961,116500.0,130299.99506883882,129850.7183622101,128747.00012035205,129777.697265625,109697.66580662141,119186.74990814194,125378.64904019586
726,120500.0,108489.95381886796,110721.34914505728,108756.03813150263,112320.765625,116558.64682725791,119711.21406112309,111652.89350161632
684,285000.0,262404.9346949244,267736.5748161938,266663.7243924712,274127.1796875,270233.7002687596,282766.97776869533,267178.0486428335
99,83000.0,80282.00245372875,78627.97067445912,77979.78666736359,78682.080078125,80939.15586960874,82255.45432207077,80730.19297588531
805,118000.0,111127.12762678682,113085.10695880205,114157.77190761584,112909.744140625,108775.37074002583,112774.43476496356,111089.8531944163
407,115000.0,126532.49477031075,126080.07017185658,126375.7405095494,121638.8671875,116404.0959049101,117162.25298254722,123410.34944311695
503,140000.0,137778.33358358653,136631.00329236928,137287.8960227124,139338.82421875,135360.2124506063,130229.49758812143,136077.4809072985
1072,154000.0,155188.78067868683,154046.3138097108,155693.89254872437,153521.58203125,157217.06245348646,147276.61533679458,154053.27453711937
1057,185850.0,209955.32398946228,207160.5498468165,208480.79719564266,203007.73828125,214991.99936118582,206234.6809003232,210000.49788610026
930,222000.0,241507.25370281242,239290.0683500067,238301.0958726816,230245.09375,222391.18864269188,227767.72981678968,236324.3227323898
780,135000.0,149968.60839497254,145066.97729953413,146680.75706048077,147230.44921875,142502.52151761905,140610.3279631456,147226.25070181687
201,140000.0,142418.2754513671,140531.61328910245,144073.13909795522,138003.35546875,134303.2655583711,139028.03638369995,140657.37815766325
135,180000.0,172392.018584022,173857.50116330435,169850.1950790831,167166.05859375,176057.0896432897,170774.3595714268,172620.91326150167
1052,200141.0,186818.73419088902,190314.91077737894,186629.6630377088,192287.59375,198585.15408691842,192835.78426657512,189570.06639878923
41,160000.0,142953.60121138566,142035.2725072429,142198.87270267238,141552.97265625,146114.91901316523,145225.5869220752,143810.6943878532
1018,187500.0,188648.04734795715,186014.59018654167,187549.9350080552,187082.3046875,179605.53049613006,202465.019329032,189850.75076641908
231,148000.0,138453.01051770823,138762.82119276215,138304.69495053316,136915.52734375,133820.37968855276,135186.32663420995,137208.29644849562
379,394432.0,368161.4674173712,361110.5563311009,357478.6434949034,359485.7109375,371294.13066686725,348030.03126233106,364984.6597455529
289,122000.0,115075.09130667534,116510.11962920075,115630.42162731045,111495.05859375,110733.70690525658,112331.67490740312,113965.81235930999
419,126000.0,109309.32091116149,113267.06841625534,111623.94523553786,112680.515625,116137.57218793716,111543.91146737752,110679.82437056964
392,215000.0,208615.48188670786,208628.98989222723,211612.82453759186,215639.07421875,222567.89865675545,209843.2195652977,210815.405153825
593,138000.0,142654.5332603976,141457.8826994811,141772.67483768883,140793.89453125,145063.00395904965,137300.7776154909,142033.151401192
1163,129000.0,123553.7977218545,122817.99778320095,124587.12654622388,125278.7734375,123873.13655513605,125026.04639571186,123863.91648934726
1087,83500.0,100892.3356727264,102154.4597524792,100917.54935185707,101336.19140625,96570.15666607398,105756.29641549096,101154.16495440943
648,155000.0,139624.4760844201,139911.8874029288,140364.2836176335,135128.37890625,150010.1419796078,148339.29943846178,142665.21949484275
1153,230000.0,198815.32752230746,204697.72097533016,205889.34162325863,198537.75,218914.98480353155,192223.59308274408,200480.67229500547
521,106250.0,91256.17607344149,91943.3253883704,92046.6804355986,90104.328125,100251.11352998727,94826.15020104942,93174.21684556516
65,219500.0,230266.88543121054,228492.4219473576,228173.55724358084,226725.2421875,225452.03723045715,228716.1828911488,229304.9884491496
15,157000.0,154178.33616304852,153814.48858195957,152981.98787209013,153205.8984375,152583.9529198502,158736.31506244608,154772.05130687385
1181,250000.0,261054.49187183217,266925.13620252605,264189.2321544754,258757.27734375,225545.6690499165,245458.94137543495,253212.47301631785
1065,154000.0,149657.97701969408,150975.32297318825,149876.5351103555,153940.48828125,149905.9498487079,150375.41407569434,149822.20042320082
493,172785.0,167675.90785835145,165277.26406286014,167659.94274913744,171991.26171875,173445.89910550357,172920.23559784956,169437.68152718665
380,179000.0,181393.61615332396,182028.7159671439,182308.29985545186,183291.16796875,180539.5369211837,185389.2241443348,181991.1828491516
188,135000.0,128596.87926413832,128061.02645615919,124221.42184622903,125865.4765625,130164.57336133822,117775.5033958538,126872.74404063358
764,337000.0,321038.35211081285,325522.13596525753,326371.8946436264,331907.671875,319910.90373567125,328483.24242981744,322217.5855822646
217,210000.0,207314.90820046002,208666.72860893307,207251.97681432957,204592.96484375,209475.17225248873,200989.34246553612,206483.51418584253
792,146800.0,158982.2432802498,160899.42586229162,160724.95899978856,157524.08984375,163177.5931878229,151579.19614955978,158245.70337966178
1077,170000.0,161213.4474047455,161785.8482315459,158685.84028630482,156052.109375,166283.25117879402,156030.0088389259,161000.198708495
879,148000.0,148547.40874768497,149313.87378167425,149542.2678106742,147784.1328125,142772.4483734683,146531.4914583737,147365.6435637059
338,214000.0,218246.2498875086,215975.3298968047,216001.8281749626,218964.66796875,217216.19675477952,215706.01121132655,217643.21404072118
720,128500.0,134725.44040389388,134788.29456161795,133938.96656265607,136594.59765625,139947.45754159667,137508.39599789225,135966.74499341054
296,142500.0,141296.63649299927,139168.33796572604,139494.49944305696,145209.14453125,153242.98579582313,145392.15526308972,143727.85358644795
1017,203000.0,221307.8746708936,219501.47136500635,218778.15649743896,225299.4140625,223647.5414215502,222031.98332193348,221769.99479597132
1276,137000.0,136281.17267501395,139220.45113452466,136922.26006709834,135789.25,129883.1083739085,129718.60787700072,134193.19076579044
456,175500.0,161097.22781499356,161800.75713803293,161581.82784837257,159979.48046875,162237.1386423936,170083.24259872502,162875.28641482414
1458,266500.0,256587.21918863687,262575.5711933427,265066.3568873513,259061.8359375,268409.2618102619,229784.28513624764,253442.91605013903
816,224900.0,213712.45217168436,212283.8192473509,212173.7480840035,212282.44921875,214901.4935504446,204857.5200228769,212288.3227845951
270,148000.0,155539.0648776526,154470.71453554634,153647.4347069108,152865.9375,156172.67782813348,163038.6960954672,156977.9429473923
996,121600.0,118106.07819454824,117572.81426667154,120675.71932997114,117717.4453125,127332.28520892371,112678.3018712721,118438.44470604543
202,171500.0,169927.3479435802,169489.90759165134,168417.9130833714,165962.9140625,155208.18917303393,161441.22094205744,166313.0565052651
162,412500.0,420233.75438523456,420332.9795291231,419125.30073013273,450761.4921875,401125.74245618464,404388.3797246607,414673.1738464076
730,103000.0,100498.10092734334,99288.03554698313,99962.19240585307,100801.755859375,100934.24625133711,95117.20036753248,99592.0715399501
402,164990.0,195558.5303788383,196896.502116778,194811.85932427063,196401.578125,198748.9358838534,195586.34749226552,196016.0775922208
703,361919.0,365392.46370670473,361097.35442377324,368037.4345665244,338900.8046875,377806.83284160437,348246.81941706914,364069.2931935427
1130,140000.0,128332.8161707086,128575.81686182148,128233.30103912426,130263.015625,131499.8460626032,121135.91678939643,127487.49506947518
566,128000.0,130377.99183435667,130232.50180518063,128794.95550759259,125842.57421875,133032.4020978166,126515.51637707108,130059.74072278384
1022,194000.0,199845.8411466652,204273.8311601259,203757.1424379684,198531.375,204252.11543205663,205666.37097581447,201517.82304938894
1026,112500.0,124567.25174955295,124215.55216934034,123480.70614175711,122499.759765625,122555.33116988296,121303.1559711786,123694.73828684665
1105,106000.0,122399.88806326869,122123.67985598123,121873.80620643689,118940.28125,110728.03603971368,109492.63127696716,118422.58751196438
206,180500.0,176304.29672414082,179526.71363766323,183235.11058603815,177958.13671875,189385.43085040624,178797.1159047791,178608.1904753502
35,277500.0,284311.5451333221,280756.84119120974,284218.88268733805,280776.25,291712.3844489474,281396.3293497408,284836.94123196206
776,162000.0,168790.49439243478,168610.1495652216,165533.3298712538,159626.71484375,156689.4768238934,161552.93333209967,165772.16057543707
509,161000.0,151181.19242414512,149093.0224318709,149828.64883054863,150995.08984375,166068.62503582484,149509.542494754,152992.21312254036
1442,149300.0,138826.7940360586,140730.6488942569,139756.77800319844,141348.21484375,145575.18953460062,145976.77513841435,141070.13078449573
1391,235000.0,226381.66652073726,223194.27378441647,226959.90853030834,229755.04296875,215186.12693412075,225322.85932351495,224603.17947045964
92,98600.0,115381.45057946946,118265.58050088715,116771.25959193951,120313.091796875,110868.82864981535,117995.94555832147,115211.64170814911
1364,156932.0,164008.79742138428,159182.82287681103,160156.6915200938,158765.71484375,175192.84608653872,166871.42890778003,166110.1191112528
898,142953.0,148106.06472889893,146801.42583788408,144758.40250834977,148848.91796875,140358.70738448933,130935.61125863295,143918.58829189808
565,268000.0,261368.13511222083,259229.91113164174,259286.45160299802,265282.4375,251832.8268007096,253536.8806005341,258606.943577679
1370,232000.0,252663.96074222794,255318.08936008374,254314.4954329414,250507.046875,233049.94117649127,267543.9052575203,252558.35082344193
777,221500.0,227326.04788629746,227994.19602368193,224816.21651526968,227394.0546875,228892.24286913968,224933.91492034157,227117.91792519897
242,110500.0,93116.2796481007,92307.89482742775,92731.82242721386,91128.921875,100211.09047044939,94693.72672286392,94406.38899457591
14,279500.0,206883.86800853658,208360.13976179223,207843.06362578814,211399.328125,224403.31110758916,213274.4285959338,210518.42427260167
316,188500.0,177312.28430496354,180632.78519283328,177234.97752645536,182740.73828125,189218.04379475105,187030.2324592179,180749.08364300852
601,275000.0,257737.65077716095,259161.25403900057,257964.3792260967,255089.390625,280401.0197484168,254628.071927744,260393.00162314493
388,125000.0,135596.85458999625,139392.7381230482,141596.20354442723,133818.537109375,144501.09866277885,136218.13880790077,136971.6326052642
1298,140000.0,146472.093842425,144077.68320822934,145348.60746340334,143826.62109375,152334.12005017803,152708.2647619399,148425.33093933045
167,190000.0,177908.7248448659,181901.6442816252,183027.93702953163,177219.484375,196317.5141919731,204354.3129935179,185276.84730079785
841,140000.0,135195.97093286435,131712.48814461936,135464.93235779664,133582.310546875,143825.61558495538,131588.11380136068,135771.07761648583
21,325300.0,325304.8923512247,330354.8756852693,336916.45324655104,332436.5234375,325811.3938635924,343216.71499536524,328598.64289250574
647,98300.0,98413.87823218734,99815.39926934503,101016.04602695849,98121.259765625,103002.28200392002,97146.1977887455,98836.69590795758
1155,201800.0,215150.86417664366,214775.65464730313,214816.40535091353,219466.1640625,199037.04678820033,198797.7079889011,209923.65797178238
832,151000.0,149138.20892650972,148659.2892034894,148948.71023328838,152792.5703125,153018.28476139062,155038.24846623227,150749.8540081352
1268,378500.0,355863.97692891955,344144.22064955975,345930.3676070764,356165.28125,350418.37326218584,389044.69497650745,361059.95690719923
563,108000.0,116852.00346382025,117564.7536900106,118168.2617311606,120272.6875,115412.42121694762,118957.98120284354,117026.6203913953
1423,136500.0,133731.68025288914,135729.45168918217,134977.84841580503,137681.546875,138917.079684421,142172.50567712376,135985.5053943317
687,227875.0,232721.07417268207,235311.84704009732,236294.07617204363,224965.9609375,229995.7997459965,215920.78151315416,229312.53891842387
958,132000.0,124812.93733703704,125700.04434492406,124522.25785791034,125888.359375,127570.70368484405,123305.7341598694,124933.00357725135
190,286000.0,274061.18278269784,269705.813693582,270036.7666179008,274422.4140625,280561.9613593494,266842.3155730085,273684.7863186364
976,165000.0,159821.07747491676,157608.45798248754,158639.0157715283,164129.0,169844.71596503648,168511.20537349203,162806.02693157148
700,196000.0,184282.0576887263,183286.43144561537,187885.10751632095,190672.35546875,201874.73613064698,190291.8674062976,187858.5141151008
511,164900.0,164832.83927497678,156848.25110457308,154967.3166215222,162996.68359375,148229.28736923877,152935.6778383114,160337.6927974093
1083,192000.0,189362.69627777798,193873.7000668542,192391.4255892827,192725.015625,194041.73436282008,193012.81694212696,190682.96403917164
475,251000.0,272182.0063613832,269340.23401765985,266681.05045759236,261127.34765625,252745.22518895054,250601.00287073964,265543.0899273509
857,147000.0,146814.0378015575,146269.0608169607,144954.19671545736,141191.19140625,145322.98943205003,138544.6595203238,145115.07769755542
748,265979.0,253467.2918234327,249690.6616000586,248780.8415716815,242455.58984375,222234.94412192272,234288.1832875124,245587.27443786524
253,173000.0,175695.50483044272,173517.07575054842,175446.35877739073,176300.265625,181742.57274199935,174307.24492033894,176303.53761308052
22,139400.0,133957.61101440058,130428.90245177058,135216.40309256566,128733.62109375,131809.80244731766,142951.00166954,135270.6492673464
1338,52500.0,53930.19202880011,54424.40620582024,54502.43277975597,54982.8388671875,61728.09396808141,63509.909673444665,56759.44730756352
460,110000.0,114481.72780618264,117174.87238461255,116055.17384978691,117559.109375,118599.35402158971,120651.64083182548,116175.61200411496
1185,186700.0,188411.962650472,198292.4261807456,193364.92770274333,183508.140625,215276.97874376836,211750.13937219695,196420.61143557128
277,201000.0,203313.42916830018,204275.52882878142,204795.17306630992,203521.98046875,213063.78365534783,209877.0410254177,205877.1055612113
956,145000.0,167201.3335061636,167217.35176899174,163639.83297853154,163401.3671875,165311.59189216458,156431.8502006239,164996.111978659
1216,125000.0,107421.52564461033,107932.07298310782,107527.97544048954,110279.072265625,111464.08308308646,115159.86943453558,109386.88464179658
386,192000.0,179790.10669549374,179081.67852333523,180414.57054278007,188702.85546875,182303.45526753555,196213.37916268368,183100.76443501696
806,227680.0,204736.17292084103,213607.01516602057,211848.74566857735,208039.8203125,216148.49576309632,207712.46262924327,206890.31857659837
1438,394617.0,348208.7281355414,353950.4935642449,347374.1114349237,368286.8828125,400218.22761274135,390148.20078899374,363129.92562921037
344,266000.0,264453.4980103098,271443.1393578936,272764.2915763037,256786.5859375,291283.95548241836,262348.14061493374,267880.5654656191
770,538000.0,482130.41937717097,481309.08156294376,474676.1690664827,457724.0859375,462751.415047096,392197.0703425806,463204.75660028803
1333,100000.0,113508.33362433418,114939.1879329387,112184.08184794872,106016.103515625,110072.3273877849,121919.41104132924,114533.90313561447
131,226000.0,207544.08572101936,205170.56758013173,208205.81383272633,207677.078125,207035.19691144777,217812.6877787481,209318.97664844827
872,200500.0,188885.85469266732,187567.07408145422,187487.79604839583,186173.640625,183968.79140546103,181649.77540772248,186886.79656693566
1124,118000.0,101469.98511308085,101479.18542724662,104007.18099617926,103191.65234375,96892.28314027972,97529.89006451728,100111.93197692063
1397,160000.0,146907.7333110685,148258.1401656921,146350.35032007415,154046.4609375,160059.13564914122,175603.22404208092,153934.82417637005
88,164500.0,168196.25392789132,169988.2863563335,170876.06776215712,170878.27734375,165957.87820227005,183541.29689072008,170638.95503218428
331,119000.0,136262.37574465948,134758.88619372767,138391.8878298116,136770.8203125,145591.29190492682,144464.80736086977,139061.0573779621
1239,142500.0,133282.17257870175,132760.44154177333,130670.30655711566,140506.66015625,140288.78834541052,141030.05570075582,135669.68480450977
467,167000.0,155475.27249605642,165157.47995020333,165020.43496929662,161157.6640625,156538.35951541807,165797.56949434464,157482.79901623755
122,100000.0,106940.64817217045,105527.4691939723,106753.28364843622,105218.716796875,94650.08316274943,98311.439908001,103645.1041330651
1045,278000.0,300121.5850218842,299133.0263409034,302830.3007297169,301324.8046875,370932.00879340596,325672.0532458459,314761.6152490342
1096,176432.0,172531.98321382844,173274.05431613998,172356.09373821534,172460.94921875,179077.25783940463,174005.03660471374,173725.3655987475
1131,135000.0,146444.14661911657,140367.76761427993,144454.7819127132,142749.109375,140767.87780809077,167035.74775298854,149342.9287525893
1295,115000.0,125552.16038058978,123203.01416353049,124993.37203999677,122385.279296875,122446.39895281997,116696.28716222476,123518.66471985934
861,189950.0,167462.34746916342,166809.1016515962,165969.47087596022,165906.30859375,170305.6611469505,171318.96323731318,168559.3701042593
1127,174000.0,207893.23035749816,209669.58067512503,210850.9359323398,202279.29296875,201610.36379368592,197540.68340751293,205139.86212643769
