Id,SalePrice,xgb_1,xgb_2,xgb_3,xgb_4,xgb_5,xgb_6,xgb_7,xgb_8,xgb_9,xgb_10,xgb_11,xgb_12,lgb_1,lgb_2,lgb_3,lgb_4,lgb_5,lgb_6,lgb_7,lgb_8,lgb_9,lgb_10,lgb_11,lgb_12,lgb_13,lgb_14,lgb_15,lgb_16,lgb_17,lgb_18,lgb_19,lgb_20,lgb_21,lgb_22,lgb_23,lgb_24,lgb_25,extra_1,ridge_raw,ridge_log,catboost,mlp,super_ensemble
255,145000.0,146124.546875,147397.78125,148043.4375,144932.640625,140073.515625,146609.0625,142758.484375,144807.265625,145696.234375,142317.515625,148016.59375,148340.46875,142452.5977975954,147191.42105410443,144955.64354083693,145676.91929681337,144537.8090603347,145689.95763582207,143059.13329242705,145181.62857348798,144675.40290297577,145489.35364918906,143753.37022613845,142866.81445811767,142952.1409328733,146103.39233062707,141095.74338307237,144038.46806349285,145872.88340610382,146405.43466013263,143334.0658887382,146157.00501898729,144916.5325012206,142687.0517659328,142427.08033768204,140051.29751846817,138360.55461851033,144452.05027853616,138810.15625,140256.640625,147623.58717531484,137517.2035687719,142584.14244825765
1067,178000.0,177567.796875,175871.171875,175858.265625,178697.5,176760.6875,177362.671875,184974.609375,178587.515625,180271.875,177903.890625,179584.53125,179047.0,178477.5185282854,175161.99512923602,180959.90989585998,179911.8866615763,180682.83977646372,180098.1801767558,179070.87492149882,179772.20322205478,180301.04747634163,179492.04163682723,180083.84893631487,179453.1437714705,181561.81862669272,179979.33880648614,181583.68941858018,179674.8750792975,177580.07725008178,179803.03814608586,178700.54334244164,180230.4098578562,175182.15368010956,179239.07995056733,173219.4144572528,173754.43127646737,173785.2925903728,177511.85556711015,182603.8125,178927.03125,176172.29161659317,183300.6261649785,180102.58231281483
639,85000.0,89331.1640625,95780.21875,93444.015625,87666.34375,94304.265625,96465.1796875,93866.6640625,96207.03125,98828.15625,98827.765625,94346.5625,95290.015625,93797.90565030463,99073.75021428263,94841.87091974964,94546.19184100236,96481.1972214379,94634.25754205912,92800.37822383291,96237.83788994788,95002.2615104042,94156.68139220843,95236.41075525757,90718.57654816819,92424.92532852839,91072.45478046234,93107.8445063634,91606.99964877551,95131.87672498486,92385.92624473172,96945.0396169504,90636.46435893534,101721.16825051709,92710.29753456565,94243.38341156208,90433.27138611523,90999.63097697975,101699.3497783962,89597.2265625,94200.0859375,93398.4838396396,85210.89213384187,90274.22952102078
800,175000.0,149110.8125,152854.203125,144744.09375,153898.140625,153489.046875,144551.796875,146248.765625,151106.03125,148927.453125,155188.8125,147930.703125,154911.859375,146333.81069190707,144884.55415974135,148360.97746884404,144330.8914233038,144941.37247369112,149444.84125081293,151176.71501976842,151334.71383558967,146187.69303220915,146057.96402407397,151285.44364108652,145223.3350156545,145912.87018770204,153857.5760291774,148679.4586199136,138787.39382589306,144561.76354148152,146356.14981509812,141476.2904738242,152514.23756849676,140222.1208922236,144434.63682889412,136046.34003004245,149293.72093262515,143990.21913628478,151096.78177492047,154777.96875,165287.953125,164528.0126477075,158602.99543495133,143701.35241313238
381,127000.0,141920.375,138993.78125,145383.109375,142853.53125,145363.703125,140648.984375,138088.46875,148776.171875,140071.96875,140311.40625,148442.890625,147319.90625,144578.29148248522,136110.01673132935,143278.87241601356,142576.4849731732,145560.01529868523,143750.78494868224,150109.92614288078,148038.091366984,139373.37994567514,145783.68825003243,147474.92927793835,143715.64911372386,141724.69732307878,144167.01958920245,141915.42188347946,148991.54999526023,145255.76003083377,153073.03855491395,141677.215891797,143037.03437833837,138754.1918103106,141112.46897387848,147161.03471769305,137931.16691255657,144294.85758339518,148089.40437209618,155905.8125,165939.78125,146547.0787525776,165189.85222048662,151782.46860824217
304,149900.0,130082.6875,130572.265625,133242.984375,125589.125,129710.796875,135103.734375,132776.953125,140529.9375,136385.5625,134039.09375,137712.765625,139130.609375,133765.18847024004,128565.42946219096,138667.00166663004,132835.01798904748,134157.99058230149,138053.57585986893,129794.6907655449,136304.24272358106,135160.67379888077,136217.80135775817,135461.03327724576,135376.6749248637,135702.14576222553,130062.76680150905,135416.34664970843,132459.55901712037,137451.78897268727,135618.28313170385,135453.8058300267,131025.64602294995,134223.16501603444,135275.11998515928,135427.18851325574,136208.5417019809,137376.3997040596,132248.79039720696,144917.140625,132319.984375,132855.2420211018,133169.88124825794,132775.7663798036
87,174000.0,176767.421875,169829.4375,174712.34375,175692.96875,171904.28125,174693.015625,171397.96875,161143.90625,173736.453125,171137.375,167506.734375,166719.453125,174770.655766003,174956.86357153178,172828.80927427544,175927.98336527564,175587.75240029747,175557.32247450156,176643.31433140583,179481.95495984986,174797.7723433747,177855.8012208319,178318.4442365304,176906.47467721728,173815.89443999523,176520.65065397017,170708.10341963448,176257.2401415725,176172.28976652058,172052.2260565504,178975.90595018052,175816.11765594897,183818.45863177394,179844.06863046723,182353.81650688875,176946.74697954732,178377.62342785852,178186.80918316377,181079.8125,179880.875,176439.02129549152,186837.4784883187,178455.40041972772
1386,125500.0,109759.3125,113074.5859375,116182.0078125,112410.8671875,117937.2578125,114799.75,115139.9765625,112584.0546875,113868.3828125,113402.2578125,110218.9296875,108316.203125,110250.7378513615,114387.3088594791,111114.67973186624,112246.80292917018,107577.83957511267,110576.25250689047,110738.01281863559,108465.07755282779,114258.8196497615,108086.06241767501,110567.3955091246,110785.30340649695,112469.61298722331,110753.8703339908,115982.23850442767,110476.00459375417,110452.35457587679,111768.48579010728,113622.83324476347,113776.79877456822,108926.31043813299,106964.13440647564,111099.51421542735,109328.8562143695,110637.54047460714,116806.67385383595,116528.328125,112954.734375,120198.99608481055,114952.99413240183,111491.82647208762
266,175500.0,181063.109375,177209.484375,181176.59375,180796.53125,170442.609375,179228.46875,180809.453125,178494.078125,183267.09375,186696.78125,185929.46875,185154.0625,178605.21047624887,174034.62826158004,180097.27217156717,184810.92168498377,182450.5002517924,180125.82693745583,174504.9079850611,174450.99297625714,182666.01584110042,180817.77183822,178502.01873779183,179374.41577632684,178988.02215734762,176807.32318282826,181538.5613681388,173873.04776674273,183775.86949722734,179478.4794256758,181950.8252811962,184448.7680951695,184665.6042099326,178651.61215047343,180267.91297278518,178574.16430298952,177316.37033849553,178427.45891613996,186717.59375,175512.28125,183279.66062675175,178321.9570744516,175135.23436582964
794,225000.0,232318.828125,236061.28125,240497.828125,230229.453125,228035.109375,238129.984375,233354.6875,231435.09375,233198.0625,234449.546875,236756.453125,232156.15625,226513.61672447113,229893.9063535416,230750.23330452907,234583.62349022203,226601.7354501615,236962.7377123506,234242.4081730418,232377.90533270923,233457.41517870835,230997.41364977154,226518.40868983488,229887.40424679898,235656.25511036353,229371.96103110054,229123.7236371654,232739.14817821415,228166.1204297958,226409.60646720335,235076.1550605188,227354.32910855816,226347.52585378333,225529.23451400182,224989.17156647154,229718.55079010935,218691.81239665838,229025.73375566892,233559.9375,228640.046875,231836.6521308798,223971.17001201893,230798.2713487986
1446,129000.0,120419.921875,117798.4296875,121816.40625,121632.640625,119340.453125,115659.1015625,116255.1640625,113634.40625,118462.7734375,115908.6484375,117983.625,116222.140625,116544.86653201975,118331.04975724925,118329.59146400992,116897.5036254046,116473.63131086118,115440.4024915024,112910.55216384822,117877.81603129,116643.13447662484,114410.32094608592,114079.87862019426,116032.70088213733,117236.102585848,118414.11318129618,121663.07873765354,115571.80916116961,113846.75943978709,114472.70783964956,116924.5809199464,118742.4527621241,113061.723713757,121462.46363285254,114705.41930320777,115480.06044837621,117430.68862716672,125002.09957032657,121837.8984375,121716.765625,120741.46367555659,116602.1413987817,115858.42185588463
809,159950.0,142060.265625,142390.8125,144810.65625,140092.078125,136997.78125,142988.609375,135491.734375,140546.75,137017.4375,137258.515625,137849.15625,142369.234375,141708.12284464945,135815.11362319428,143213.22858864823,144992.09256170754,143740.30102085625,140621.82282923278,144566.77259087187,146480.75763943966,143873.0561971769,144244.34890163966,143598.61356643197,144939.7141197287,139327.5951727623,136751.08023182268,145828.28804527907,143553.62952893114,145606.12878757517,140742.62747691086,142144.76933333988,137297.1560000566,140655.4621458721,143825.45592727204,147111.27916921317,144895.56590910393,145788.99157543326,151731.91073268396,150919.0625,128145.703125,148915.9226579868,133987.1165007854,141737.76475806712
1100,157000.0,175130.0625,170008.671875,174322.0625,177027.390625,164700.25,174174.15625,178583.703125,168155.234375,171903.90625,170336.46875,166653.265625,166503.484375,171514.0346204397,170608.67951892264,170942.9109733555,172386.42257877463,175074.0989797932,173607.8258943688,165736.9644353406,168829.39223993014,175275.25605029077,175413.26325973673,170140.21902239678,169970.65423100218,170775.99817343574,174392.7077813943,171579.84839933654,173179.1751202391,171288.6097490163,173887.51997445765,172996.320357829,172517.73075771832,173453.85109548084,178842.96591646704,173028.15131926548,174590.07719155605,174815.2742261445,185106.40263496683,178144.65625,170544.71875,178705.77905767,168570.24098693457,172383.35638772222
606,205000.0,203110.03125,198223.40625,206745.421875,202391.109375,200052.25,202534.578125,202025.296875,205554.859375,202929.90625,197419.25,198613.359375,197229.5,198204.8502627993,201428.76226390412,198885.47970560324,199288.14443831728,200478.60539375365,200098.4637673145,202099.36324310774,201848.18025197092,203145.1832186266,198662.23388396302,195967.20164082365,202226.49852613595,201354.00154891008,199250.7764434988,205174.6641031949,205932.78057081028,198714.69233333666,196715.1517560572,199947.59144982832,209016.42384927854,198824.92229932646,204416.07959754375,194794.59455767376,203749.73739985615,199218.824995995,193121.55162813375,222501.96875,213471.671875,188598.67887109512,197690.0705318976,203882.53570960552
702,140000.0,141519.921875,145188.71875,140957.15625,139959.875,142457.234375,142289.0,136966.171875,144960.203125,142604.046875,139977.09375,145088.40625,143604.28125,144804.65103529324,145923.39833142995,144227.5320577339,143063.95349891353,141756.81651050758,139552.90364213125,143658.5126843052,141312.7314284418,143784.54130915488,142477.9181835814,145833.96958581268,146335.4084997412,143916.4366246672,143407.57306898836,143754.2330997821,145456.33181209464,143511.72535216706,144654.318646531,141039.08763220737,143415.28371774283,144016.2855394491,145437.55231644076,146227.52259335594,146104.16062431823,145275.6179669116,152020.37252156052,149491.65625,143970.796875,143230.52777793235,140666.82008733446,144470.35241148475
222,200000.0,209772.203125,221951.734375,216141.3125,215184.9375,216901.203125,216047.546875,210922.875,226123.234375,218494.34375,222635.6875,220353.703125,224836.03125,215178.81545460402,211822.60912672672,216035.34004862525,212317.73487064932,214948.83740576834,215303.35851947105,219517.84517062828,215537.53396810318,212334.00741548315,210236.72307151006,216919.3604068583,216940.52934857778,207930.7302042257,207899.61205133513,208112.90477643517,218773.01118033455,213894.33574769835,217758.0230859569,215027.4226328029,207083.49620638744,211921.9787778581,214909.26088357827,214619.87144952232,216204.7567953286,217017.28894517463,228976.33891157823,213324.671875,218249.109375,208357.5377705692,217631.8593722351,218265.84928500568
114,217000.0,203401.75,213127.28125,217107.125,216363.640625,218322.59375,220979.34375,216706.4375,220203.609375,225146.65625,225611.828125,208433.0,202150.421875,218730.55327381563,199451.3287341582,212877.1697795043,205660.54931367357,192582.0410097609,207762.04728694953,208746.15849920313,207939.04337247837,213959.94057666825,204699.46939058485,202686.0450619339,223672.37346095179,195399.91258876456,202560.00972548444,213457.45772966195,212937.60428209987,209522.1053857352,206917.2220455208,223526.30185136356,206829.65867215674,218765.5246550416,233513.6244547474,210742.631392916,212147.81794590747,220428.95239698482,229952.90965628356,224648.625,214647.328125,236648.22722498502,233187.72286726776,217412.74728628463
549,125000.0,130484.3828125,128722.1171875,130888.0703125,129813.390625,117588.4296875,129020.28125,128020.7421875,127449.7421875,129878.3671875,126625.171875,131490.78125,116869.75,125507.22998135696,123140.5413653748,123680.15326649229,127033.00695597296,125220.08525391862,123331.61769718125,126472.23080325841,124389.87198886031,130271.08184972704,124992.23523707697,123558.48208242626,123718.08094066326,128852.88776676128,125596.25799565141,128235.79036796468,125880.86476315685,124798.05453192757,123571.37099771852,126134.96327593314,127696.16351081946,120275.85414048505,119789.57069344637,118545.10440050715,121416.76853549836,123524.76418692085,125818.5601205937,121879.015625,112378.0625,124709.1089720226,112465.20248548203,122921.33394758671
1074,159500.0,145199.65625,143046.859375,148720.546875,147412.546875,148491.671875,153871.28125,150695.515625,150980.640625,151460.75,144344.421875,152043.4375,157272.65625,151403.8387170435,147577.01833075064,147193.4217853068,148481.6556548298,147977.8963920168,148086.87971113223,152030.37163801983,157688.42854161814,150314.84204846053,148413.7218990151,147527.55400605468,153188.35247077423,153254.54003181335,141228.94741500623,146175.62682040842,155021.49988767382,150485.17140556508,147433.212295848,151257.41484539898,141371.58718793353,150842.92379246748,149535.23346210236,155033.0715397962,154097.62351024325,149747.98821246697,155479.26623007606,129101.546875,132800.375,149382.60166177727,145591.6132861269,152964.1959528854
175,184000.0,171614.359375,174733.671875,177008.828125,173349.078125,167236.171875,171094.359375,182509.5,175925.046875,178521.84375,191692.421875,182482.171875,172575.359375,170392.4223195338,177557.8686429797,172709.1702876348,175074.21011174432,169823.12429853194,174867.154388697,175070.03350738814,177870.18496257503,177146.00071313715,170898.9434913602,174070.18095583114,174256.93899629795,172034.95334276513,185166.71766035914,182621.99785446105,169311.56888085636,174706.19567639843,168665.42202878694,168471.57851373416,175140.2401739097,173270.70950868228,167770.89844055177,167419.29118202275,167790.31272608516,169843.47405184322,190823.5304696494,194384.34375,182322.828125,198352.9278655662,187267.7532199546,173367.44843718322
515,96500.0,95011.1953125,88109.9921875,89265.8515625,94860.0859375,95302.2265625,88975.34375,91712.6875,101601.9921875,99872.3828125,99631.6640625,99271.6796875,107317.7890625,95973.85187778523,95304.90417706956,95794.07325180377,96113.99274929267,99351.1320475397,98097.077136232,100489.30759827845,99435.40148142437,95681.42589793459,100116.35856775021,102472.11109976655,104643.60408990463,97091.45962048705,94637.88801366056,94595.93043168378,96222.01556928863,97258.59250797804,101331.11936089335,96096.65606144293,94713.32030619304,105068.85790595374,108210.7406732938,104560.6068450999,102806.30104023367,97448.2384730545,84454.61476190476,96823.1875,89330.5703125,96461.84922664563,84169.44681767072,94048.71602453326
1351,200000.0,165749.515625,177416.46875,179057.28125,174357.140625,176958.859375,170652.75,177720.609375,191940.875,191232.84375,180984.515625,187872.15625,182178.359375,175451.10648638342,169084.340141189,171760.98648740817,174384.11157028162,167371.39839031585,178758.37734342297,172870.5945042447,183055.03521889372,174129.8783359814,172261.77865931738,176445.43432744892,176510.39291533935,172015.57211308347,159430.93217363104,172135.27743128344,177230.877720033,177990.14355277744,173222.67226804528,180846.97811195694,165917.29842392003,176949.243152969,186686.90947619244,168080.1283948897,169733.06093563512,170591.36710514667,170443.75221676705,201059.84375,196308.078125,175254.39958593654,178650.9546426196,177161.47685062303
1146,149000.0,131454.625,129037.875,125205.125,131830.890625,135775.015625,125975.8671875,126744.4609375,127130.1953125,129796.21875,131933.8125,134053.03125,133355.59375,126098.38669413983,124774.41365045846,125613.63030029502,124960.41064989801,127610.09056239271,124884.05309725148,127611.51801956363,123751.8768907358,122714.71129114374,126604.8952221069,126542.20534584408,125997.31983341872,123475.33871062551,130015.76336284507,127366.34252845762,126775.06264369618,126053.2870580357,123917.69905841886,124277.6760414029,132240.24292776498,126957.84247582534,134140.12626822104,133651.13166305737,129430.68150625439,129624.06113105085,135304.6295696005,130237.15625,126526.8359375,131836.12337711663,120763.67339145215,125739.76764430603
966,178900.0,167486.4375,171948.234375,172522.96875,173159.5625,171654.125,171453.875,174452.28125,166790.96875,168449.421875,167707.125,165002.765625,164517.609375,169009.37937894434,169405.11128025738,170735.99268988194,169843.76101947276,166863.60822516284,169251.02277525555,169204.6429463283,169953.1199774915,171478.47144640112,170197.07640931668,169331.20335339656,173369.3236226586,169208.81797493505,169386.81287027485,170762.54119926892,172469.47155556947,169491.47700314337,170573.37012506663,168654.77948421825,174350.80592220963,166655.7024724824,166798.2616516468,167491.63465467814,168674.98830015078,169532.62503463397,173215.3643336032,180454.109375,175782.8125,174196.97492207075,181540.98505612492,174185.71689760688
937,184900.0,180128.59375,184186.171875,184355.234375,183995.859375,182822.03125,185063.71875,182731.375,180599.671875,179006.046875,179235.65625,177537.375,187239.234375,180968.1819579815,184740.1330344687,176404.13486228295,180606.6788142216,176921.4762158619,178624.38315561623,180501.10199160973,183452.5960714749,182037.8216973449,175870.90142349878,174757.61950292296,181488.71017285934,177130.79121693413,180946.07362164778,180374.97191357278,176242.99913625605,176632.0486859682,178155.16560350085,178473.83671943954,184297.22851395112,178980.78317223638,179404.73681392331,174288.58891424988,171653.68557898595,180321.8825865272,187765.64755259294,189289.703125,181057.765625,186434.36599864296,191210.87942054513,179261.56087914505
286,164700.0,164685.640625,160882.953125,162960.984375,163699.765625,166525.25,163548.71875,163601.453125,174046.703125,168295.828125,165674.828125,167763.21875,170910.78125,165678.92384593704,168136.42658902938,167434.362308668,166758.4736446088,167822.55005512355,167812.48301558843,170632.38729146722,168876.899085521,167510.6327144461,166104.61248736084,166758.1641854076,169225.1495871705,164513.17014079102,164984.4839078106,161553.74302512532,170737.19029333667,167645.7471569793,169054.99721840495,166614.26994020375,161056.3119635725,170679.69201395847,165531.44840616392,171464.26480950377,170240.826266878,166960.83533044832,163145.5020238095,176654.53125,172876.078125,166063.1666366454,157974.30624295515,168031.53026527766
1311,335000.0,314055.03125,296513.84375,296406.40625,301726.34375,313073.59375,298129.5,289819.71875,298582.46875,278587.59375,276007.96875,299904.53125,323830.28125,302589.58971733623,296052.81070180703,300514.2669962313,308031.5216067307,308522.4173125603,299823.67210482754,306181.49917213776,292187.9769583474,305892.90601732675,308330.74895093724,297349.96989432746,312346.7305348594,315310.61766020604,305373.9311666407,303694.03123713087,312432.61270208546,314481.0709531162,306177.9520555406,301131.958462703,308944.86712916003,310269.5001383718,304551.0553769015,304850.1766911295,297236.61119752727,303743.60649117926,260875.9457142857,276439.6875,304128.78125,284598.80938610784,281088.2998613301,304921.11657433974
343,87500.0,78072.921875,79325.4765625,81817.3515625,76930.4765625,80179.6875,81061.8828125,86958.1484375,84380.3828125,76389.7421875,72113.9453125,77927.453125,87785.53125,81342.45039751592,80205.86316811231,78831.9172022348,78177.21276189707,77739.57583747694,80753.37413536076,79913.19008203587,81125.37669572508,77294.14600479548,78751.65612056617,79868.6365509515,81141.49538106388,79655.55445356804,78643.69825588893,80819.07671972504,79716.17010179881,78988.61233540045,81364.5452989413,81054.61295584019,72429.88385380781,85998.1007208831,80360.22780555446,84921.667529517,85664.69300154773,80290.42870321043,93430.45341991342,61198.390625,81347.7265625,89430.50109046265,80750.64847356477,80339.221224735
1166,233170.0,230488.46875,227827.953125,225651.984375,230950.546875,230110.265625,230805.65625,232421.203125,231785.109375,238290.484375,240460.328125,243444.5,236677.46875,233884.32279436215,233719.99710139987,228286.7941962052,229721.60793761007,228551.35102806392,230023.76323808255,232244.83962299352,229888.17582402134,232660.7290874344,232661.1846033136,235628.65374443398,232422.93372469902,231472.48932068198,233180.15545111886,230969.74038726353,227791.1511023878,228235.01399295806,229458.8746475105,227180.26158573112,225985.59912228634,228219.19124248382,241404.1525335772,227561.7934519503,234969.97678153246,227978.09559654217,219210.75390865645,232261.765625,219994.84375,224464.38761841564,223474.63426829063,227171.96238641237
32,149350.0,139854.46875,140712.171875,140419.390625,135396.796875,135088.53125,138242.375,135995.828125,142026.984375,142603.3125,136911.890625,135403.34375,141201.875,135597.91631954975,135956.50212268316,145620.03106947074,141450.4182689034,141842.1703699413,141152.57310785344,135578.50737411322,140812.68335793255,142344.09646806895,143984.18894264143,143322.84891931395,136553.5193426541,141961.42745725907,135823.74916828345,140268.91166621237,143444.3364016926,141076.85603334577,141143.03971956996,144677.90959681157,139205.98408779912,138509.97328542673,139210.297646124,144706.55972044467,136157.20867806915,146443.88441749432,141477.14107728362,139356.15625,140887.265625,135119.6859503269,133954.4596552583,141053.670429634
874,133000.0,131482.71875,128703.953125,126387.8984375,128575.5,132067.84375,127840.421875,131798.078125,136466.65625,133409.875,135609.171875,135288.046875,134525.6875,131046.22509005143,130237.88862984962,132360.69208166012,130548.53035340774,132794.6017627411,131587.9388615563,130120.66162600914,127219.07466885047,129597.21560010662,131647.01589751098,134054.20969017854,130814.25955598615,132545.1667479094,131741.5898824872,129082.3763120305,124962.34942549972,130941.54710061205,133105.51918093258,126709.75313522553,133704.74417099432,130358.89873511202,129064.52084396857,128726.97502597564,127576.27702357608,131137.07038085003,138206.9114271622,129613.8203125,135811.53125,133220.51033563918,126788.14123818639,125578.31445188116
211,98000.0,86912.546875,91030.5625,94153.828125,87299.328125,85987.265625,92236.34375,93757.6015625,86998.609375,88583.3671875,87545.9375,86352.8671875,88017.671875,88553.06328483572,85961.939481345,89706.19780272266,89424.07788910913,90933.51299824026,89520.59811369948,85587.36775850503,88514.74655837889,91292.6805818793,91783.6085824091,90295.01748938172,89902.56663379741,87920.50023497375,83457.90473681931,90879.03142534012,90945.61581102257,89901.63946582696,86289.51327984684,90050.70388029578,87160.00525342145,87549.69430364665,89821.00641126889,91146.8326930597,92701.63969850434,92773.64903063784,90827.52982522652,90585.921875,87804.65625,92466.35449480209,81021.11610785247,89015.38880268365
925,207500.0,184762.515625,188275.0,187712.03125,184152.796875,178613.671875,185001.421875,187427.796875,185677.109375,183455.84375,185690.921875,175625.671875,186537.71875,187400.59976549546,189005.63641144623,190441.33534549695,185409.94558462713,186086.71935131212,189093.32819419267,190995.92113985904,191261.96396769636,185721.03708139303,184680.8630927934,185573.53146905912,185756.73755983193,198125.0156738088,187913.5905881998,192190.04681895516,188125.5874834987,196353.9304394412,182084.6510485989,191499.78525921266,192685.8962836746,196280.36460635083,188663.601682392,200707.05057762327,196583.01073375047,189466.0258337425,183426.26873066087,190388.4375,198717.984375,205014.37922960293,186099.27787624064,188343.3086887002
406,150000.0,160432.65625,159066.234375,154612.796875,150514.390625,149670.578125,152139.96875,147273.578125,153959.609375,157223.3125,158385.84375,158097.828125,157834.328125,165651.60209710567,165591.5655205113,160673.92909831303,159533.8715626953,159183.48188009122,160832.23288842276,160566.52446118905,165730.7905930698,159344.938933702,163635.16281921175,161467.61668200637,166972.61945347406,160054.7452897183,154020.15823531,156668.71413058377,157818.0434289358,159439.49531797445,160721.13562905727,157759.47346463223,158572.41523680577,163086.45733369986,161169.48737636756,168818.91598335432,163602.87841582907,155397.92157495534,167066.32462897783,151651.4375,146839.515625,151230.05269741596,160948.7674347931,158611.19610244365
771,134900.0,128977.5859375,132317.578125,132445.21875,134135.46875,129808.5625,129390.6796875,130604.1484375,127566.546875,130856.65625,129118.796875,131062.8359375,124204.90625,126202.61114964056,127065.13633702218,126659.09552953903,127187.74021235667,126756.16423867123,125645.62959952875,124255.97561168738,124621.28095591681,127837.12448719854,129287.00571260194,125597.81972629603,122266.37061404018,127952.06633717351,126901.94528812787,125557.38246153302,125711.8868106626,130367.40522840663,128500.77444894768,127279.22816873703,128084.86100139043,133170.22451665194,127584.11915991564,126403.49849583849,129858.4303468226,126300.16798346699,135804.57596410235,140918.96875,132151.75,126511.88045790016,131457.26567913248,127082.13929913272
382,187750.0,203173.1875,201012.296875,201379.359375,203475.671875,201911.46875,201929.953125,202421.421875,202071.59375,203405.109375,204744.171875,209099.125,202459.390625,202545.98996498532,204166.83866232637,206002.9834376428,204851.80350002,201514.45915757134,202414.13303784115,201831.541056547,200984.96265987877,204216.01703103472,204054.93397403168,200052.98389407748,200108.99058398753,200211.86700670017,205494.237064268,200462.51570219288,205065.39829665894,202101.34140307023,198619.22074135288,202591.07212770503,203566.0670691401,204167.02889172797,206844.58884348505,200080.41123197848,201186.38683819256,203613.47568164245,193761.67229550387,206090.9375,210688.25,202880.7752935314,203254.67405497382,204490.683158112
890,149500.0,152588.09375,147435.328125,151013.75,147676.796875,143655.078125,155734.375,152487.71875,136877.171875,137839.8125,143409.40625,147950.875,141055.703125,158148.47732607927,160088.98054793716,149414.99486916064,153418.09817749748,161863.92623531056,154916.29933135308,152295.89115589313,156755.3363420368,155955.3047626921,154875.6690027324,154357.86793341726,162417.82293689955,152605.9357905331,160321.34672869128,157019.35291969986,149829.67329137656,154519.69710373343,153098.1740844977,155141.6181293422,152689.94153545843,157528.02832478815,155330.29148730822,161150.44110336702,155137.5793371269,156681.20751756587,165404.10062644933,169729.5625,160230.359375,159422.09428289274,155027.39650504396,151274.62412533138
1201,116050.0,105719.5859375,107483.3125,110383.1640625,104468.0703125,104001.15625,104716.4453125,102725.5078125,105393.328125,103366.3671875,102218.0546875,102831.6328125,108292.8671875,106103.83215880334,106861.3619454173,102741.5148068501,107135.40660400783,109299.22658547104,107659.37546891086,109635.4171126521,109426.09811237833,106534.29103977713,106955.72189755528,107143.12057339857,106140.30772900369,105908.55391482988,102732.9788597969,102485.61836567103,106722.20864472075,108470.72328717739,104209.62103387807,106351.81911120885,105730.56282376692,104659.23981954332,106410.23739313708,108072.23849133127,105913.57175916698,106556.40084613884,110749.76659162268,91464.578125,104527.0703125,107042.80287382669,105560.59019943292,106453.91898139744
189,153337.0,143771.4375,143623.984375,144591.09375,139909.96875,147655.671875,147820.53125,137825.078125,142019.96875,147173.03125,146613.3125,143554.203125,136608.84375,146384.73026912348,142941.86899544604,148080.0359135426,146636.81473313158,146979.99837678397,151276.36238712113,147449.29725969836,150516.8097740587,151258.87920227734,149773.0680364469,147800.84767237786,147240.4374040111,142190.32715594763,143168.57079058493,145312.93404822343,144860.8822114261,153900.42804082503,151004.294714582,151837.0727748264,144090.30823680415,147332.5857484838,147463.9302691037,148189.5257053484,155177.29580266398,151551.7554680774,152284.59693877547,131305.859375,144578.953125,155769.54078605358,151208.1823050236,146781.48511189103
894,165000.0,145396.0,156564.140625,151864.984375,154406.9375,154016.46875,151167.640625,150749.84375,143986.3125,146296.46875,143980.921875,137131.1875,143310.609375,144016.6634156968,142215.11469310557,142498.0333995927,142439.60157863138,135821.11064305258,140824.6015926653,143725.78345169,145418.77615827933,146834.98800905255,143995.6143074913,133690.76383343566,136961.92437898557,143030.50953483258,145408.57492702917,142171.93130899628,144689.5079874007,143633.05991269075,141295.32271840048,148713.32780509375,143921.03684368695,150779.65129200267,144969.0115479239,144777.49429117108,146675.38796668156,142519.66778944098,160620.3637719298,145900.4375,145499.203125,159364.90536916084,160832.67034757556,148306.7302399554
1328,130500.0,127764.125,124784.8125,126506.8046875,128337.109375,131215.765625,128824.296875,132621.421875,132463.96875,133165.828125,127871.7578125,124853.9140625,131619.5625,129230.93902773864,127962.1244262099,129196.4489770918,129790.70879986053,129148.90814852813,131002.42189247273,124276.03338358625,129080.34381878909,128358.38979054788,129331.3544825363,130021.36688532525,132450.0865409191,132250.63119829167,128884.40266754161,130637.749998279,125731.7341196153,131550.1814094416,129152.31918490693,130469.43933998534,131546.95656121205,127390.44135475595,131784.62852812072,127041.93632018221,126197.2431917954,127700.30026330834,133620.77255076388,142766.171875,138912.953125,137320.18087838718,142401.41022405433,129342.2328016706
421,206300.0,187785.09375,192111.84375,197479.40625,191734.4375,188077.765625,199760.1875,198793.984375,191690.46875,200446.015625,205591.78125,189784.171875,196908.4375,200553.02090479384,193267.55204685495,200256.65051453383,200506.98250842775,194924.68769196814,200999.59043725667,191529.65425663878,197254.43795146665,200994.9284052993,194616.58565915018,193224.36716756548,197331.05304562688,197689.35813494548,191773.83739160292,205487.28223721337,188990.97778057028,205252.34477688983,191255.60470778542,196324.17172536373,194219.71435447686,206246.9486769331,198019.5130330173,188830.10311640834,200777.77340760425,199004.55483277552,189257.2373015873,209374.0625,198299.21875,201764.9396078535,196312.03336080653,191204.25156882097
579,146000.0,166003.734375,166686.046875,165287.171875,163971.328125,161509.09375,162302.59375,158553.71875,155790.171875,164726.203125,168646.5,162280.125,155391.03125,165010.41940188917,155495.74468352314,162137.40987392198,161476.92941686985,160546.93875811552,162106.604180647,163431.8591195028,158892.36136552738,162589.1312950927,160572.2995190594,162391.78274611995,164537.31006211703,157217.30206510116,166234.62049370244,160766.40099363186,156218.96043333272,166441.2957905855,160706.56768010443,159614.01107922356,165999.44427377253,165908.03764457064,161089.57496432928,159151.330149587,148881.5614502062,157513.0340560717,162431.72254982695,165601.921875,163271.796875,158760.89097839044,140210.67229860544,152659.96118005374
84,126500.0,129221.984375,132055.75,130929.140625,130891.9375,125053.6953125,131581.0625,129251.0703125,119209.890625,121101.5390625,122824.15625,120416.71875,119819.9765625,127699.97128981806,126340.4978183914,125650.82479678545,125552.6374769345,125084.30025543759,126640.77399944987,124338.70828545472,124592.18116076101,126742.36656645717,125833.70973702257,127883.32481504382,126083.82113481809,125700.70189321943,124911.30783666988,123580.71684259272,125431.31088489508,125708.45075894172,127021.72272546927,127860.64072028866,124464.77168105473,126735.67189999654,124388.53883727502,121642.66924964335,126300.7474075001,124521.31876749666,130034.85017234979,109939.28125,115737.4453125,117477.3302534165,116934.78341200564,123608.0683045112
1275,139000.0,133843.734375,130982.96875,129161.2421875,129398.0859375,129588.140625,132031.953125,125215.875,135596.109375,134147.453125,134267.875,136233.46875,138489.75,132657.39275846654,140135.05098778527,134088.51196138843,132325.2945512041,130203.08906165604,130066.9312708177,133934.54108141584,136000.1428039534,128873.55465892905,133856.18321319352,133201.31302360355,131021.43463174101,129608.73894519033,134838.70278652213,131823.99650285303,133241.82324709752,130107.73281086863,128360.07833084013,130832.82136580157,133019.84573525394,133839.63466467225,131829.9063412096,129983.26612755322,129901.70984046141,127144.77866870024,138652.1672573062,134561.765625,136246.25,138120.00306417074,144615.3771185371,135497.74426907563
49,113000.0,100328.2421875,95653.15625,98721.453125,99441.765625,96245.1953125,101670.265625,102613.1015625,101801.984375,96063.078125,95318.109375,104751.578125,104519.8828125,98691.78469955636,100491.50478707091,96473.16679748225,96501.83988225792,102258.73477765245,98991.502866681,91890.216993528,96202.35877380977,97932.08700046803,98241.48806398368,99160.70085112585,95926.92373939617,98208.12548858482,98390.25927218879,101204.06863494827,99730.28292499272,99326.90178791697,101002.16111956825,98528.63165855706,99393.5362933241,100261.3984647196,100669.17642293678,99686.84054853758,99337.08667167037,103672.04807661899,113472.2093956945,60013.5625,78976.5859375,95074.9048649965,96871.78448123983,99056.1977975926
156,79000.0,78043.6640625,84249.5078125,83860.0,79703.2734375,76796.3359375,83068.953125,84595.875,73283.484375,78900.9765625,78973.515625,75381.671875,74939.3671875,80708.53898394105,72926.03031044408,81321.68799647313,80139.64975259273,75152.13498339694,79291.31226139626,79037.0208414084,78734.54628503446,82049.38883993211,83781.76884712972,78518.44945916672,77978.09816144191,82555.99271144043,80716.80101601056,83743.69550306365,78749.31533990464,83982.66574438394,79677.55156932939,81435.11371461554,83373.1175022002,79497.29022863366,84735.29458775105,75444.75045086996,78726.12694376046,78863.53764857259,88007.83343685299,85980.6953125,73987.375,86637.77729719944,58769.52195511254,74781.56951008349
974,182000.0,208345.6875,202782.9375,210664.75,207692.40625,212082.265625,210775.28125,203111.765625,221414.59375,217309.078125,213249.953125,212229.984375,229054.859375,214367.3595016088,206849.22576670517,211951.76327638002,207810.6613646305,215933.46411895784,211907.57813130197,216443.83262351248,219067.5160459524,206426.1498138917,207830.17230889108,216512.45851489578,215952.0466677248,206658.19133170505,205492.03935553713,205068.03783724824,213323.45839233667,210942.39377951785,214837.39905859795,209940.85129989224,202350.3785468122,209135.48199017826,215005.319633394,213814.47348009594,210463.30768343963,211934.92359604262,208184.78921305048,203316.09375,206283.171875,197679.5294879315,209115.90322533064,212095.2721088717
1111,188000.0,188883.953125,185255.3125,185069.375,189383.390625,186726.453125,186485.5,190535.75,189842.296875,188516.890625,191473.625,191082.375,190352.828125,191146.25779126142,187941.20904507456,190054.54832757838,189984.29596899272,189985.0418755511,191476.56236240736,187942.19397232524,184648.4429552059,187470.36279095648,187083.4451540611,186340.5900982532,189172.82123220598,189495.37343076774,187895.04137682696,184934.52052353972,187345.41319118865,188060.9294959921,184583.89427823474,189306.71760941332,190424.2890860102,186462.0047022074,188274.41446243433,192640.3767738807,189430.59417322386,189373.66979876746,186050.9866385628,191047.125,188090.140625,186802.51020326675,179349.76341936097,185792.49776488182
951,129000.0,129024.4609375,134263.703125,128218.0703125,130346.9453125,124406.46875,127587.3203125,126878.4609375,122498.0078125,128454.3984375,133315.203125,127011.203125,132629.265625,123911.2996371898,120009.90236281659,124176.84808019885,123666.48074843157,116939.40760089809,121439.37085166032,123405.30774653242,121643.66444759186,127817.72925308948,125349.84150868969,121899.64800552845,120826.96378325963,123696.75309324035,125334.29043308216,127456.90322079854,123768.23948720998,125336.66415472829,121227.19936215998,127889.28334767792,122466.32168655444,127306.02481602888,118421.07405311339,125036.1270020063,123835.22089475875,126221.38576353854,132090.1392275627,128478.0625,129278.8046875,137233.98502100565,138800.18443421894,127055.0737419097
1031,160000.0,135185.84375,139053.84375,134169.375,135104.125,140550.015625,134415.53125,137261.03125,126948.2890625,132629.4375,131605.71875,133131.203125,129598.734375,136002.29358938467,139467.7914731123,138379.9271130463,133231.26876092074,132752.53907186657,136940.72212026085,133191.44991145123,131348.60427302064,135192.63826673228,139088.45264330858,133316.86819629144,134524.93395351456,129405.59401702145,138214.61919551203,138367.2644003935,140988.23615683548,135694.6864088036,133453.43643791173,139263.68536755288,140299.91437627634,141494.01638946237,133845.58931764224,132815.3974171167,143264.78483811428,139297.8096557415,133390.33235330338,131637.921875,138597.078125,123933.15844721012,132934.119083089,139176.86214575186
1436,174000.0,159563.21875,160802.890625,165234.0625,161987.140625,151141.25,163673.703125,151006.828125,161940.265625,164745.734375,157825.09375,161063.046875,163404.375,161315.9705344273,163633.47371225004,160545.67386831247,161149.25952061743,164318.35773959002,161721.7208027538,160185.87918473844,158551.09848889674,165601.81697045677,165386.13909688464,164994.33436071634,160053.3554201033,168496.39716608982,161248.64472411346,167482.97547296213,161689.18652242675,161304.99535874094,161133.92018064595,163155.5878700557,165726.98070486067,165215.67569002742,160406.45155916348,158553.9067120868,163513.4517686201,159933.5798752052,179383.90578460848,184421.140625,180889.484375,176921.0587815373,166445.07841619808,162977.69823123913
1197,219210.0,225691.15625,230731.28125,228697.40625,225305.34375,236826.609375,228268.796875,240206.265625,226401.859375,232627.96875,233774.296875,226396.609375,237810.296875,231959.03210313842,228933.64651322615,235633.74600755537,236434.65712992748,230766.16163843975,230224.11564126395,237145.88410281367,232205.64054358148,233076.87305767354,230024.41756640194,227161.6340270315,232710.0310400345,230947.532410566,231784.06790308416,238972.1525497667,231980.64955270613,224125.11115779346,237694.08316493875,230284.76665995337,228919.2884965197,219943.9932761676,227107.50528850534,228269.77322727538,227206.43414683468,229992.47713213533,234549.08231349205,247013.84375,239321.359375,228351.93479449142,224251.91492490622,230133.28901111428
1443,310000.0,328607.84375,321332.53125,317850.0625,323713.53125,299595.90625,314039.46875,322430.875,342880.5625,329557.0625,325543.875,330962.9375,338759.625,313924.74532903417,317280.98694379255,325408.8446474529,320054.7530424914,311226.1217293531,313465.1989046189,317516.16951099044,316655.9505673055,320386.42682545586,326859.84685713804,318707.2762911098,330532.58266791666,312760.8772790326,321613.22964289476,321814.705867943,313244.6118159711,328337.6862051285,313831.6764286697,334752.16285838065,315008.7224852623,323550.86794565374,328949.4651347118,337185.9867775273,312528.09922938445,316013.28500250145,337954.5157142857,369196.375,392041.15625,312324.284139271,362951.4905785258,323370.53237764793
482,374000.0,341810.5625,360444.96875,334286.625,345674.1875,337925.0,342814.09375,345428.03125,306344.5625,312349.375,320795.28125,304781.625,310767.15625,330034.1659582535,346729.29863183707,344513.40935519955,336761.71196075913,338277.45240346587,339271.0864242257,326221.2754993205,319723.1488093542,342520.552677484,336543.7349071194,330671.51930913195,320778.02181642334,342806.7097630671,349866.43771325913,346110.68598901556,334375.0561924678,343797.93889910984,331855.0923166517,338412.9971158425,331882.1194842758,344720.94135084026,326557.08056102286,351202.1510040333,334971.5985226548,341681.75444524916,340499.4280952381,353835.125,360507.875,326775.2039908902,333336.0828761363,334071.34205732413
180,100000.0,119565.78125,118285.09375,116656.4296875,116401.828125,110999.34375,113807.2265625,117012.6484375,118081.3203125,120684.2109375,121897.09375,121794.7734375,118941.25,116040.40144054207,118391.7534146782,117546.69224709693,115497.44894980741,110423.33472105756,118741.04478198555,116701.16461425065,116694.03358441815,119138.06406017624,116689.13926813217,119187.92928631692,116652.43723329417,117039.59216512865,116158.48002755661,120062.38248126573,116924.16669315896,118561.86764816582,113232.99377786896,117093.04925202481,119274.76473773782,114629.74286013993,116727.99643548585,116246.3743592958,114935.82884979005,115364.92284134543,117591.87057061985,123169.125,114372.03125,115334.62456556965,99088.6301393437,113162.53318350264
860,250000.0,237973.78125,236197.75,246120.8125,234577.875,230357.28125,247919.90625,232674.921875,244242.546875,231295.421875,228494.96875,236369.84375,232982.921875,239178.97682463183,243335.33568486694,241009.24859657808,240859.5715894446,237231.75206903715,239960.60752310735,230635.37723331153,238322.97290945784,238129.31659464046,238814.05447029872,241168.0438844675,241000.99974773574,238057.0945432251,226657.2621696887,240331.1787626269,227211.84307087527,241947.7282820286,244411.73933832566,235026.46814099705,239817.18891934576,239498.60371837267,231975.98260558085,236620.80193268176,236669.96800265944,235836.4546415046,241032.95163265304,251318.1875,254925.0,233350.2873445154,230912.58486647453,228479.5198811907
1214,145000.0,124233.9609375,125497.890625,124809.4453125,117061.421875,124387.7265625,123481.296875,126792.453125,126916.46875,126780.7265625,122415.8515625,130762.234375,123122.7734375,129913.90536246498,124096.61969550654,131056.8332570819,130821.86880140954,126357.88688706124,128276.69006788901,128954.73972738319,119149.05683972327,128066.04358823376,129074.06006148302,126899.94190143974,127786.20211040044,126566.97919889749,131323.00729217276,126428.95797148498,132408.9461004388,128016.64905007464,126676.85395518591,126560.63306046349,134195.92506793648,130931.03386785,129885.91746736884,127535.5543223734,132459.32865066643,127129.66478352253,125335.98775998502,133012.578125,138239.21875,122870.6604192455,131793.46746543792,132137.96795275016
584,325000.0,270922.0625,258672.1875,243762.671875,264027.0,278262.96875,250216.8125,254572.46875,275426.78125,293871.59375,311867.65625,298875.46875,301067.875,266315.8579257499,271109.0924791286,278629.52598041994,262346.2735129963,262889.2320002266,270408.1012515484,260408.8670819389,286789.4936199174,260173.28489757533,269544.3210097293,275967.0265497078,272731.3408941147,269381.0708135844,276170.6036764195,278409.8303322178,268361.8846104651,277968.367921204,262183.0973032492,266378.11431469873,261260.48908379153,260249.56750582383,281586.7862234103,276273.2018523464,281017.5632716094,269138.79672579124,299532.4314285714,261015.875,223165.8125,313434.89452036086,315624.1495546078,279285.19766238134
478,380000.0,374269.5,382843.375,383872.90625,386826.84375,384956.21875,382778.75,381575.625,352858.78125,377645.625,353381.34375,356425.6875,364787.90625,389167.5328512038,370985.84570941236,372622.23546762014,368970.7389687211,363221.9610498546,379776.7888736037,390138.1563206886,369726.3990690807,391854.2229898964,365296.4274001765,373462.02648647275,386324.4602750781,381934.35641283105,392690.46283786086,372817.6990010495,394156.00528287835,369112.03477049444,372403.97766902426,379598.3131589759,391003.6991496587,380636.58939178364,369061.63791639573,374487.64431105176,363115.81291468814,393390.0737373859,369460.51857142855,366073.625,345663.0,399781.1027161791,402396.4451899654,394565.0753792811
1406,275000.0,300839.9375,293327.5,298354.1875,299641.9375,288693.375,302026.625,293585.25,293339.25,296000.84375,296989.59375,310526.5625,285379.8125,279083.2245435806,286252.9400543315,279109.0170734001,292413.9143513593,279578.92177255714,285963.75193940965,271838.2733592045,283950.17864074424,290985.5816497166,292998.35143802303,280778.44002790895,284435.85508823476,292546.0590241191,298740.0180930222,292012.2126775098,279736.75031424616,285179.16363263305,281975.3140598428,290122.71045367926,280149.2737833351,286228.1653950139,290273.4788970782,288596.1776615896,299067.33684405126,283876.71452996973,314458.60019047617,280754.5625,272028.09375,287342.98992391024,284833.6661459246,281746.62101709755
1147,180000.0,172735.671875,177724.171875,173074.03125,175790.359375,175101.328125,174506.359375,178613.671875,180958.265625,178965.234375,183110.90625,176885.265625,179176.59375,172355.1357169676,176848.77946024423,175541.16267217067,172514.8706981429,173313.0542748078,173999.37224728058,173305.4845835245,175869.90095643429,172326.62797251972,177291.53599056904,173241.05042776876,174146.57686732334,170724.31101504338,178902.29000831867,177530.96599480862,174065.7666679166,174198.1833462399,177996.07266342404,172780.97090495983,181335.6209548048,182098.770866714,176138.39955595686,170812.0686244547,174796.35132637827,171298.46488996866,184184.63685397935,182504.609375,180799.28125,181111.44245210782,175961.38651558186,174594.54200925684
1167,245350.0,257350.359375,255433.125,245803.90625,253964.796875,249982.59375,248653.234375,255316.21875,249899.921875,249859.921875,258506.6875,254254.171875,251003.34375,257903.61574807027,258888.52018942407,252617.6218151412,254959.22497126457,258588.80862365293,255424.7297234684,246821.76918103878,260572.56422127955,255174.071402911,265430.3863499996,258091.63076361534,253022.8363927062,250341.02242079034,257431.06021426647,253459.97450521635,254782.93663232768,256030.83889686243,254907.8460763242,251130.1726745971,252694.82399377032,257290.7035036876,258372.34189575553,253792.81672381746,262386.8219748685,254543.9303375587,243528.200457242,235754.6875,232717.75,255831.02782451443,223647.8857924551,248762.03447069874
347,151500.0,141491.171875,133839.53125,132669.859375,136895.125,142834.328125,135646.875,134470.78125,141946.359375,138437.140625,138565.53125,140646.84375,142963.046875,139262.14484520658,136782.6828086482,139195.457228488,141114.23387487436,135719.67178805202,138477.47182153503,139348.49121230515,139798.18493199392,136171.07565863102,140652.51416063812,139362.1688308164,140110.8657014425,140062.68175923373,138932.50700653595,136947.16232218646,136731.83635790242,138637.1791507759,141874.85596203493,137199.32971518007,136310.23878587296,139723.06588467897,139804.13798779657,142018.7188793048,143406.067144589,138586.7583063521,132726.35060283158,170665.125,166086.875,139918.86353433348,148866.60285079118,139557.48706282093
1215,134500.0,130233.875,130907.046875,126954.7109375,131887.59375,129248.8515625,126744.8203125,125733.5390625,127075.671875,127326.5234375,125660.859375,123839.25,128969.2890625,126632.63941674033,127905.30401002157,128248.23166244008,130093.42377638223,127346.56392175179,129821.36278526689,126382.72573209881,127315.075750945,129207.91175841239,128242.26842772502,127251.30391133508,127562.48251495158,129084.05813821167,130899.84804606799,128521.03961359864,127958.29252330205,127978.64512036712,130314.29449770758,127791.20217573293,130900.12327604703,128685.91451841233,127061.83394433139,129956.3144736114,128658.01474027657,125749.75111479768,130799.98102867174,125836.484375,129842.484375,124019.93343590832,136738.83213522023,129725.02196527903
1138,94000.0,91496.4609375,97542.5546875,90905.375,91746.8046875,94642.578125,92622.4296875,88404.921875,93327.15625,96738.5234375,98861.109375,94167.0,91359.3203125,88905.84238460234,95638.8200671919,92954.67449329037,92806.97530541876,96102.1595863839,91610.94633335153,88775.80324764694,96136.70612218659,94545.92574856742,93276.30158405985,89681.8659677752,90447.20880997046,85536.96514841526,88345.02326556457,92295.89574207747,100832.43917405624,95959.80068090497,89233.72645145615,92876.53994502114,92789.4275915037,93110.15728693777,92867.99439948588,92862.77387790894,93079.72591981698,90360.91954567227,94727.30792763481,73588.0,85500.5546875,90181.9562464687,90999.5283119966,98315.21326187367
1366,216000.0,201294.09375,203082.328125,204024.40625,199983.390625,200052.828125,199785.71875,197092.578125,207484.234375,201799.421875,203700.34375,200875.59375,205781.234375,203433.71358667527,200870.5052970681,203225.63119846466,201971.28260009247,201813.47379710368,201243.495109291,204784.59756441144,202276.199633772,202428.98508688615,202894.055740938,197518.82030207996,205952.03924506024,197157.0915497634,202315.85843858295,200984.2871146404,207337.51376700442,204937.6286386198,200707.8425321684,202238.96392077924,202671.05166320966,197218.16310719642,202728.2061018978,201703.15752437763,205914.82139596544,201079.3155506321,207526.1439931368,218169.046875,214704.046875,200030.57087047774,206200.92764707052,206929.61386400549
655,350000.0,373006.6875,387637.09375,379938.34375,383322.71875,374707.71875,377900.21875,377042.03125,380812.3125,409710.78125,392486.3125,387116.25,371499.03125,381345.6545038373,356433.1713676517,363127.55019032233,373742.68459659285,366705.8500306029,374050.6495386027,371256.60690001835,381089.2737508885,383552.344621027,391620.34972206096,375002.48550098116,365042.73350850877,369718.7998726818,348877.59864985856,376933.7907355025,382434.1502938593,385358.68707211834,375228.9256497498,379162.1638383958,366851.84947468626,374899.4091913361,379874.6353643577,372366.43474878184,370207.026925585,390013.62647138437,335694.34285714285,323508.125,319316.9375,374897.9250045398,378131.1537569567,380899.974684174
989,195000.0,198870.78125,201211.1875,191392.265625,197789.078125,195332.875,195734.546875,193725.734375,190711.3125,195301.4375,188720.53125,188261.484375,189236.859375,195522.05438903774,192979.0015222971,188427.13868376493,191916.3945635586,189574.53168826943,195735.17353661134,186105.54207812154,183264.63116432054,195961.61587467665,188265.3081943489,186608.67001278608,189973.28008338055,191352.75307107178,194074.11748391998,189575.81551339375,189788.9022623526,188543.5325948012,190163.81646615613,189960.88868031913,192876.43377343955,188357.47109718254,181664.61533804078,194652.87464064333,189174.8540161513,191632.06803254643,196359.95988011992,186841.5625,187563.15625,191487.1710291406,195142.20993703778,190883.59302775963
244,120000.0,133513.546875,132469.59375,133879.09375,136379.234375,147174.171875,130991.46875,136284.84375,141447.421875,137071.3125,136934.484375,135893.53125,132302.390625,134233.9593298811,133501.7192240411,136826.05725027868,134207.81987769477,134557.4705215885,135166.11252038734,139820.163563085,134803.46105657108,133630.4403360022,131657.64428025283,135535.8782679619,137403.86754580218,131463.86298069605,134363.91913582644,131494.9157921922,128330.17697395672,130572.43423994388,137219.06158318932,130762.03316413642,133089.01722965736,130946.76101348194,134093.49187516575,134788.08804492536,130223.70783063232,131812.25165870358,131189.81020930462,114699.0,130305.1875,138661.59212440602,135033.3362453901,129944.5556196318
1343,228500.0,258350.953125,261485.328125,267762.65625,256699.328125,253941.78125,259559.578125,254684.671875,255804.921875,255007.8125,247559.453125,254130.859375,248915.59375,256421.15828956087,253841.69780862378,257869.61774323753,254606.27687310203,250338.17606990045,257407.4646263248,257636.14741272532,262116.19371670776,262111.51798153677,256888.8916940512,259018.5890858284,256787.44489572817,256750.782791406,250153.28120670625,255040.31740994361,249802.42429187841,251875.97654652558,252955.52950054815,260545.30091882573,250053.81004012897,258230.947561349,251694.09214354426,255792.54752231934,247869.7957880218,252052.97414807326,257660.00592135647,225243.96875,231844.953125,258734.89339600044,246241.27858055284,249126.66657682747
1058,248000.0,222745.015625,228283.609375,219273.890625,227536.78125,227450.640625,221267.828125,222707.84375,226612.078125,220564.484375,233900.953125,234522.984375,233378.640625,224738.16698380842,221255.20361326702,227953.83129402678,220694.2313825243,230457.37394508882,225152.01001488848,225966.47686326792,219202.45290561428,223139.74663716528,220415.59737368964,230276.6781963832,226897.76774017408,223318.08720786558,223813.3155949689,222193.8420925617,228579.83662411035,225770.11823152547,232699.67756955838,224766.88193315017,224309.87387182596,228828.92325195935,226858.89532562395,229957.7923674039,222379.10506637717,226044.65988280653,221590.84388150295,255707.0625,254476.359375,219655.6940509185,220263.3591735863,226467.77141031658
1419,124000.0,132340.671875,133786.3125,134004.15625,132225.25,131231.296875,132272.671875,130230.2734375,131678.296875,129225.1796875,131531.265625,129622.9375,128809.8671875,132291.4294469982,131322.76357916085,131287.32731788716,130700.37758506439,128297.69247602524,131949.4059475394,133834.647547501,133698.33683842505,132082.239557944,132497.76950981503,130926.5509629894,135554.71067277796,132358.12115048475,131355.0504951458,130961.06993813331,132160.50015027635,130479.85449109811,131872.50592175857,132093.7229304152,131869.00614534493,131738.86050091952,129380.87530523555,132514.69212229006,130918.99443072664,134655.79337099267,134136.50558222216,129084.8203125,130334.640625,125195.88020235629,138085.10235748542,133210.7913743302
1024,191000.0,186798.59375,186849.1875,187570.125,188470.8125,192877.0,186374.203125,182921.078125,190618.375,187212.65625,188706.421875,188677.984375,193874.59375,188337.04564150044,190079.33831129014,186766.29154648547,188382.57107542586,190475.12220806637,189086.1421989298,191153.30918715903,188320.23317565458,186199.41581029294,190618.7778756837,189085.48497217725,189694.16394209792,188378.8453091096,189701.57050960677,186640.23986410003,188610.91286399125,188414.86713081095,191195.52515774022,188702.85684662106,187552.21031502282,192337.43544187243,194076.49506632827,190264.46453233476,194373.59558440885,190311.623842895,188012.08235188032,183744.625,180003.0625,184178.40322635794,183494.46618063631,187748.7325310699
811,181000.0,171992.671875,177455.046875,176620.65625,172872.953125,168776.390625,172900.984375,174031.703125,171725.9375,170520.984375,173880.59375,166879.0625,170423.625,175202.4179646324,175482.46010377555,172162.40472979378,175115.73529160328,176968.45886882854,173775.69514121895,173930.820497281,170211.09577906766,171218.57071291623,171752.6126802049,176284.84071464313,170021.34738737857,171118.29270721212,170214.4039052995,173288.0153736116,172526.02270636676,171968.07283573627,174678.40461822806,171792.16381851665,170324.84531157505,169712.0823349265,170651.61547324716,170477.78361237596,168600.27360270286,170657.7314377307,168166.57463878414,191201.25,186181.8125,199119.9965408503,202532.08690301402,178904.24878038486
1385,105000.0,112915.2109375,109646.53125,109582.8671875,107856.5625,109865.0859375,110930.5625,110038.9453125,107439.3203125,112501.609375,112788.2265625,110581.7578125,116341.1328125,104598.731827679,110828.52226989664,105584.37561041964,109385.88596356129,106581.16958603394,108397.70097570086,102928.37169346375,104996.36188181562,107077.95184902239,106363.1083250917,103865.16962867689,107271.6964494866,106763.71029176984,108146.1200750334,107812.27570780508,103180.39223737839,108565.60934649668,105646.21479645553,109663.54345063867,108032.19874442651,107532.41860915779,109006.72795417081,103853.20658792552,105361.34020184586,103253.47389831123,119617.2966486148,111290.34375,110120.9375,108159.50881579578,97789.10599437018,102249.86627772567
627,139900.0,119690.0234375,120199.859375,127839.5703125,116567.796875,121330.71875,126890.078125,124524.6953125,130432.0,127818.8203125,130256.953125,132954.890625,129112.1875,127898.87118996293,117588.0499381523,127345.61352262233,124852.19929685099,123598.46672338202,127245.35231973676,125137.90336814545,125821.7662024876,125031.21356601137,126382.43375396538,130180.63092719116,128023.77537628566,124539.45341201978,115485.09997062554,125270.18118698752,127734.45297484312,127260.07979594076,126987.77929273521,128338.5005961367,122517.54688017872,126756.96657678277,129804.82807591942,131287.8262211001,128749.02187356002,129637.38746874634,142498.4932430479,119698.484375,119219.0703125,134081.23343001993,126204.35934723305,127563.9082475701
814,157900.0,149587.25,147879.046875,149635.90625,154338.046875,152571.078125,151063.4375,146624.015625,145634.375,147715.953125,146287.125,152032.421875,149572.46875,150763.8328369669,147237.5084112336,149507.5578574857,148444.78114131588,147823.13282406665,150466.8494569064,146805.22260975628,151307.4831003412,151277.57129179023,152910.06473522016,151140.81310862378,146671.43165987305,148432.86335822605,145067.28539066808,149828.16216868398,149680.26129230342,148253.57584067574,147758.5517894413,147811.67721359266,147930.60056975472,154167.71623278782,151279.9733005859,150049.07703492188,150848.35321496852,150012.19352010754,149667.65012135185,147900.546875,157744.25,150963.36235709506,156694.37148549472,151186.71017202528
840,130500.0,122776.28125,123595.8203125,123005.875,123812.7734375,125843.296875,122093.6796875,121283.75,122796.4140625,119652.28125,123760.9921875,123418.5078125,123105.984375,122233.9549257912,121542.6138795829,120800.0068211224,122008.76353716191,124786.32708067422,123475.17589736808,125999.7708163129,123619.37764748346,123097.37605740616,123164.3845762433,121174.51511085594,125309.11515504999,122594.63855373002,122026.05345441811,121042.49565376609,124816.23784089707,121198.30318070807,127152.87613094454,126746.7500340242,126132.51275499993,124957.71498785786,122839.50804487287,120123.89515815294,125353.70761307653,123489.69206870948,120883.89977359152,114179.828125,122468.015625,121960.30892110502,118060.72225296844,123413.37425451372
371,172400.0,179167.796875,178850.78125,177115.046875,180624.703125,177131.765625,178488.6875,178465.546875,176384.25,181454.015625,178733.328125,177100.53125,177981.828125,178311.45713705814,179217.3420526095,175965.67194208587,177432.7875496375,177031.15581522038,178677.16382410767,179069.1458718176,176639.20729486525,177694.30443604977,177675.74718529006,179779.13164338595,175115.15616561662,179429.49443601,179729.2867979573,181919.7500024194,174593.07892949297,176815.82378824614,177913.46146832366,176767.08559850248,179706.74039055064,178965.9924605593,177210.2660151682,174913.80156858626,176399.87441560157,176401.0737131189,179036.88643616307,179742.96875,184843.9375,178853.00606307975,177025.20285424776,175235.9284108588
55,130000.0,117951.09375,114305.953125,117470.2890625,117543.359375,117597.9609375,117620.7265625,120586.6796875,121341.3828125,121769.875,118353.671875,128903.3671875,125265.046875,119151.89682143083,123897.85920859607,118105.05952059306,118813.96690956259,116762.82388616112,117780.93154485796,121211.69253308226,121225.86010405202,118640.3275728901,118756.04427283617,120841.65408493027,114904.93238437806,122804.03575648156,117806.72656572536,120049.47132925698,113152.28470404896,118632.25306678674,116328.8276234138,119922.00578265211,117972.34367380929,118001.91200973833,119929.59898444671,120883.12020462268,118269.57954663088,116589.10430229528,136437.8566192219,112401.828125,118731.40625,122188.71584011725,120901.50603482894,115102.39433591576
535,178000.0,195180.375,201314.453125,190267.375,194919.390625,193281.359375,185672.90625,187282.53125,189976.453125,191880.9375,186684.515625,199375.71875,193301.984375,190881.667915595,185862.83512025955,186764.66296072467,187118.314578436,189380.09094487008,187062.78482823927,190161.57182215224,186165.8132951914,190780.55006360798,190389.72605262656,188017.44788297915,194864.6641557279,189829.26445208376,191781.8105142728,191430.82307258275,186394.14726474072,190920.47172222473,189357.1460519816,189654.64830891226,192866.40655099385,192543.2701938716,203028.14315636063,188840.56433085454,194925.77885949129,189422.0532055887,206261.99113033398,194650.0,183984.984375,200911.67438829743,177146.6839756345,185100.8449239972
786,161500.0,162025.140625,154096.25,158466.1875,157685.140625,159588.78125,163218.546875,160985.015625,167386.640625,161019.625,162664.8125,167455.890625,164603.796875,160715.82730329357,161621.10352838444,161244.717978862,161035.2439626456,167935.4211310745,166425.220983176,169051.94821925714,158567.74647249852,159046.17246587444,159355.22536682,164774.27774704364,164308.5263851929,158260.72354734773,158958.07719449428,160814.34043063247,165821.14720215928,162328.54651889525,166147.4732903994,158628.3775028939,162379.89349827694,162838.85248320663,165571.7117314731,162198.1338059239,157866.74241235844,162275.6824351408,162883.052251276,168671.109375,172825.3125,148488.06775552034,173182.31516963913,166710.35424773843
313,119900.0,133985.5,138204.40625,138249.234375,140832.859375,134734.328125,133408.28125,136632.1875,130141.6875,134928.421875,135602.75,135216.234375,127706.3046875,136340.1508961809,132840.27688417165,133816.29785836782,135176.42114532046,134977.75358804505,135455.83635547676,137093.3769777452,135877.87992494565,135844.26317982277,132371.90296011278,133557.1604322298,133961.22106682014,138452.14180401716,136229.3246925398,135144.4593185744,133212.42532349043,131180.25745266138,136608.92489431944,131140.5997729939,132294.8825514611,134618.3501871792,124129.36552944263,127140.15177900348,132926.18720227154,132136.44122416642,133852.07655054302,125418.46875,129539.3359375,134410.47175224713,132570.0905581795,133086.8993658798
1175,239000.0,216337.640625,214369.71875,218545.484375,206669.515625,215343.84375,214908.28125,220363.78125,222650.078125,220504.375,214881.90625,210606.65625,245630.015625,230289.35275513434,218668.17870979954,226861.21320353315,225441.5861149062,234978.74071791174,223998.97214217854,220567.08403245904,224647.00757982593,225508.78335218254,229220.78506709382,231734.19529554073,231470.44378802748,220564.04668237793,206391.66402319734,225957.9916973742,222317.83443198117,231949.51263322975,235306.87567361366,225032.65581097157,218340.4461678898,230827.23701632605,232788.19197515442,230068.61035287744,228547.40669989312,222257.78450092807,206336.19900558845,231195.515625,230795.3125,221212.78770746477,219123.581216937,221920.8802487069
110,190000.0,182603.34375,194665.4375,186374.375,182507.234375,185060.015625,182957.375,178771.140625,188729.25,181298.265625,188050.625,182570.046875,193345.359375,187660.09014208685,181505.60344532214,189478.68866336145,184227.85573060875,189840.06640255766,188590.0844834339,184749.33530469035,187891.50946733638,187624.63809421548,184496.13441965,188644.81778596676,186377.71616906702,188868.56588581897,189351.6937806961,186115.967011616,181659.17939762046,184343.51287120336,186160.64589394492,185145.490288094,193043.7615434566,189846.31675331874,192450.8142037457,197542.3706028183,185678.94217838423,183764.89584960855,194807.6127097902,198472.234375,190738.65625,201079.60901124994,206166.89303025985,187150.68295034612
431,85400.0,96923.8671875,98059.1796875,98628.5703125,96734.0078125,96773.3125,97612.2578125,99947.1015625,99712.03125,96760.8828125,93117.359375,92208.0234375,98915.3359375,97875.32856367013,99383.34142879203,96540.94207292385,98526.97328297513,95705.6732571405,98153.29696159545,98246.08992585853,99241.19931456895,98594.58174430908,97289.6511266018,97493.17845313507,97255.472849876,96129.06602275909,94832.7027651426,96231.94502592804,97223.08181160841,99178.2514119111,96540.61240763369,96983.01917590872,94503.14034302393,96147.39479880803,97252.80299999296,98894.95015783072,97070.1911171283,98007.38565744433,98798.6356732348,70102.921875,88612.90625,97140.35530994552,89618.94539724088,95659.03707775458
101,205000.0,217233.46875,208633.390625,205275.84375,207770.265625,214778.578125,208210.21875,214618.875,223318.59375,217253.046875,226190.21875,218517.8125,221018.984375,212649.01321690387,224407.08344481417,218027.72544162915,208402.8272221684,219317.81245845451,216703.64019135482,215118.40236992575,212574.0140751363,213373.5370325856,219673.82557481594,216901.23698716433,218378.0573422648,212224.1924734097,216764.10449572318,214790.2531091962,218613.48603612534,219941.722065936,218823.15789063746,213928.03496019516,216043.41696356446,219397.37555999093,217527.1401323539,215237.896323168,223612.5678494265,219981.0432565313,200858.96949869063,200146.234375,212017.15625,228061.61395435617,204855.92236972932,216163.7816471587
514,134000.0,144152.84375,144531.265625,145419.578125,142359.3125,136372.21875,144617.296875,139141.921875,129189.5546875,136213.828125,133163.90625,129961.703125,140309.609375,139403.86794156392,142346.12196668002,141849.41220620362,142175.91177325192,135816.22069664756,139544.22553970866,138403.66853634614,138184.8618394538,141342.33861023973,141052.10737245975,141948.51254902768,137595.32932273712,143916.12381036024,145282.41438273748,144021.5401035795,141409.85610333635,143247.380530259,138741.0871131356,143648.05643715535,142122.50993776222,142121.99860230583,138602.8520908977,142353.56172465003,142856.39324066308,139324.42569819337,145463.1245279728,141029.921875,143080.28125,137747.51698274133,133669.53630775568,139832.96918179307
1191,168000.0,178706.015625,176952.625,177470.609375,176598.921875,188024.5,181052.578125,174432.3125,174342.875,172007.671875,183062.828125,180913.171875,180064.265625,178471.7239314515,179814.90154283523,175584.9455889724,181522.44375893092,182082.6901167796,181366.0344950041,183987.59540376268,182491.17494949332,177369.31321355578,178739.85827077582,177522.97153199412,182340.2353522921,178690.36524580064,186345.1535369578,180014.27023437613,174750.04809308914,170240.58580077192,179025.45657994165,175787.68296363257,189423.9354792366,172757.18725838498,170062.94721760054,163321.42212199987,168412.23281693703,174718.20615800045,174944.98827458257,191784.5625,184838.828125,174973.92284153128,175905.35819488036,174711.40988364053
267,185000.0,194678.25,190402.96875,187603.578125,191715.609375,190487.796875,192237.03125,194468.203125,194088.171875,194275.1875,193205.421875,194881.078125,188628.328125,194333.82139164986,196806.70527481983,192817.2378637354,198257.53833329387,190946.8946384986,196665.9247198379,195508.87964934492,193984.91001306678,193516.4692138303,193700.49940042075,193830.20453441722,194998.86773166514,197751.5200912755,194846.00249774684,190620.2439234485,190917.37658584194,191020.98880887553,191008.7420313166,189493.59473239497,196403.611399821,191114.85573305233,196917.47519524404,195973.2521268085,192463.66275458745,188492.3750908985,187390.35455515017,197627.28125,191210.359375,188781.24620279003,180088.40199461434,188736.3962140922
1291,180500.0,169473.171875,165841.375,161577.65625,166628.671875,171497.859375,164808.03125,169007.53125,166541.4375,167335.390625,165349.515625,168927.171875,169328.703125,173561.1901385511,168011.61632582656,165425.15748365474,170061.15584785206,173258.59180746367,168947.66023181553,169270.624397069,169396.0641692228,167850.72022690528,169331.83123331363,171081.6130804705,167288.8041416606,167353.8742671144,167067.05108621583,161764.6415234659,164036.99315151767,169543.7216889256,174852.50052398784,164551.95331779393,163470.21397312978,168451.9484494592,167972.06047861083,165598.37285766855,172536.8862832622,171705.99547280924,153947.8993071944,161394.78125,162175.40625,159336.60879656384,157841.029621423,163070.05731562205
297,152000.0,137676.625,131937.421875,139438.03125,142650.140625,141024.25,135834.59375,139593.03125,140213.375,141609.703125,141372.125,144427.890625,147461.25,135991.6677557898,134401.68892401858,135685.8988611747,135984.45272633203,136054.34874851978,133155.46123659308,136985.39510674763,136640.93108782987,132724.57291346142,132703.9910348577,132240.45497422552,136735.94121648025,135864.35558688917,137705.90134229235,134811.96610093978,137589.03987929554,136525.72718044277,134043.68194505837,133539.89791863805,137285.0501994108,134652.413657037,132774.57878860546,141944.3662829286,131196.90974388144,133739.04397618695,129449.53086735861,139851.390625,133285.828125,135086.1690980764,132399.45336714498,136207.5528253741
507,215000.0,218472.96875,222067.765625,217270.546875,221375.6875,214067.359375,222403.484375,215415.3125,213492.375,216036.3125,212470.796875,208186.46875,216266.078125,215754.96241494262,214553.00144790488,220824.82609525474,218451.1385605305,208891.94321663643,221451.9406903922,221210.98396500436,213748.69608158738,219813.93644373133,217778.64354794662,219582.18946327807,212643.5207516258,221711.23689374802,219664.9884597545,224967.91697255417,214936.1475873966,219715.76437366407,216377.96914838447,221495.65752212447,219736.50290063812,219555.98096706395,213695.1578994749,214114.33843257988,212280.8398885391,215988.49484576503,226318.7062063391,231861.4375,225942.6875,226535.17197509485,220583.65890073474,216154.18228653833
902,153000.0,142542.84375,147430.6875,143295.21875,142983.703125,144569.71875,142343.5625,139053.1875,145301.9375,143091.921875,140395.71875,146285.5,146696.859375,145847.0275763829,146320.95233304633,143939.33244850172,146843.7698396071,143562.68344164398,145874.1818316071,145790.2738801738,145069.03308985065,144181.70751266376,147973.6408492683,147361.1298766795,145931.19712266483,146964.60593280455,142898.048641806,145919.3412981858,149250.01020891062,146012.84382034917,144841.55530212005,144084.1873698514,143751.49081259215,143978.86471240158,146217.79943302862,148896.91058227277,145031.39452380867,144246.5918862967,136980.7371940078,163288.328125,152084.5625,141210.50319952032,139243.9262348272,146892.95562936223
810,106000.0,119559.625,119364.921875,116376.9609375,120472.421875,121710.734375,115872.40625,110017.2265625,120073.328125,121305.2890625,118385.4765625,115661.359375,130984.671875,115283.95289586397,114061.76039199767,116387.65016748625,114300.15197912726,114189.02007108135,117517.84941276934,110507.2143008083,114338.2756075123,117983.62561584928,119954.44609071838,115098.14763329153,116056.41666184033,115661.87460085715,117059.70224297895,120701.67205532872,114272.50470534337,120467.78642679309,115834.32669943232,115880.14141558754,111721.39652784482,119336.40569668093,118713.38252420859,120309.09766552896,115312.11559166314,119079.69516127932,125945.45563143207,137736.6875,131308.90625,117289.94301703922,114649.7803996058,114441.97295063868
378,340000.0,292682.84375,287075.46875,280062.40625,289409.5625,287538.0,291430.03125,283278.59375,292775.59375,291230.28125,291640.25,279023.15625,302908.1875,301514.1673544949,288642.0659349727,291652.5071557216,294515.5420836212,293371.6290918447,289376.62990574905,299565.1108178915,298119.5919037633,294231.4225827858,300925.5690946964,301460.5433060928,303695.1797676416,300632.69986175053,289212.7921386276,292454.14438650204,298913.52983767545,294098.97752790526,299487.64810098254,299557.41637910384,285635.2690291473,282528.0755558635,315385.6145645307,303687.52937112574,305698.0437337709,286767.4926220901,269147.0615136054,247640.703125,257353.546875,306175.78754383075,289885.57196030254,297476.36843749793
287,159000.0,189735.375,185905.203125,188842.515625,189042.71875,191803.015625,188596.84375,190147.65625,184191.78125,183061.34375,177183.203125,189454.796875,181968.765625,186156.47435078566,191538.59683012596,185816.2842437668,185962.080759694,186378.48898244288,182006.61771909075,191882.59193560263,188740.9595584199,187958.2157179473,188261.33751615274,177185.10942699728,189410.7534521898,184989.43916991996,186329.5340334857,179454.9678055302,188101.61789301148,185583.23981530612,189690.57852342149,188945.42558701208,178503.09383006257,188347.0246520218,186480.0357559035,186561.74545412062,189369.36739812014,188678.01735906253,179007.29506479547,174388.4375,178045.984375,183811.7356707994,185108.62568114692,187478.64155947618
1401,120000.0,120052.53125,119336.921875,118194.3203125,118780.8984375,118447.1953125,115106.2734375,118532.171875,117540.828125,121091.5,117672.703125,116480.640625,114221.9765625,120225.81737813448,123245.3155866407,123830.48851637827,121715.49316288157,121755.96909637187,123185.12862091658,119012.32833491654,120913.44861007779,118783.3893398239,122025.63921256852,122124.77977771079,122813.69460686484,121462.47273973751,122578.18374214241,122031.72263022607,117768.67199363165,122112.62281751569,123219.77301969947,119048.81266553684,123584.57703066125,120083.16375299182,126893.95939813067,119069.44123856664,118890.8769175776,118450.14769931289,120832.61165598076,107919.296875,117455.5,126881.06151855734,121089.43193947963,118638.19029177005
1049,115000.0,140068.3125,141662.109375,130976.7265625,135272.765625,142966.25,123785.8515625,138636.734375,150537.203125,147381.125,149098.84375,155817.015625,138329.40625,138745.99086984468,138139.00713974203,135939.20252848836,138296.30463518944,144590.16664292754,140046.89067550856,132297.13943198227,139928.35052914408,136571.14320372633,135436.89284298365,139093.63770824557,136189.80689700044,135491.9161443427,137135.53273185014,135805.1861337738,133525.70960147746,135595.49729638576,138689.2263305248,131693.70999838278,132377.47083593605,143076.93455209574,134197.52348554425,133376.63656131685,129164.89966880201,138555.72923182513,150961.8899768089,146194.046875,136906.625,149705.1248226308,138196.08535912703,134539.55391596074
127,128000.0,138112.578125,134070.5,138972.046875,135683.109375,135924.515625,135166.109375,139884.75,137973.796875,135962.625,139309.890625,140923.46875,135411.484375,139622.92358263585,141354.40814526414,138185.1475131018,142598.67495349064,140127.51921809278,138701.95479197125,137775.80577967918,136178.68132577266,137676.47713701456,137416.35345643028,141061.121232628,139421.66872069743,142105.14727847013,142982.89874672622,143427.3551847888,135296.8827609145,140025.76671180726,136207.0513247963,138517.01144207225,144366.23118628876,135513.12478943748,137685.0276056098,139869.457830784,132879.50441933802,139896.47172839876,146229.4781279435,129908.671875,137679.515625,136466.59670585205,136759.6021986716,135508.0303585413
619,314813.0,304619.9375,325383.65625,323220.875,303923.5,296598.125,312736.6875,328740.09375,330192.53125,317926.4375,308615.09375,319690.90625,322257.15625,304163.02297966596,290070.0319570614,303501.6548403318,298364.72386297816,293628.5958790417,298625.78622466314,305073.5240702976,301983.23124738515,300438.81130669196,299017.9008075901,298212.8376152868,300494.0920562501,305403.83551366185,303472.24023497046,300690.62763831095,305494.26580294536,300252.6435008166,296823.2080499287,298739.15443330404,304072.68212431506,303738.3306827196,283903.8237857371,290328.6194216752,292019.6932401585,288318.6540153655,333081.15571428573,339539.125,328424.875,292753.3605176784,334703.0928138555,310682.5151700217
293,131000.0,142502.34375,131092.4375,138813.09375,142429.515625,140187.90625,143171.046875,150713.46875,146482.40625,145244.1875,143802.796875,140827.5625,134950.65625,138134.33893580758,142325.23405300008,147094.9979440724,145792.7223505191,142600.64920787324,150113.4129817788,134865.12901050327,140190.92967929595,142961.5799602171,148290.91681472433,146651.6467933793,143767.41938614962,149964.18808348424,138651.77749798342,138831.99125186424,144465.5846984016,143819.55985177154,145586.84802612363,139280.86756487945,145078.27252068263,143991.45989728547,147919.24151175914,146410.74524229034,144861.55486004788,135627.5035355179,150087.83848646286,136945.90625,133474.203125,147190.83723920165,134311.9126449477,142447.29027464354
528,446261.0,477484.5625,478649.875,473115.40625,477599.78125,484608.09375,461180.875,457800.5625,456318.71875,438226.1875,446881.03125,465763.96875,461206.3125,471331.3732879598,461775.1684868579,461027.4630449844,477964.8220336589,448077.3396290062,452824.61956549506,473347.56808633014,464740.3085940799,470414.93630370987,455183.884297257,467236.8909032538,477558.1178851052,456811.8385560225,466121.4109324396,468015.51404691004,468325.1441105106,446745.13719478686,460323.51187905134,445880.80135830346,458113.4012817042,445506.18218842166,443993.4820147254,440280.3467005726,429139.1376996119,468544.16333572246,386071.2428571429,404755.28125,435479.46875,429121.35766289994,386852.12078911124,449325.97993623896
1256,127500.0,130179.984375,125814.140625,132555.40625,132381.078125,134450.140625,132809.5,133061.28125,138576.0,136345.5,134829.609375,135143.421875,132915.640625,131790.5960496093,130919.46271603303,131055.5356473032,133355.29031663793,130775.25679955867,133143.3308999389,130317.76899220525,130193.15823398925,133257.10285237146,131810.14358924705,130792.5102051446,128640.30414992922,137043.78508587208,131470.47566798743,129325.8054861574,131852.43504239563,137218.73382037634,131894.7224592766,131564.10906342635,127896.61758955951,129805.95743242976,132849.97149152381,134220.1120793328,134812.07703749288,133992.67679246617,128500.75261866319,129915.1328125,122434.3828125,126552.97897015738,126386.64801155971,130782.20898559788
483,155000.0,180041.515625,169936.859375,170262.75,191256.6875,175934.59375,161825.46875,186516.625,191364.71875,195538.0,196473.53125,192079.453125,191043.734375,176552.7713262117,175156.31512000295,185711.40140593704,180034.06006024557,178290.5376713977,180250.93837120463,179100.96146890998,184282.1453416568,176834.6452894099,182560.20690462025,179219.1908927295,183282.37325153078,174056.78861343872,184374.64992807593,184976.77275176684,173484.06601050263,184233.4787755869,179012.86776342723,179573.1143373317,174030.76700946185,169640.98375485887,182729.08322513817,176244.22878843735,179894.05035261964,174133.84888334278,203033.84215986397,206617.90625,196859.265625,174482.03792303652,216513.69560104795,182586.38685138943
356,177500.0,174661.03125,173353.875,173911.75,181407.765625,182754.5625,176208.125,178286.40625,177297.6875,170348.390625,170550.75,179046.609375,171796.75,178777.97168421609,178302.87323669693,175311.79046251418,173664.7420026141,179169.10845306772,174900.08543004195,171225.63685178856,179810.8439618867,176579.8659970785,171807.2064541714,175914.19224872708,176073.9513587693,176557.71609512862,175190.82223391108,167805.0244877992,177862.69958648703,172028.92660525517,174892.76241951637,174729.56958946408,174690.0802493212,175981.7642646212,178108.5861984063,173989.70795585864,174632.22312057402,172674.27272727469,182486.89133296718,174521.609375,173691.453125,176263.25158832883,172756.68013081478,176651.194462243
171,128500.0,120362.75,124527.90625,125014.578125,124889.578125,120764.140625,124036.140625,122225.671875,128713.734375,122266.4921875,127342.8359375,126542.765625,128130.65625,127362.41428578128,122892.38590912973,122811.84245949758,120985.2691583413,121311.06477053108,123385.7575217011,126224.36986481071,120833.32520003748,122061.8635620217,122672.13753829862,124415.77137637451,118421.99526330997,125431.5459012493,122440.56635968572,123141.94792379449,123983.7600140883,123908.076279512,123397.06191445547,121374.74514137862,118063.41082805512,121547.34683752939,117859.51807438771,116632.58393026458,120691.94717150413,124452.6415667484,124905.1817871238,136612.8125,135574.328125,121222.34280756708,115216.86669187217,122002.49018476582
1196,176000.0,166161.484375,167063.375,165715.6875,168247.515625,169343.921875,167819.328125,167358.703125,165644.296875,165433.765625,163051.453125,163831.78125,166848.921875,166124.08975273478,163321.3235035593,164911.23499958715,166844.95108185094,167544.71211420282,165464.2483994265,167716.28052538118,166116.04248613268,165431.12254075098,165985.52999330335,167651.95636144694,166722.28557603387,165493.54835915286,163170.8009623089,161343.97090166953,167033.76744079945,166986.7784866009,161716.99360014565,166539.57765587265,164423.14610904016,168515.56616293013,168199.14546952274,170059.79796856988,168229.98796738082,166118.11901090664,172961.35477939894,163554.96875,159629.875,161207.3007566952,167591.12823254988,167110.44267241156
662,402000.0,408255.53125,402178.03125,386477.65625,397684.34375,392822.59375,382083.625,390367.5,373954.96875,373152.15625,384813.03125,377322.25,382880.65625,370350.03222218825,397464.81971619156,381021.28528826614,378653.5932036017,385123.5636563524,378707.0918113877,387202.44967411057,366248.9371839523,378307.1858502528,386371.3063403044,388809.2170511136,382061.02773536573,384624.3262881812,401947.97111110744,390012.14777121437,382696.7933392735,376957.14013166,367148.06030673895,387387.90237926674,394197.2961390308,384991.0364701832,386925.0873440491,385786.7434496065,385731.6412245799,368503.40212573827,329121.20857142855,345925.5625,382602.125,373608.6916531501,372722.50548179087,380648.80238056876
1235,130000.0,116474.5625,115685.25,120250.9921875,117195.1328125,116963.890625,123753.515625,115482.53125,128397.2890625,129060.84375,122670.921875,122448.3671875,119800.65625,123376.69286422992,118112.64135017472,123336.74177865233,125357.14482895474,130941.89079851884,125855.97845337425,125135.63059755911,131109.99004017955,127057.7992281634,132440.51367625923,129363.26192876333,126854.19888686672,119460.06181819746,118252.82741759559,117996.08143649178,130070.08056254423,132035.99270211428,122977.90221481342,122883.90238630195,124010.30017030524,133001.853118552,126643.26765608188,118393.10145614193,128898.04422193088,128946.22802303931,133637.707005772,134536.28125,116467.34375,123465.9799264067,114358.83038334799,126701.60388919021
210,145000.0,145924.703125,151946.984375,148553.5625,150885.484375,148419.171875,149364.15625,147871.0,155248.28125,147821.859375,146677.546875,151084.4375,153698.75,152282.33431635116,148195.96828411287,148365.66898715802,147098.63211740003,151051.40421558643,148711.29417978082,153164.57281374666,154024.06729800918,147953.01951498952,146377.65766825865,153478.60508133375,154413.1494853116,145974.28333210017,147779.48492906598,146623.33531659748,152902.44805087845,148206.5515080914,153669.9869044927,148683.67718037145,145864.54635312746,149596.92188336223,152011.87097867124,152138.84514444065,149533.0988514258,154394.41538944573,149717.74579032435,163025.78125,157855.0,145399.4097738994,152638.98890261728,152584.64715194592
486,147000.0,137148.5,142374.515625,138294.328125,141388.796875,142285.0625,137845.578125,135531.53125,138619.984375,143288.046875,142944.875,141066.75,137592.109375,135235.3190501706,134427.2776754873,130533.96962326,135340.86247983662,131626.27730506903,137057.71406591963,138590.81907558264,133629.1895420798,136523.68332771465,134885.9703922088,133978.42353901648,135273.91839394902,139176.22618257097,137663.80389459038,138075.88315160712,139042.0567748467,136230.47147434062,132222.96629724468,134441.87798400808,137595.13391176547,136739.8480683036,134490.1022604302,136063.39439844008,134670.01605478002,136428.02288739683,142269.04714873465,134158.328125,144113.9375,146189.83712015775,139885.1060972301,139132.79015508198
141,115000.0,99128.0703125,96944.4765625,94219.40625,98597.2578125,100810.09375,94938.734375,98124.3828125,102529.1171875,102393.34375,102042.8671875,104322.7890625,100050.390625,97025.39007305942,100515.9674231853,97639.85377788555,100177.79343744945,100352.52358144379,100480.80374065468,102752.49929956048,96932.94513444354,96738.14234934041,100288.69059754403,102693.06667826115,105076.7231328396,101397.28698132846,98586.01552752177,96503.62380130988,100511.82186818738,98279.00501521499,99083.53057737114,99658.42460226078,97381.01267775928,103335.42942696298,105140.34034485633,104521.6122610643,104422.5540172653,97153.03212230794,100272.50026852846,101145.2421875,97187.84375,103073.60605276906,88157.0882119104,98195.04839074025
1190,189000.0,194721.703125,201939.390625,196117.96875,197572.46875,193987.15625,195190.234375,199386.1875,195045.34375,198848.890625,197754.875,197164.6875,193322.609375,196939.7214311918,201195.3197568085,195482.53954477026,196542.78928556052,195474.80198318633,194047.08487244576,194999.4281824643,196586.62815842588,195217.7022227325,193983.39902015115,190555.62719905347,195273.81334894235,194689.43173256828,197496.61008301034,196498.81458890004,196882.20497708945,190469.52484066092,198909.1252278778,198147.94664885433,192145.0556573649,192636.81759831033,195127.23757834546,199629.56836639496,194262.6478254057,193930.186774685,192891.5691471339,198529.796875,192041.140625,197343.50661072173,190035.5208125509,195373.16284107743
944,143000.0,137070.703125,146190.484375,134987.3125,136612.90625,139531.9375,133994.3125,138757.90625,140212.125,149339.171875,143804.515625,146052.34375,131703.328125,134753.27979292057,134631.226174557,131767.116338555,133349.75242814136,131267.85104714902,133928.99023704758,134476.0721956085,133993.0745652046,135749.47091284592,135804.07453225245,129633.93406490087,130491.12388818526,136398.40902159005,141037.01573421023,136826.64449054253,129084.57822653634,133674.19149995822,132912.19310582758,131985.12673453905,132597.48772518188,128952.3183958284,128213.53788754858,129574.57461768911,131204.01739514468,129494.88048894292,145157.93541464594,133876.78125,138688.578125,146475.6908069458,126579.93223523741,128933.65604254109
622,240000.0,253050.921875,260552.109375,259855.046875,254805.171875,257250.734375,254099.25,276694.28125,271051.53125,260372.421875,265710.53125,271586.8125,249109.6875,262285.303640258,259303.09061096754,264299.7231741153,264904.4587270941,268898.24638497265,269855.79647350207,261497.2002324922,257414.2534319262,267578.46328534867,265694.7110750231,253150.30304116712,256585.42399749026,258940.39625639742,255686.53370191317,269561.2684844289,275477.13439180824,274168.8405762049,254822.47929843856,266358.7260238699,255096.1186337937,269302.20582948317,257582.41736442232,267807.55040978553,264040.5765211106,267278.9124327475,226676.83047619046,242278.9375,241287.203125,252106.8481180588,252712.98847555072,269955.5232365069
1158,230000.0,209106.28125,212351.046875,212152.875,209079.171875,208130.21875,209604.625,209262.09375,207228.25,207379.234375,205268.75,207006.59375,209230.921875,207916.82058743198,208197.19836386,208520.7229852438,208332.0543585098,204399.82726468504,207370.14524139505,207940.97598822854,207046.35757362956,209393.99196453477,205134.09982375996,207756.64306544932,206127.70036082872,204505.29791710732,205502.80334617765,208580.8715904922,204769.35385456745,208460.58596337392,206744.27920404362,207776.56041991644,205291.94569555606,207286.9255619659,202747.13140656136,203677.8546188668,203891.4195572902,204412.368089131,201861.89124794738,208572.5625,201609.953125,201958.18545997117,196287.81776625678,202951.78414928768
1323,190000.0,221406.296875,215065.953125,220368.609375,214056.140625,216282.984375,220608.546875,214759.125,217112.890625,219452.125,218226.4375,223854.15625,224754.140625,211284.99355290708,218996.8789962289,214015.1640801775,216149.81663553268,214140.32924483344,212739.6949209349,218923.01946572354,218338.55087519975,214296.48018460348,210150.5581909788,219752.97854302282,212873.1081300662,222197.51691027338,221889.80838217685,210739.69247093552,216395.0703333821,212338.02321334905,218743.1779985887,211113.5836512232,222577.56461296306,215725.15744852877,214165.21156591343,208341.39080107497,211611.50559822068,210125.37839285034,230297.9248691849,248426.5625,241473.65625,220739.97776182892,224961.85692440282,218004.9741619557
705,213000.0,211056.484375,207387.609375,206501.078125,210204.96875,207965.53125,206502.640625,208669.40625,203844.34375,202747.46875,200124.328125,199475.390625,208301.0,214443.21321556275,207105.13132070127,213063.88616157664,212070.22251587684,211746.4349469831,214681.19186061338,207376.13097187603,212106.00857661624,212934.50287938322,216434.40539387308,213680.7973862699,211354.83201227142,206303.65349967263,208477.0693866184,211716.44166354768,211640.6694502139,215679.61717603917,210336.69772903342,211835.25843328453,208211.5375442804,213836.94168508667,217036.81138007462,218905.6185195719,212190.41047490726,215060.0812430653,202717.45627832552,225982.453125,219009.09375,205236.74205266335,211425.21280981525,211521.87836457888
1324,82500.0,71923.2421875,70234.7421875,69433.7578125,73271.28125,72889.6953125,66020.6015625,69384.90625,65642.609375,78460.2265625,71251.5234375,73744.9296875,57712.3984375,65929.58696819146,65929.1557309405,58405.56263554879,64296.13116881657,62514.05587489401,64555.98525774775,71196.48406314652,60438.99941553097,62507.19444636541,59763.31007199094,64669.40379512749,67544.25259104393,66847.51673646587,68450.62309071435,67420.33996624537,64094.974644630194,60628.058909851396,62354.93176472769,61643.12920713684,69529.34129258936,61836.36059552225,59454.67484397602,59388.42464403676,59846.12769644766,58958.8362718181,86527.32761904762,117771.375,95758.390625,85106.6697854871,83220.06829398646,68146.23321838718
200,274900.0,300428.8125,299115.15625,303860.625,313485.59375,315712.6875,306682.8125,298417.9375,309514.34375,309975.46875,310254.03125,308301.625,305507.0,304416.1047054377,304774.5551407795,301931.96916608576,306963.7588050991,298384.56110300677,306064.7539144225,306432.2125791281,305088.9409567754,303708.3070252721,298558.74116679566,296257.9583051771,297212.3358712651,300165.81476975133,300945.5819746701,306404.4415372436,308006.86718759214,302152.87525284156,304716.2522982276,298738.32332967763,300659.02313152555,301106.51530888403,309474.76428542665,302580.1116866313,301639.85541867116,310125.68374480744,328073.05238095234,330682.875,327782.78125,306661.7528982203,302248.58928917395,306527.98417493224
494,155000.0,147993.171875,150059.625,151619.40625,150014.265625,150168.421875,148500.453125,149295.796875,150160.75,147183.375,146519.734375,147659.609375,145429.5625,149020.25411294837,145508.27428194377,146615.87952362298,149769.9555036083,149370.0561247625,150062.59479812844,145666.23530241963,148451.96583593826,146486.9935734883,144408.76701089126,148734.98596254832,145365.9308489357,149388.52512486378,150656.53367408592,145110.29726894127,152389.8023503137,146979.86108116136,147183.3827069738,148536.124776888,148093.40856814096,143682.15504378866,145971.9198577511,143346.82997407592,147664.4892120495,147391.92157546725,143051.50857625314,144847.09375,150746.109375,134807.03323968116,144394.86399396404,150274.7037729149
665,423000.0,381257.71875,368364.40625,348909.375,369518.8125,363011.5625,349731.21875,371456.8125,372298.84375,375785.75,385131.5625,372812.03125,373440.0625,341667.79511551856,345849.02563899127,351260.6908581162,347308.7163167064,338937.4446929537,351159.71239903476,359454.55086628185,349271.60162861313,357165.91938702355,362775.5200713128,344475.8083437778,350121.55804815324,343335.7407966618,363166.6756744567,360552.34590040724,357144.57607156836,360419.3188652776,333829.0716282005,367309.36318519246,360711.4985662661,374397.24251082045,368217.6133567623,363791.15474979364,353675.5050220578,356479.754079344,385522.7471428571,373278.34375,383001.15625,393174.3831993517,400063.9931514277,366331.0185288447
1340,128500.0,120510.2265625,118006.2265625,120494.7109375,120676.984375,125938.5078125,119773.0390625,121650.15625,119154.5703125,115802.7578125,120476.8359375,114506.3125,118197.078125,122268.85477212616,123516.46524730587,121858.14784702695,123702.14749219862,121522.77971199552,123571.57392673391,123591.89196960845,120306.21051583688,120253.76926759513,125433.86298691631,122919.2507854771,124445.13942493119,122765.82939332836,121796.52742846795,120777.18858846852,120745.70462416364,121359.74955072947,121862.13912752278,120560.42839097888,123961.15780978542,126194.16990187296,126653.55970442227,125792.68992034886,125121.8310695449,122392.80836881582,123183.75741132817,118051.578125,124143.953125,132770.58885841898,130480.1760463169,123115.62376735544
1059,335000.0,346260.5,350139.71875,344329.15625,346813.0625,351246.40625,333964.46875,358179.9375,339489.59375,339317.53125,339112.375,349546.71875,336033.65625,353860.205591092,351578.0787596922,348663.2491538096,350865.4580419798,343039.24365162465,349336.85026706004,357344.2134468221,353567.0157706124,343092.6668686312,348093.2692804897,349933.2411225076,365228.2914425418,352911.75978042436,354327.9126960995,346768.30630194955,347720.003418161,344321.2003937318,345692.90670223057,339578.84164190514,355190.617113552,349942.8969879774,340784.78815055353,339490.95427524584,352229.58804961876,342795.19258598896,344419.2942857143,356207.125,361813.28125,346216.354439729,344059.84429042356,347145.97390161327
1188,262000.0,300325.96875,288863.03125,304504.3125,288699.15625,307564.15625,294900.1875,289094.8125,317357.375,297009.15625,298453.9375,318909.46875,286967.125,296916.8556256305,298098.7454163912,304243.20484533237,297838.8785775431,300984.8628874144,302902.9779458655,296806.2593620977,294994.55614655325,296715.86383580643,301986.47444671934,299403.7064757282,306808.15958108596,302725.25689987093,303763.19205159775,297844.95877364086,293850.20142292546,294941.43355157383,303362.84919933986,292294.7531043232,312799.4744294982,291660.52224556566,295572.14485817234,285902.3279685998,289424.59220701584,291243.10414600116,282016.9468624914,265335.125,261996.546875,275571.9936376989,250058.1165226737,284412.2982960612
11,129500.0,125438.78125,130947.25,129279.9140625,128927.90625,120572.9921875,127559.5859375,125575.3515625,121156.1796875,126394.0625,122277.2265625,119768.328125,122574.6171875,121794.60912947012,121679.98971036485,123646.28482393394,122232.42817971394,117558.80240189421,121470.69467781125,119043.40320445171,118436.97622836004,125357.9647562807,122988.34172322846,120746.76509655,118084.26341640603,123958.27376644804,123570.09313441277,124384.93271348262,123472.81519590301,122280.41842437767,119724.46125469694,123118.9757517226,125711.71429439397,123756.65709650701,123040.80026806111,123792.86951741629,122944.08357021243,121037.73234478518,129846.99232837507,128307.1484375,125740.609375,121808.80633672072,134625.21895397242,125706.0307276005
148,222500.0,212351.046875,212797.453125,214195.203125,215398.265625,213503.015625,216183.171875,215961.234375,215815.140625,212671.65625,210146.90625,216526.296875,218863.9375,216646.06345159,216160.0034328474,209941.5012702542,210913.24615630353,214995.11138692623,208887.22164141762,211256.7006884848,213713.07914016658,211710.22607731266,212167.86946651043,213971.24851918753,213569.24440767174,211535.42346403984,217863.29362255722,212001.88669085945,211456.9509519869,213512.9305089363,211485.3191192875,210847.9180327499,209395.25845303008,213462.63502877552,214103.03099590953,211835.86737993106,211045.31276891887,216479.5483407129,223732.20873479694,219388.640625,211406.1875,214061.22054658766,221231.9059595468,213479.3328057347
765,270000.0,256547.828125,240679.78125,245214.578125,249785.03125,248093.28125,241291.796875,247299.5625,243335.859375,237082.3125,247006.765625,239311.390625,241631.03125,255688.33990090436,260280.6390030199,251134.4156950276,252479.83676448133,261705.36500814735,257155.67864146485,258929.10582929806,246846.40041891986,247513.31444940314,259333.91297617383,256156.46741024966,254574.6054749449,256165.5762190235,257585.27585567898,251652.1075551699,261070.26884417652,255362.3537836791,252874.59514751573,252265.8144895266,248794.9420309016,265090.7473913299,261067.92538020067,264052.24133236095,263071.42202535237,250606.3328345032,250621.3512244898,254134.890625,257749.984375,239509.9899093859,240839.28670001554,256685.4693546682
283,207500.0,214229.3125,211570.765625,215748.171875,212794.203125,217234.296875,218388.609375,220782.171875,226191.15625,217768.453125,221141.5,224204.296875,225759.78125,221170.58644449423,217484.3833127485,218958.79577059567,218244.80616341004,222234.65757167083,218984.5448886885,222296.780285477,222538.83681831436,217973.34008651928,220507.82709146032,221513.6429422709,222123.11672059473,216538.9632847373,216436.07348095888,214575.64021952703,224750.8728168502,222579.93876415645,224196.33967484263,221323.20386679395,210634.79940425887,224559.29371926136,222191.54822599876,222526.4502472107,226089.43626400517,225604.9361733494,215238.00522387752,214744.1875,209968.5625,214729.72514362377,201164.52148431513,219828.47424157592
299,175000.0,171783.171875,178531.078125,174170.0,177662.484375,175284.953125,175811.484375,177656.21875,167171.5,176584.0,169857.3125,173875.703125,172327.75,175231.04972206324,170501.9737359324,175234.69478056065,175313.20479715616,173937.99106280552,172721.75934607163,177544.66118541133,171314.02145568942,176177.09935665005,177958.86136561842,176279.30449211632,176307.01527381732,176749.79919891706,171923.5582445855,172149.57435128852,170076.65678087564,174914.34464599044,173205.65655951848,176802.214730391,172976.09614913815,179676.29364973019,174431.9045177872,172336.72851326808,175694.1065434016,174076.5093561701,179011.98904882153,174835.953125,172561.140625,165533.24897321544,178666.14497269204,172011.05421296187
919,238000.0,271733.53125,259385.125,259598.1875,264376.96875,279064.46875,256081.6875,269511.9375,270787.71875,264941.09375,273035.96875,269390.40625,261061.15625,255105.01369957157,266584.3444944586,253823.91352766563,258312.05458360972,262053.44736777354,265593.05427121394,261543.72017825802,258963.08268321585,255145.61307899148,254679.58056449273,260169.17844356658,265518.13285588496,263324.4812764888,270831.9078131244,261218.48315712722,247616.71731910098,249928.34994107715,254796.63868273786,258056.72613464438,276647.4874306395,262029.70647772853,252852.82849223056,257426.9657387704,268441.7808434353,254948.55384288635,295305.42714285717,266074.40625,265127.625,258551.79872293843,250977.08559300404,249388.29632039557
292,135900.0,125904.5234375,122051.4140625,126273.328125,121697.734375,114248.515625,123999.2421875,122238.7265625,119389.53125,117250.984375,126791.3984375,126542.96875,113665.484375,130021.54738696867,130905.9142840438,129658.3112197738,126503.83029540742,118851.84154228076,123867.94094380549,126523.2386585639,123551.35671835378,125948.08969799273,127254.90573851013,124709.0271772757,122255.59276161886,127250.16533896652,128125.97692673732,125484.43767832383,130505.00270552305,129998.18674891668,127022.74561427963,127053.55050455905,124703.31402681318,131424.53162592807,136673.9363237296,132740.77372337956,133039.5739264915,130024.04295319953,132687.31357142856,125756.4140625,120781.296875,131049.8730108442,140545.1480389412,132679.32693937162
820,224000.0,220790.1875,212438.34375,215474.484375,216995.140625,230084.15625,215220.453125,213103.5,230323.265625,226811.171875,232398.09375,237451.015625,236287.984375,220033.0178247833,230717.0960846964,224391.8835724305,225352.01040118825,236130.35367236444,224271.34370458056,227289.09781113616,218135.68871059676,219092.22838135558,226115.6883267388,217878.7910638906,230212.5978705448,218691.90548510288,214959.83728286732,217782.36324834527,225704.06413752778,225284.2921467767,226753.4991368551,224637.02844557122,226232.36698987702,222442.66113746716,227450.05124256923,219216.0544690213,227991.9932226253,230000.65065734182,211026.43741839012,233640.96875,226362.390625,231871.2512625455,210999.851761381,222890.85796751542
574,170000.0,171009.859375,170903.71875,168172.59375,169947.546875,172282.421875,167598.125,174743.171875,166474.25,170682.921875,167713.53125,169812.296875,174773.609375,168378.08434705783,167648.1587569359,171694.6572844037,171105.81641886066,166586.55006189249,168975.22333319654,164744.04173782706,170657.66088422557,170190.93730601916,168723.37026942233,167889.0531332758,168773.31455362547,169551.84149466915,167394.01195844432,169192.5489532445,169942.8105150213,168532.4255823249,167767.51143995338,167317.08481825943,169478.34315013417,165490.7084937389,163924.2797225017,168007.88842465205,165879.06867763272,164063.47561856886,169237.89533031892,171646.6875,168806.5,167864.1049810541,170430.9357591081,169832.03069988143
1455,185000.0,181435.4375,183593.421875,184168.4375,186722.890625,191938.0625,184782.78125,178567.171875,186818.078125,185382.671875,192144.671875,188101.234375,197136.546875,186434.7323627906,189726.6284939266,185493.36398065026,185277.45150137012,189425.85852521384,185253.94779773866,188248.8208358542,193394.42317040506,185325.8178473792,187455.66006213444,190978.69006854942,189756.60575983737,182407.28246340892,182111.8671486033,180754.16462560432,187540.98726267795,184468.5851365901,189433.12293906207,187201.98541544794,182332.72124785135,184859.91990269208,185110.16781425985,185547.2001849787,190665.92792564025,190442.9178784813,189217.1752722756,214432.46875,213091.296875,185804.0997330308,196420.0301510043,189468.43170840217
550,263000.0,222848.921875,233056.0,225607.875,226425.65625,222275.40625,228732.96875,231268.8125,228131.484375,223545.90625,225782.484375,231821.328125,231219.25,221664.23568944773,224633.49723846832,214532.30393829144,222789.02683278138,230529.49992664772,224838.37681537136,223711.91621266425,223800.91102947094,223957.03348425069,223746.22100346172,227754.20664122704,222369.14840547182,222913.64442672228,226035.73223565315,227004.3917165108,226506.98583380177,221295.46967186866,227175.48475071628,223045.3104612124,217591.0121748979,220818.77591483906,222864.19782320873,229071.42444933005,228368.03553025957,222964.75018301597,232854.48393863227,226415.640625,226445.953125,225368.0129732549,235378.49935762066,228386.5795839818
463,62383.0,122345.796875,123793.8828125,122740.1015625,122255.171875,122054.4453125,120765.0625,124777.546875,122610.40625,121019.5078125,123494.84375,121840.1953125,124955.2734375,120535.0062283891,120782.13371019805,122689.09635165479,122965.8654463926,118921.2712538198,122196.64510743768,117865.27104767588,119701.59810525358,122210.95496548177,122134.84593462,118798.01069085914,120926.1573315759,122196.89714372471,123578.73800803891,122602.92858773346,122213.20856996968,121567.97310299496,121947.26210188211,122052.67321208294,121195.17917082911,122451.0350702386,120246.28567878876,125488.87052941354,117181.92627174666,122630.5673537785,124687.23223489989,117710.1484375,119162.8046875,117544.62094089735,119705.08041097908,121406.80143181441
130,150000.0,140998.828125,143425.234375,136944.625,136044.34375,140639.046875,143466.140625,139994.59375,150138.40625,149520.046875,150635.9375,157327.796875,149674.09375,144382.30404950198,146025.32436250374,140942.26742917605,143959.7944252932,142627.07500283883,140958.53108690024,140176.95648325878,142782.48974103635,138899.38106515756,144193.00118225763,145323.9978860344,144521.88393854984,138676.05588302595,143882.76367730708,143477.6236248307,142371.39409834897,143284.44599426573,138252.2560175202,143844.63314670837,144770.0460545384,145447.88234352838,142048.3782456971,144576.9765689285,143562.898949649,140059.44856708933,141932.55393424554,159439.140625,137398.421875,147903.13899211283,139473.40612503912,141916.1277893252
846,171000.0,189895.21875,186988.234375,185271.5625,184271.03125,190707.734375,184920.640625,186739.453125,191209.671875,196531.546875,200118.625,202963.0625,189234.59375,190820.2329434988,185747.80473613957,180324.80077490388,179001.75519318323,186543.99046111832,181619.90771595362,185953.303180078,185849.5947787078,183641.20754443452,185601.70063621717,178792.99379283882,184465.5756925396,186858.16974113716,185847.39581798564,177845.67047927584,193743.33936335778,180815.16938549353,182557.08314765827,184531.26640178813,182088.97361477066,179493.23339776948,185714.0446332673,177899.867749826,169709.77965009684,188111.0043401131,179508.0963228244,186230.8125,183207.40625,188482.4507703089,182091.84782281122,190221.73273623188
332,139000.0,137108.09375,138796.015625,137039.34375,137180.5625,133284.171875,136279.640625,137838.359375,131661.484375,133803.390625,134692.0625,130226.9921875,130905.7265625,138821.21655425808,136832.87115835433,137396.6467364373,137200.7258116768,136195.40766820466,136668.1207824841,132815.29333525238,137652.25438591538,137618.05743792932,137434.5622182586,134822.95738014922,135882.8657776339,136445.46552911674,137830.13755968664,135811.55022936335,137516.00601476524,136265.03023241673,136077.09601986335,139678.05713357907,138231.84578093482,135630.56303870535,136116.1168383572,136721.25841350295,138914.38665701676,138014.67540366252,134074.80281651203,129655.3984375,130481.5234375,134439.902329283,134603.56254524202,136933.99043930415
324,126175.0,134415.53125,128036.984375,127299.7578125,129913.0859375,133982.9375,127472.6328125,127873.7109375,135251.0625,132043.65625,134410.390625,132885.515625,129580.5078125,130918.0021487916,128499.70118003267,134239.08393917876,133096.17608972313,137544.4264243599,134323.35958679495,126848.13399034458,128850.63645224048,133785.793135334,129600.62643526997,132234.38232514952,133465.17596793946,131907.64998197553,130879.77349172058,132236.36795439184,137313.52182029458,131379.72015235777,132239.60152283157,135460.90322792396,132672.64466691148,134260.83521861953,134144.0617848809,130717.98006161768,124863.7619708564,132839.7103227564,130252.29531744123,128080.96875,133272.46875,123659.39725047158,135993.14815784653,136285.45860845543
651,205950.0,203060.4375,198126.640625,201716.296875,200268.71875,203781.53125,205457.59375,202512.75,218990.546875,211315.328125,213011.0,212041.296875,216285.46875,202889.82240295614,206480.06267607247,214146.65406610508,208632.93531944783,211960.52363889493,206052.96437396586,201330.07999793108,210911.87930619917,206140.2991669031,213501.39488834853,211495.2561116005,206248.88765428364,206559.65004771278,197114.96286889768,205379.35020716774,216156.85803724572,209429.67937040993,210130.67980874275,209217.44846424402,204047.5142481516,216935.86601182062,206639.88119875005,214968.82403079642,220509.93506258685,207410.7070815608,197273.60484762065,197105.859375,200111.78125,198359.40060107879,197160.77140874398,212186.197898668
440,110000.0,114998.3046875,117579.0078125,122187.9140625,117186.078125,116802.0390625,116324.140625,115631.3125,115010.875,117244.15625,118563.109375,124693.46875,117415.1015625,115965.19817841529,112871.61687781816,109464.2366987712,111943.78173831344,111654.99480649018,111602.02959027948,112250.93292949168,112770.91459653956,111636.78954279996,112876.58755993153,113763.35766048648,114785.17739922213,115559.7109335065,121768.42946641559,123407.82593510576,111021.67931181904,112547.67100545169,113953.48979440793,114527.61971683535,120482.99656326165,116452.27484575575,112022.55461607875,111473.72401144572,110521.11661823966,113192.02715750012,127820.62876003695,134915.90625,132606.359375,139040.6220034344,123485.97375961152,113982.81263633064
799,485000.0,410904.25,421966.03125,395398.3125,410406.09375,424088.5,430636.3125,370294.90625,414906.6875,397191.71875,392597.96875,412183.25,406468.21875,421827.917502026,407122.2406634518,426338.0497054272,382945.6764427269,394555.13274261425,390755.14164593606,392416.3754798218,407829.87827523425,409694.7621264781,406252.4746978629,381550.9068304472,396759.8895870818,393156.49909988296,394611.87218424113,397394.9958638103,427245.6178174451,401387.16129086725,391084.86933463055,419053.2526139248,398351.91649372503,416048.4094213317,408933.38922310394,428139.3227379822,419214.88511160517,417031.1135921891,389359.9314285714,393073.25,405331.96875,399581.20837413473,386472.09171310643,418122.0876276477
136,174000.0,181043.78125,189421.15625,180541.53125,183014.265625,180146.984375,174932.078125,186151.984375,171742.1875,174091.296875,177806.984375,171226.515625,172916.65625,178257.89127195426,174236.18963878788,181249.27222486163,183405.4166431634,183799.15500981946,180333.59547495833,180543.14192976954,175710.5795378377,178573.32759543447,179094.6059679503,172836.67194678806,177713.6802467995,173864.24063999183,179781.4307455279,182384.6147002041,177414.55618110008,182870.4591348624,176871.83665828727,181943.9605614678,174497.83765880222,172657.9807139098,178288.56416140276,176212.12914292756,179969.09983395055,173102.76773701902,176992.11356364886,192965.21875,180052.34375,171428.29566782905,181627.76034362364,178296.55673975113
1453,145000.0,134998.640625,135108.375,140261.0625,134995.546875,138097.828125,140840.921875,139193.03125,133829.859375,132268.671875,136445.578125,128566.859375,135129.71875,137713.27643480332,136398.97494160064,136836.8896421517,135463.2206279416,138267.48883380543,137552.32430219394,137338.5288352527,139151.98411449633,137641.6652273581,139004.95814912693,136681.26723392247,139236.37293497307,134258.29155408795,135027.04500952174,133264.16516408176,141180.92538616288,137571.2655833506,137585.3255746005,138280.06776859408,134183.3407637288,142946.95183262392,139469.17771320062,140622.1005546224,140786.81284374636,136712.91529086742,140672.79176813777,120579.046875,127886.1484375,129751.97361351133,139640.76835830824,140672.00890734638
763,215200.0,213593.234375,205454.84375,207332.625,210631.0,209570.25,212143.5625,208212.0,219253.6875,212550.171875,215804.34375,218951.359375,219010.109375,218599.13753982313,216132.22144400518,221134.85449145088,218099.0882632533,223364.82390124313,218766.22537625913,219385.21439914574,216065.01723044625,213295.05517342946,216048.9675678537,221140.41227710014,218245.93020674214,217663.44116093617,216642.07891884452,214768.85660633165,224305.1937859822,219077.63228431184,215337.52711365648,212414.18755462347,216744.44791248254,217688.98604343826,222894.66474490493,218805.86468268055,220103.40793945515,214724.47391732398,187394.33988208615,213004.9375,212686.671875,200220.26809576785,212348.57168936403,221302.0381386887
933,320000.0,296827.90625,296044.53125,298689.84375,305205.875,298019.78125,302955.8125,302021.4375,299717.375,296891.4375,320700.09375,319727.875,308021.5,282478.81536470214,287837.07358059107,283461.25058780867,292295.8095435282,294352.4617036864,291427.7797732679,293004.244994604,282383.743307311,284307.76955749356,276944.43228046875,283494.55076716526,286154.98346973443,293015.54929035367,300760.63071560767,276206.54451638716,266840.10775296955,271395.47684781195,278295.0866748952,283898.45116960106,291386.32878504146,274516.6237600309,273969.9057802183,282938.3769556896,277978.3208264617,284491.9269799735,346087.65714285715,311799.90625,294883.59375,309922.81069908175,299979.1254528245,274775.9453703118
436,212000.0,212284.015625,210992.078125,205441.53125,210012.21875,207889.1875,210736.890625,212677.34375,219667.546875,212814.28125,213083.96875,211770.8125,222985.171875,213345.62308817083,218754.21606439917,215581.93667683113,214608.27594161854,223288.13023572048,213290.24200313614,210559.666226696,208952.43776175796,210831.94733954305,209986.80193704736,219184.2773282732,219583.4390918874,212700.9176935164,213399.94005287925,210928.58160595282,209826.72199331623,216570.4076340436,217805.4104069936,210598.72189969302,211999.98905421715,216248.14052729245,206374.60116458335,211445.0766842196,210024.99911293195,218555.96590021442,206918.90637658452,238979.453125,240611.625,214908.27448314824,215829.07600942574,211142.1538420788
630,168500.0,165288.75,168239.015625,163535.15625,164021.375,164796.5625,163677.921875,164041.25,160824.0625,161316.25,155237.515625,157569.796875,153660.59375,161432.38628422288,161311.4022977293,156193.8578558427,158756.40327611944,156584.08381225812,159550.51657841177,162075.26755974404,159845.45529851122,161177.57804126086,158271.53124378866,161084.87247785483,160621.75290372985,158911.32464984444,161722.30708894992,155391.51011791764,156957.89857246372,153298.0241423203,162675.34108577712,158640.4141577073,166271.92769436003,164660.0569162079,154506.83661133758,160791.57327817864,157778.63663155754,158490.9228196108,162645.06212058474,153171.125,161624.65625,156469.80243453247,164384.31790999026,158506.112485226
1211,189000.0,201319.25,197888.328125,202287.5,204040.75,205717.578125,198670.984375,193456.5625,197142.125,200990.609375,199147.3125,192584.515625,197939.578125,199343.21016835523,202369.70829134068,200783.55461600417,199526.96759678432,193171.09299083354,198997.2251203954,196149.02097626842,197252.1428794567,200360.5789576081,203928.29724988708,198776.18459415942,201704.0149879352,196619.9511504536,200032.02846322744,198330.30937605805,196683.43715061428,199666.04524386948,198476.52854676472,202383.6679729379,195926.84731122345,200260.08524904225,202426.30098157772,202159.385742205,202289.95439998776,197865.73692813417,206428.4585090443,211657.046875,204283.359375,197960.44822727554,190139.35636402539,195610.39450297767
1119,140000.0,135087.5,136065.375,135672.359375,134306.09375,137045.484375,136209.484375,135248.5,123565.359375,129688.375,132168.03125,128390.75,134637.765625,128691.26011525684,135717.70595907696,137221.66902104544,136554.50769095766,134126.0088072894,136759.02113189138,131407.07503912775,133087.46495837538,136301.12521666795,138704.00604609645,136784.6516300352,132223.2770010616,133355.13110447998,130866.39891866075,133237.75837053658,136539.68618465663,137696.6361994931,136855.60687230303,138624.89898538086,135974.0097957186,140628.1600380279,136078.05600185593,136439.26135052566,138836.94541719597,133939.03817487767,135935.6532944466,128598.625,133191.671875,136483.22596037155,128885.67292334823,135073.50938756036
1085,187500.0,186823.359375,180154.703125,182218.1875,182575.65625,185285.703125,182961.90625,180842.40625,183367.78125,182990.390625,182834.59375,186108.5,181966.765625,185733.20362818395,183202.84567454722,185748.18067019572,185535.8874193281,189028.54744686984,188566.45205224853,186582.16721731555,187127.8801623511,185759.85850371676,185327.5559597984,192723.1588965711,191458.23295114917,188169.01831661985,185369.36666004665,183871.1681506423,188890.27149962643,187141.91014050157,189556.83064644362,185821.01381867152,187356.79665551282,188708.4733094682,190071.93477937923,188096.50699682356,194631.40443449197,192284.706103642,179104.31126520268,181069.59375,185857.515625,179844.52800645522,172750.1161231717,185700.12550229073
159,254900.0,220733.75,222354.703125,225443.984375,223212.203125,215053.4375,225053.234375,229288.140625,225133.40625,225315.578125,230408.5,221673.703125,228536.4375,225391.89101621672,219541.31337701762,225466.02218274126,221722.5688279369,225498.11447493834,221864.2176899718,221900.12954874156,216256.3993770077,222188.24691282885,224620.55114662048,218452.73138792164,225038.5044813556,217355.4784324401,221320.05972328217,220472.59446737907,219543.91290957917,222739.8360451623,225506.29810359914,223693.1157035509,223940.39135755078,226640.61858387908,227096.783459265,226510.06186588886,219964.73047033828,225237.01268485334,235350.05370833428,231188.640625,230044.4375,218903.45177439178,228625.2651822102,221410.85280668203
968,135000.0,136161.03125,136966.171875,135658.78125,135200.015625,135031.984375,135272.25,137557.0625,141041.96875,141726.71875,143932.75,140639.609375,140268.828125,136644.99531606663,134523.05579972392,135104.8027908116,136018.8275850617,133544.29615301534,135012.62358066498,132209.1166215744,136472.3659754437,136074.76665165636,135676.19317314128,133530.77318824801,134516.73351970015,136463.98992505847,134328.829746234,135910.3004156469,134851.73511150113,137608.31889356885,136690.70213774013,135571.20622274574,133150.68759260402,133142.7285991269,135328.39854171142,134348.45666380908,135703.3319015832,137203.0622846966,136291.22061770142,126751.28125,132748.328125,133756.2298272763,138114.3113489131,135539.87308015453
1260,151000.0,154179.75,153777.390625,151956.96875,150341.375,155065.546875,152193.8125,155008.03125,152267.703125,151834.953125,154709.375,155108.484375,151584.46875,154205.1994789034,154676.94766243038,155181.1918430277,155272.60046608798,159345.2818985409,157869.52598507894,156769.11081757493,158316.5220546131,153895.11853526966,156084.39519151463,158476.2870517089,157997.29259473414,156654.00762242405,155453.89822109914,154960.194921085,157749.85710896621,158693.36382537545,157382.57704552714,155747.84700630532,155188.62176690847,163537.1944217291,162480.22069289975,161435.81046984816,158364.67091015217,153904.98264895,148250.1022243608,157619.015625,161327.59375,149642.45911069692,155578.00644997784,157207.28787430946
552,112500.0,116035.515625,114395.921875,115031.2109375,113944.609375,110344.75,114818.5859375,114089.4453125,114619.4296875,114370.8515625,114446.6640625,111226.0078125,114709.453125,113897.74573564272,112047.51722172034,114245.36136943974,115058.36493842323,110942.74974209281,113983.32450090878,111510.15255134364,111491.2603671394,115666.68289042142,115393.64079788575,113412.25390292618,112457.94759476725,114429.90775886385,115487.95108646978,115960.01077098452,114100.98486830985,115427.37152153146,113987.20770061962,112636.94469233073,114090.38650155677,113456.28096062707,114788.24119902916,111183.37991778037,112519.75698765757,114707.47315530987,114315.11423544076,118327.390625,115426.3828125,112908.15936286717,114366.31197947613,114067.38010506818
498,184000.0,189070.65625,179248.125,188589.46875,190065.703125,191069.640625,194858.046875,182442.84375,197806.328125,189312.609375,192279.921875,192353.796875,181164.765625,200127.22419229642,194491.7917217109,200583.7062280444,195824.97959137315,187423.2985798001,191291.89431343117,194277.43944890058,199762.54399374407,198765.5546855489,195782.61881330854,193448.08283241282,191937.8258681157,192855.9372050056,186629.2372905556,191397.30775723734,195939.6309941517,192035.48229832074,193330.29753389864,198272.62704874075,191260.13933642244,200532.19462593624,185926.30843814174,186016.23358871252,186870.14443031672,194684.47731859444,162081.2744681509,181912.515625,175152.109375,159691.92717551521,160512.28789028717,187731.95068126166
1032,197000.0,215160.109375,219128.390625,223763.796875,225288.375,209695.0,234682.828125,220984.609375,231827.765625,212600.1875,228478.578125,222329.125,243439.234375,216140.5041987105,215309.38461324558,202225.362535797,199309.4801990849,201209.12150307835,198756.2665547412,205463.438129329,198804.13143734657,212589.46835790586,198568.2321245926,207268.67580543496,212165.83232661005,207594.68696289617,225847.9386408495,215244.57924590632,219476.3399633903,197412.19958279273,191334.28428189788,209247.50498654984,224401.5123886244,206385.6278892959,210520.03382531554,202872.2800353415,199770.24982158138,215263.06751468347,241801.920860652,254516.34375,223917.71875,212105.34808963272,215535.51471840293,217690.17284763252
1263,161500.0,135996.734375,135206.078125,136016.203125,131097.9375,132426.40625,135830.703125,136414.75,138300.984375,135169.03125,138840.765625,136279.484375,141291.90625,133751.1270435871,130446.82071601666,140847.0126517219,135576.19806869238,138419.25701360477,137661.16742694977,136971.40185379566,140259.99651853365,135543.21962713695,137823.78235495574,141627.2061939014,133063.23387388553,137189.56868489584,135388.99410549647,141506.33117889124,133790.50972453062,137169.2188986803,135657.35993854166,138554.17419693942,134994.86799579047,134665.09998834514,139370.52570717517,140358.77762213556,134316.59887663665,133380.91389906072,150778.18119968986,148571.984375,156380.890625,151403.00322881815,164264.78310889076,140321.52696139133
1014,85000.0,91731.2265625,98533.2421875,102121.5546875,93723.71875,94607.0234375,102255.9453125,96968.4296875,82174.265625,91620.453125,98376.640625,91995.734375,91555.8046875,93922.78153176354,103067.59726096952,98529.67245049762,96420.42046380759,99840.23554203774,95346.98666216651,96207.12927244796,93980.48440412493,97933.4753759207,92333.22533600457,94917.92293044567,93004.38400585217,101037.47043394936,95546.75914302198,96770.8691853152,99932.1257262175,97494.99184104681,101207.93311351472,97814.68648980031,97161.046497385,95657.8480697191,90099.71528839339,93063.42895658263,96817.40706333345,96828.33029349583,108132.63839834157,97059.84375,97046.140625,90374.38853536468,84811.76126070486,96553.59809406815
1312,203000.0,194555.390625,195696.09375,197631.640625,195286.875,197030.9375,194475.609375,194894.859375,202673.96875,204092.453125,203381.5,201965.25,201214.046875,193459.52161700613,199680.14476692758,196821.3606592424,195351.89016146483,198968.78369781421,197036.26161622518,198905.38765888184,196053.68648766156,193148.81887821585,195855.36174459162,198130.3231715264,204975.07978578858,195253.66130504292,194984.7722233537,199059.45282671176,199428.12075124733,202981.31266143618,198693.356246102,196392.0837294004,202946.25452710286,207899.67617412854,202772.41414353205,203237.69865382093,203044.97265346942,197295.72762625347,196751.05401413492,211081.359375,208082.78125,198528.34326340083,195794.8738842291,198829.69044871145
567,325000.0,307096.9375,292435.90625,295252.78125,304296.1875,312750.6875,290176.75,282009.8125,298382.0,300501.46875,310643.3125,297747.625,289268.53125,296776.09054311237,315429.1857758153,291223.4313949316,286657.0712197727,290989.0527957144,293058.2081494576,296534.40934547846,289584.72252029687,285121.64539745223,290288.9342978703,284130.2668060698,295873.08249343873,289845.6323117771,304178.5652265479,290603.22196544305,289777.19761062943,291037.5222773952,290216.81655675545,293637.2515004586,296177.60499534564,288785.51148011105,298744.0032971969,297193.48592623376,306942.0089801398,292048.9115875678,309251.0528571429,320925.75,318149.40625,308376.7260913476,308218.52524594293,294592.29554452037
611,313000.0,319214.9375,313109.125,317049.0,318949.28125,318704.8125,315078.0,321467.40625,318269.875,322423.8125,307725.0625,318657.5625,329111.0625,310055.554154882,317873.6629036429,317228.1272803194,315680.95406106935,331708.0787516217,312098.32418134436,322780.0370121386,325021.0852816165,320301.77752975264,327268.7564029535,320572.6586965006,336054.73493337084,325262.4307992859,317500.376326319,323384.6325777788,317077.2633850572,324492.2649227491,320504.2468371836,318990.33866266086,311383.41591961356,323429.1590999779,333818.86793095106,325823.7939747317,327129.4908296331,321744.1522818377,346870.17285714287,328993.375,341482.78125,327704.3055444147,325105.8387914166,319325.9521463299
1279,237000.0,258792.609375,261320.796875,264688.53125,268579.5,268097.125,271735.59375,266524.21875,257320.640625,265454.0625,268763.28125,263899.09375,269012.125,260108.39464822502,270991.4943298927,261585.22852074794,262812.7237946998,264865.81539864145,261889.81944682912,262577.3232587854,262336.45283809,261767.65810487137,262019.7929659282,263784.8998800607,266170.0402768226,262144.56871593307,261743.68153892047,263887.9483149186,261129.26097247557,259516.50938853013,260271.51366269687,266064.50472532114,269045.3906727017,258732.83580869177,257096.32896264043,267087.9318835559,260906.469133302,261252.34663237675,251475.88326099596,225652.546875,229618.34375,259764.25957953796,220630.0590912109,252810.96910034973
1264,180500.0,161952.21875,159770.0,168172.921875,165454.1875,162570.578125,166704.953125,168425.546875,166404.578125,163919.5,165164.703125,165883.796875,163746.75,161373.8404557402,165430.5337137005,170711.08223196052,164605.6764866981,166789.33683934427,165079.5405565627,164442.8465957507,162204.40990556593,165043.08668930954,165460.24756412816,170454.74415630964,162072.25212067476,168434.79865161996,164337.6803158802,159073.85163111842,163896.03418507535,169137.4983415039,166631.54741403903,159679.8838238618,165899.32903392732,158982.5205525513,169326.1339523114,160421.17978234703,156379.2367825151,166146.3049380717,162231.14576378063,173702.59375,176585.796875,158561.34450821648,180692.4051092625,166920.43807090452
817,137000.0,138654.203125,131809.640625,134001.59375,137686.34375,141853.8125,128923.8515625,138300.140625,134552.71875,139080.15625,140816.34375,146172.046875,133680.3125,136217.15202871148,134911.49973879853,133688.3755570867,136413.4415061638,134357.00482938075,136141.693802998,136956.29071543977,133093.66632367717,133471.202386313,132519.26685474833,133503.78062980564,134407.3130761688,139368.3508362659,136983.85203232898,135922.7127096663,135901.63545490734,136223.8686389066,134031.3549876387,132646.38393588137,140164.97930633815,132884.5722142698,130334.16560634827,135410.57973769685,133826.84963681502,139083.34681122028,129938.10772942353,131475.046875,136476.296875,135800.67673988407,131406.9096409391,134889.13859978903
439,90350.0,97430.2421875,97046.6015625,90029.6640625,97527.1171875,99143.390625,89824.0078125,93670.28125,114223.5,106185.6640625,108233.1953125,107667.359375,113523.9921875,96933.47234229262,95054.59314687562,97916.94372652384,93265.64674812387,91904.89653457074,91597.69423189294,100475.59609935936,100974.17983119542,90356.13357018236,99022.04687972141,93560.98890697079,93910.79960765813,97109.76219378226,95246.52946996331,97577.20813475378,92301.01901009036,96265.91548472513,97792.64097877892,101084.37440850309,98977.27357572316,99704.16334244517,96558.54735695501,94194.83593132332,99655.87050762762,93907.881871998,102504.93095238096,88845.578125,95214.7421875,105031.72819412056,104259.8094185626,95267.897312654
941,150900.0,175876.046875,177391.09375,175934.59375,180564.25,175473.453125,173734.703125,175009.671875,171541.5,174616.15625,173074.78125,174324.625,170277.78125,173576.83838098726,167671.812426043,178772.73491915714,176524.0347935595,178833.36201128137,176669.76381715207,180634.74148005788,184042.83609660564,176647.78761159102,179840.12181546987,178963.3445142215,172951.65925403745,175071.26143682183,170424.14045047824,171889.8618269858,180253.31668342737,178197.44747899825,176346.8881490551,180108.3357810813,173572.7032617872,174266.84108978795,185046.98014851514,184317.6640068496,180071.4089965108,181318.30870059223,168479.1018961879,175410.15625,168052.828125,175681.64956243295,168455.07538009295,177760.45186749173
97,214000.0,223504.890625,219438.734375,219924.15625,222144.015625,219830.625,220409.390625,229603.890625,220144.5,219019.0625,217503.28125,216644.34375,216373.703125,221017.57334582563,230137.17719226688,222773.03774379552,220687.15139567072,222851.62734882053,215418.29862089845,224696.60034494093,225407.65543961004,220658.4820686128,221808.11662339413,219613.84637318453,225307.86779774167,221185.6062415784,220527.4415178908,223859.49605476685,220307.3971552612,222965.54915761272,223642.1955225585,219330.09902181776,222274.96665610396,220869.42478045038,218038.82157016825,220909.69374044746,222552.45248750102,219246.45870467066,217933.15324100622,205698.34375,208426.765625,216286.02575094183,201128.87618525542,216419.43653480298
561,121500.0,169436.484375,171605.03125,169092.171875,170096.890625,174307.765625,171500.8125,168976.421875,173527.734375,165340.953125,173729.28125,175416.015625,163822.125,170874.56545070224,172370.2061702022,170931.74966819704,168732.20365054076,163989.1300386841,171573.1678852474,170298.75258427882,170454.97435167656,168483.38591297314,167340.82577856502,167034.11762743903,170760.78721503122,173153.81664533177,173331.2283722636,170761.50357744744,171350.19503172475,162139.93095327914,171231.214277116,166610.60276200433,171705.46262515223,171729.43918296514,164807.41044775245,165218.948292421,165691.64587713196,167260.32398204858,164374.29705683852,176368.484375,165783.828125,169417.58162640702,165684.9527138308,169912.41318263987
1183,745000.0,416948.1875,420944.75,433459.5625,419897.875,425868.125,442772.84375,449881.9375,460448.65625,456642.5625,460131.75,468011.21875,472565.5625,439315.8113635553,444823.3726393583,451405.3772193243,440137.7649748217,457668.1361108295,448329.7434823494,432561.32221164525,450870.1202926702,434795.31750366546,434202.0565052814,444195.3162856362,427593.1925689344,419167.2863564941,412127.63671561127,424788.3498549179,443155.323490817,456729.48780727776,440789.6614772926,443855.1458679663,401309.26564203657,430251.12284792715,443654.80403142277,444338.05295535666,437338.2874400726,437487.1165706131,413396.25,511563.96875,528184.1875,413185.97168013745,458753.77250302205,445628.9950836887
472,190000.0,187453.71875,194513.265625,194247.25,192305.421875,182701.765625,197011.765625,189031.171875,197838.109375,189840.140625,188815.6875,197122.375,190226.765625,189985.7270043717,187657.53089235918,188267.09123383774,188562.83750946412,189365.75919337964,183069.5566513953,187016.88977848456,187080.54263788057,190371.35171477564,184254.13943311636,188854.35550529457,186856.01436640788,185217.6376238091,186540.0736767596,189511.7454914268,184796.2097979665,184535.43696691334,187637.0967699921,189443.40040247102,185261.74857604122,182756.4623359952,183548.06968385525,183695.4923908856,185088.88551702676,191697.267609558,194142.18532325863,187746.375,189187.53125,194677.27837059673,201380.01268729137,188355.18378407645
1005,181000.0,190423.859375,191265.8125,190392.984375,190609.546875,191556.421875,191293.359375,191251.03125,194307.578125,191228.015625,195044.71875,191784.53125,191678.578125,189676.12603376393,191690.3200359958,187471.85137976517,189259.53619607657,189208.26218901947,189814.9743874082,190299.88840710407,189572.01665782864,189108.65106039838,189076.1241346211,188752.5252071614,188878.07692916886,188646.20664247393,186667.27347291622,189162.06109601757,185565.8701364904,188690.4339838478,186768.92070004428,187589.36215869,186123.9298461774,188002.98017560598,188922.08469943752,187228.288502228,185009.20735233586,186392.08190585172,192274.89293665887,188967.90625,183733.015625,194019.9435337723,196029.84410943592,187813.17963184643
411,60000.0,101974.109375,105596.3515625,110130.28125,104386.8046875,103108.78125,106663.1328125,104018.21875,99579.796875,102062.0625,99433.984375,98262.6640625,100679.53125,102742.5370484346,102250.55412957053,100996.68599669368,100935.27889484103,98033.56200070267,101250.04149570229,100574.76594960484,103478.68469623408,104119.73645667321,99851.40002716152,97760.52703533802,102790.54837872289,103469.12593692444,102260.57017337908,106735.22863154142,101687.72967667613,103259.07775386774,96826.89913620384,102603.63040451994,105398.85593392745,99589.16955475345,106047.09727395236,100955.10376201931,98672.12904980029,101207.16173309938,124833.50294802627,94689.109375,99172.796875,116115.84440509218,93366.03543393424,100075.05990917854
964,239000.0,275476.78125,278320.03125,290751.5625,282192.78125,278074.34375,291657.1875,282400.34375,284742.46875,288173.4375,280505.78125,292835.46875,287394.625,277845.96912877663,287963.3116431103,277030.9831799509,284712.4276436642,271402.6983204114,280382.6776761092,268293.2487606084,267181.99708872626,288285.677049303,267959.43244804075,276110.3356972015,274613.6751681654,279631.44515435264,277654.85074211296,280165.5047598681,270713.85119952896,275600.9938089645,269789.4556215697,281359.17471075454,280436.49398692546,271636.7685465918,253066.24947265722,262070.3629941904,238457.68278326868,279042.2436137927,277367.52285714285,277478.1875,261861.15625,256896.0450880236,266535.0616915502,268227.96957623767
583,118500.0,122576.3359375,124256.359375,121997.7734375,121999.515625,125499.328125,125895.28125,118852.734375,119904.0703125,125342.484375,121577.953125,123679.21875,121748.640625,119689.35800795007,124277.09186636242,118116.56781577755,122135.35595545801,117555.90843329848,120931.02569901335,119629.22996455578,121720.53770770563,120133.05425220024,118507.49181130463,120280.80428186902,118743.1264119344,119930.41259681011,121951.40181575157,121939.19845645262,119007.70022398433,120860.73957201488,116696.25216916937,119905.42355035702,122633.24061430286,117221.36516499941,120595.09546777298,121389.19796355888,115043.25596659596,122526.00048293166,119706.20976190477,105929.8671875,104529.265625,122611.0644758215,107127.06036020082,116457.9556517455
157,109500.0,110193.734375,109820.359375,112417.6171875,109927.4453125,107842.984375,111310.8984375,113843.703125,111485.2265625,111870.453125,109139.09375,110827.59375,110009.3203125,108367.01237127652,110073.5001495801,110529.38235412986,109670.2482909456,108739.79343929807,110280.108238766,108082.64129779296,110278.0999825626,110840.22777759745,109350.1079235493,108686.16719383812,108360.3793019583,110834.42834507575,115639.63441939262,110789.02234898774,106476.17615166129,108078.85019913215,108783.51317120211,108630.63044591216,110666.21394976902,109851.71915485896,108559.72286232488,107179.9397898037,107919.7147437349,107654.20190989897,108701.00876000749,127961.40625,116824.2109375,108066.21474254648,109226.55273760558,107126.97148171102
595,110000.0,120767.25,119719.3671875,122682.0546875,123890.96875,123786.328125,122920.1484375,122157.15625,122152.1953125,119404.625,123624.421875,120784.0078125,118001.609375,120307.7933671399,120554.79818220677,120573.79518096105,118487.69462226376,125478.96146914455,120130.0429483522,120402.67632051854,119868.7657419611,121531.24908320424,119622.41133135976,119056.44022825213,124257.62948691126,118645.66344214493,122346.82278102958,118888.41203356901,118771.78693395856,119557.10553103373,121340.82524511772,120527.39212182896,120660.04325590351,121344.40695110611,119690.25652125222,118097.68032675085,120589.1567469819,116952.94913335356,122784.79239158893,109644.8203125,118274.7109375,118237.62781203593,117316.97254479174,118545.70158177505
618,105500.0,113731.9296875,114039.8359375,112118.046875,114549.7421875,114967.4921875,110990.34375,114239.3671875,117594.90625,112078.6875,121271.4765625,116003.46875,107551.5234375,113210.87907835536,116655.17867674225,111220.93090491167,113101.57997918173,113008.57456596484,113344.60369700518,114224.96988749655,113586.1636006221,111441.21231559936,112414.09495594715,113200.94257511628,112349.88345330051,116293.03008525677,113478.65136423206,113572.30539108018,111942.23972429988,112780.57745488411,111017.24144278975,112025.29467117833,115224.41444387403,113210.90404239298,108390.6348218508,109807.90677620098,116478.76856717921,111593.51476049019,118659.88498578804,112860.5625,110638.21875,115749.49599889854,109315.55046106203,111662.86130980233
448,199900.0,204298.5625,205736.21875,204888.984375,207407.96875,201180.296875,203681.671875,206447.125,200254.765625,204933.796875,205035.4375,203453.453125,200073.484375,201759.963582256,195745.78327916813,201128.3856192656,202461.33330224428,199286.75243309455,202490.10099127807,202544.83962934677,198927.14644803805,200887.351687023,203220.92571322125,201732.79607216205,199813.14523513755,207949.3553078973,202411.19640392502,200758.37756687953,197489.41954192918,199798.00605850198,201998.36592231283,202192.77482754542,200086.5081714796,200143.91108165987,197482.37730057313,199996.1330617637,200154.74668428747,198449.40575920494,209148.84386406877,205548.875,204109.265625,203979.19794535416,195625.16678352182,197325.24325215918
1206,271900.0,290576.375,289188.5625,279284.65625,278779.59375,295204.09375,267457.40625,291239.71875,274822.0625,285648.03125,261247.5,296889.3125,261004.671875,264902.49920552433,290624.8018378918,275566.5133791365,272060.61977665016,263019.315407522,269575.5329216521,276335.31437446125,277741.44209411286,267987.8863529987,264811.410546401,265249.69068389985,273666.59158806136,263663.67220157816,278211.8392437488,285684.53287670424,276060.2476553523,256958.06673442156,251736.48230204466,269090.18410651304,279361.85321200406,281198.56354366307,245539.57187011157,276501.77333617164,253756.20626142932,268453.67513808,282611.34349339735,252845.65625,241438.65625,283720.96796265244,257781.1450910089,271457.89682216966
862,131500.0,130899.5546875,137923.5625,133917.40625,131575.40625,123559.1640625,133132.484375,130859.234375,124675.8359375,126700.3671875,128910.875,122179.8515625,121519.2890625,131473.83974840853,123676.20385262568,128079.60376059257,129435.2816948468,128336.96861380497,129766.66779975106,126037.13242018488,125961.88150244011,128339.10385434768,129953.55372192142,129051.7555170784,125046.97279255437,124658.36796879876,126756.99042683192,130401.35982730999,123041.62537359458,132079.9666449883,126691.33759859402,129187.34120455658,127224.27594330953,134845.99081203676,130551.30254924347,131758.10926915123,126628.74080503601,127615.96504484744,136935.71312401036,139461.265625,135159.28125,123581.776722137,137699.49085736077,126207.0624891897
1011,135000.0,135442.375,123114.3125,118760.8515625,128042.6015625,128045.53125,120702.1953125,123965.5390625,126954.296875,126812.09375,125881.6875,127863.4140625,131587.265625,126287.60385000435,133809.70917452383,132208.2488145355,131071.20794218086,130369.17037313017,129522.57152789834,125398.22779935283,128781.10309035449,124593.67286265314,129171.24053227453,132501.34567146914,127982.7459095647,130468.79398273416,133490.82550604607,131997.55791844736,127707.30065806444,125285.52914095506,130677.82020810523,124872.5848009143,127107.4381008821,127731.30585834553,128461.86697487165,130608.45991820592,127931.86146008712,121834.80727117723,125756.240767616,114005.765625,120705.9921875,127366.3288872274,129032.90656261262,127983.16630471595
391,119000.0,112130.984375,114245.6875,117641.59375,113395.75,113962.8671875,115082.671875,116097.8359375,109051.765625,111388.703125,107672.3203125,109643.1171875,106620.8046875,113749.5251336869,117906.5251430704,114208.10634002695,114038.40709635636,114871.5142107133,112575.79250253279,108757.1852560452,114572.4204639972,116823.882606706,115906.53671939182,115459.33910511453,112477.85403170217,116344.78512946346,112040.62350071284,115886.24459771744,112831.635741654,114277.42388316733,114737.71054000095,117528.49319817623,111570.51967922127,116801.0738295277,114902.0860060748,118526.12480379014,115003.26654674592,114635.9299088713,125677.62500168663,117445.0234375,124797.8984375,117799.69320804672,127852.09015530093,116077.42338616523
1410,215000.0,209128.625,215929.9375,209542.875,209819.234375,210489.625,203273.1875,207623.296875,218930.859375,219262.71875,217348.515625,219943.109375,209734.765625,209853.18012122667,206845.2472258823,214551.75714857038,210747.58063205885,209818.49545820977,215073.17654580495,205922.74326873777,217001.6425271857,207777.31057884288,208230.68820040225,214593.82493566797,212599.8740826995,210889.22151639767,210693.01607652844,213473.50265010787,201261.92290482053,208098.41003953776,212546.0385414508,208555.28131334257,223052.05931736928,206828.4704957711,225265.90851943867,209148.33383336975,209719.0698979217,216296.0790496264,197776.81572297803,221600.09375,206552.875,211480.03053961945,202334.12306953123,202010.70849911962
848,133500.0,131153.09375,125611.046875,123598.4140625,128857.2265625,123105.390625,123615.625,124419.40625,133168.625,131121.734375,126527.109375,128074.1953125,127639.8203125,126385.57230349287,126289.31528391528,123610.54138728349,126073.9218333415,126456.78496474054,122555.83217856433,125304.54872843657,124537.1273577006,127548.91899864064,125564.37573901491,125564.47632128674,124981.14569926888,124586.86482091305,127997.73869531977,128237.02214622237,124078.01977123007,124070.40830010852,125032.63440987475,125499.68969457159,126967.77857465518,123788.0245160757,121387.01331456078,125013.45682064584,124200.97739404549,127546.0591048787,130379.75365736037,129796.78125,128180.046875,144336.80800707513,129790.93523734027,125565.20927732241
1285,169000.0,174649.703125,177779.59375,177399.203125,175074.953125,175135.0625,178165.734375,161387.0,175546.140625,181223.59375,185643.40625,166628.265625,187125.984375,178188.19721361552,171043.14982441,178357.03490124652,177006.90117670633,173843.77083500926,181857.43648497976,175531.69135890994,178866.1076915828,180700.4018393539,189316.9411972615,183510.55989787806,178631.3414022432,166596.32685648857,166435.65426970916,176416.25879371035,180447.68809768857,183132.83421439512,172026.28844739695,186725.15670573237,165256.6395342306,180453.7930276082,174471.86205889547,179370.3134438993,183959.81698430458,181105.70675140384,194583.56972623867,188167.09375,169760.9375,179180.8811580028,168591.4860717769,178156.31078536788
616,137500.0,135001.59375,137112.40625,136104.953125,137064.828125,133894.171875,137603.25,131647.328125,139637.96875,137569.0,141437.734375,137085.234375,140113.796875,134573.78351800097,138915.3179083114,134469.50656992145,135473.89486041942,133474.94450353316,138543.83082118208,134356.9996874923,137863.54088492805,136420.71933329623,138443.36594705572,135300.70059473455,135979.91731479022,138696.72015632695,135611.29776505718,138623.1025135069,139116.32890183353,134291.2078681244,137516.92920619436,138391.7694758328,138536.68667772418,137453.8347360567,143853.14484328026,135845.66640650423,134061.28328447448,132115.80786797503,148001.50216202193,159323.546875,153226.375,143964.28407646008,147777.78588891478,140741.44112847705
614,147000.0,116268.2421875,115438.8203125,111230.9921875,115847.984375,118918.8359375,111091.265625,115219.3984375,120309.40625,125525.6171875,128530.7265625,120844.296875,124476.515625,113882.79603017273,116518.63594267119,116314.45517935435,114293.03873857642,114701.71021871906,117143.69317927444,111906.8476830812,114936.48619061318,119226.44919692357,116270.25454740187,114731.98979584494,117986.98153583765,116170.20619655105,117849.62451257353,116920.78560798922,115911.05696848761,114077.32803866052,114750.71625360238,113276.11111241995,118597.83680048278,118289.02037043334,112139.68164545772,114007.15894759951,113387.747829671,113623.59078195265,114341.43309673897,132863.703125,132340.046875,119165.49628992775,107359.92111721868,114100.57766725405
1304,232000.0,221135.78125,214410.40625,213210.015625,219252.5625,219186.703125,219090.5625,218568.625,211795.0625,209849.46875,208971.640625,217907.046875,211156.921875,212465.19509081476,214657.62130404392,214907.8075912494,214247.84070656187,214550.92544032753,212762.77389618286,215620.59410697126,216287.46400434623,216849.8670120607,215459.55773580924,219832.93641144957,212874.68144987876,219071.82275430547,217878.3233470693,216798.66418970888,213075.66282052483,216070.67431134387,217316.35154807652,216691.9753598406,219925.6166942827,212524.00337008148,212848.67601047462,217351.79496792413,217476.26962117766,213186.85349245573,225366.86884109623,217025.96875,217123.0625,218346.61570270278,219586.60858493936,214682.7588654135
487,156000.0,149345.640625,150053.46875,145464.515625,150296.515625,146372.109375,148183.84375,149401.1875,147975.734375,151315.875,152674.546875,150474.921875,144996.046875,150301.74645136806,147170.01433416049,148154.89109595207,150593.56336905426,145806.8721197896,150249.5450538564,148439.8780615094,150434.02712158856,149503.0777686805,150150.15110733735,148353.35595772727,148938.78159736973,146910.65476338723,147413.08538173552,148081.74204889903,147608.7440586713,149641.83260063923,150936.35672200887,150300.74983220556,150252.08463779927,149539.9307740787,150085.5367151537,146542.3364939871,149402.55421653157,147840.268907057,143112.11049317947,151710.875,152217.1875,145511.51156034283,150184.91494440593,148182.36201351174
562,170000.0,159110.53125,162718.25,163011.65625,165982.046875,162159.9375,165568.15625,163686.5,157209.671875,163528.9375,158974.453125,163987.375,158597.40625,159286.04690609584,157128.20840851474,154746.99965397574,161637.73309551287,158262.70930865582,161889.43538952325,160996.15838246988,160348.93291654528,160413.31889182792,160282.38216900371,156093.0187188467,157527.44997739143,155952.4181660429,160285.16899565785,156385.03848776058,158471.5877599813,161585.17787293455,155563.82513599997,159921.67056527466,159114.66189297233,164037.59087058762,156827.84359575209,158152.50521970607,159711.11895870295,159163.59035937215,167496.6636483066,163213.515625,159585.4375,159196.04281145392,167281.84583844402,160340.10115136008
309,82500.0,102739.0234375,103362.9921875,109242.078125,104720.3359375,102140.640625,106681.4453125,105085.296875,106311.2421875,107348.140625,111586.578125,106122.6796875,103625.4453125,105247.90171536649,107364.42122712788,106164.8287445197,106962.83398483669,103181.85109030036,101897.2242598237,102712.26154114172,106322.24448059671,106075.56157134451,105000.4387196137,108810.43038853644,107637.04500233891,108545.95667145067,100490.44400934741,108095.82252009053,102992.14956011719,107032.61382992245,107952.08099681041,107208.27528773232,107604.76204489713,105504.70289610545,102775.26858946335,110878.52219313518,103603.02861807,102920.24631428295,115046.19955437418,100498.578125,102619.5546875,109129.37447767978,98002.6572680878,102092.726795245
462,155000.0,143751.5625,150755.015625,146443.328125,143461.625,145589.5625,149327.546875,149427.265625,145325.59375,146393.5625,143262.046875,147598.875,152051.046875,145944.23819241405,139633.73863013485,143586.95582902065,143007.57207458696,141945.748474006,142128.0755270144,137471.70277925127,143183.69885495352,146306.82845959574,147043.78416914796,141791.46369628154,144598.7759872112,141917.77968262022,143435.714208307,143007.2147920357,153100.0249039992,149971.35278587937,144061.83224788783,146032.185020885,145709.6052525542,144919.39157911146,149777.73001298954,148720.81544681804,143114.67293218593,149842.91006032945,149228.435,153643.34375,154680.34375,152796.087431617,154921.67754549603,153029.30709160416
1143,424870.0,454085.03125,460202.0,461839.75,467891.59375,451133.0625,454662.21875,463609.3125,443153.5,449285.78125,413966.9375,433331.6875,433450.59375,474936.53279622504,442236.3853005705,463085.8855084502,468505.6717500203,446430.92345095216,444861.30462855153,475240.89065781207,447969.7216878355,468339.765387578,468155.38448547694,457775.21120738337,459018.3550339879,454592.34911745286,464742.452314032,420793.1022379776,450903.47785704734,445609.7059412749,466893.54984430346,452802.3648606166,461229.94421205757,440888.87237320706,447867.68366308144,418438.74314636155,415883.1495063158,461477.7398402123,403615.7471428571,366057.0625,379676.09375,422140.402353826,397917.64439923334,438077.93438886607
731,236500.0,265900.9375,271286.875,268681.46875,261408.546875,265332.0,271840.5625,269224.96875,264636.21875,270764.875,277257.84375,269221.21875,272085.59375,270460.2976117446,272044.96417214,268635.26822437264,272699.9555675625,267234.91108240956,276437.01019175106,273108.9216859436,271010.73084591905,273356.8125778363,277218.1841710457,278410.4799993362,276357.2623342242,267788.5348811224,264839.20552998234,268102.65332326444,274766.67352547904,274458.72778938257,271795.1623851677,265844.0695368116,268664.2873942984,267939.4326018392,268814.50438388746,269248.9210491511,275042.0479948411,266496.2845411093,254676.75411838296,230072.9375,231709.671875,260208.66076650968,232796.44114876038,265965.58842314733
1156,218000.0,195869.734375,196958.046875,193023.296875,194971.625,200573.78125,193927.96875,196378.671875,203686.421875,196758.34375,204726.8125,208916.03125,189645.28125,195582.3513814864,203060.55709530675,194430.9344461511,194954.81660213863,196663.60177503474,198477.7272535123,200057.51716716506,195005.24212375813,193579.37490780553,194768.12254867377,196011.68699211473,199519.0532593497,199204.96368756614,207562.89053708615,196284.87529488915,194584.19107039509,192126.70622261998,202465.47850242944,192563.9486141864,197036.41101026864,198894.66304140093,194307.50413549022,198403.07076934364,191722.42915814347,197425.88399530662,192107.54808410635,225882.328125,226058.21875,222722.9283308892,204292.98686240966,196879.55069055135
1204,213000.0,210216.0,203201.078125,208616.28125,213505.46875,205927.609375,207057.765625,213343.046875,201182.296875,198693.265625,198255.984375,216622.75,201596.21875,206763.65028411956,204424.25803386752,207628.0783068777,209011.6876606829,213254.9381123507,203891.76184044397,208061.42146445037,205831.1168042647,204432.68043293242,209396.921235183,209844.4687626812,206825.2012841566,217153.1250890161,207816.99084426777,213824.13997816987,211881.05378131653,211519.5505175995,203705.29029859114,212602.55004643282,215753.39225973707,207884.88426225103,204056.2899083514,212405.09403787882,215335.75082184572,204785.6198616846,213472.37557617665,195150.34375,197624.859375,205986.73054538318,209153.71026321145,211383.7721241542
701,312500.0,299284.65625,308973.21875,311629.15625,293670.375,293215.0625,306420.0,291597.09375,299282.28125,299750.4375,303310.84375,288149.75,304336.46875,302135.8980040442,283205.1697514787,301973.27488962957,300293.29264025105,291151.95459992246,303647.03756029624,299552.178378435,295275.37015704165,301816.78366406757,297794.61054674577,294511.7197364863,303093.2717736915,297917.8264077604,292867.3286058738,300182.8664180321,297541.4361619091,296167.7840871563,300903.4647072932,300123.8572179725,296801.6132008703,301701.0440989207,302496.70539123885,295456.59702643653,289464.80254870903,296849.69380988076,324862.2637142857,302486.03125,300180.21875,323878.88855778356,320982.30987889203,302389.84911604173
850,187000.0,177716.703125,173277.671875,174816.671875,174129.984375,172138.890625,180087.71875,178465.03125,163187.6875,171010.109375,169449.5,166564.0,159827.21875,167693.88557934875,174854.50037989882,172867.59553042133,169943.5791968363,168781.5298008453,173198.47105483507,172706.12993079762,170025.04388848576,176587.20724712205,175414.08380931997,168648.28873862093,173349.05511752347,175755.02079062318,178892.29697288512,179247.66927445144,166222.28232451217,173835.3484005498,169392.45521721715,171273.9963013037,182290.4570425123,169528.74825525552,165942.80686880098,163388.96525498191,169918.20302168996,171478.3410050198,184122.9272573068,182970.515625,173471.625,170767.13864013235,177584.74909824587,168779.97889007235
1261,181000.0,195544.609375,197206.140625,196224.234375,195085.640625,194040.25,193690.078125,190664.453125,191457.328125,190764.15625,193104.421875,183888.03125,190912.90625,187680.43929150747,192859.6365931286,187253.07934403204,190618.62718173556,188931.2910945082,195024.73875747848,184057.4130966086,184548.51942925787,188910.950027271,187076.22140361537,192739.47466616606,192541.71889936583,194178.87787123997,192230.83173975497,188840.88411225996,180211.079742307,186263.54750824303,187658.04921576765,191365.8386555535,190980.13935136003,190414.50694733777,185479.64499903927,184408.90623213982,184914.53180475402,189612.46417078958,180820.3989502853,192432.359375,193994.734375,191746.98316305585,184326.2546707734,181437.9468053881
788,233000.0,217711.9375,224376.234375,225745.1875,218730.4375,221068.9375,222318.875,221661.9375,222780.546875,218264.0,219315.59375,218145.765625,224180.03125,217853.57530467657,215220.31548918042,213851.76139349217,215812.45758137933,222699.11942360923,218449.49040982462,224981.98686583023,212813.2207732767,216237.55635196768,215317.1447498943,219921.86485102138,219780.2134627411,213339.78414101547,215798.4575867017,218993.40960481655,218053.267115362,222208.37236254622,216057.53903508047,216590.28221142536,217337.79062769207,219436.67885678404,213853.0355279662,218772.9272302812,215834.37162073166,217571.57108659006,225197.04297613373,235822.328125,228684.109375,223303.8611367253,225424.08206842607,219545.1196033666
353,95000.0,99449.2578125,95262.515625,105750.5390625,96969.1640625,97662.4453125,103603.3046875,96161.0625,82945.875,87808.65625,87764.15625,90952.953125,83134.625,98297.66928774229,100698.40469516274,96136.52494805337,100606.91243090986,99381.04326586118,95983.36806194398,95179.30517189481,94470.77047394893,96955.90651109596,94637.66212061579,99688.01765040812,100127.75886734456,99288.98774185654,99679.6360040256,99889.35463778256,95021.87924537952,93356.83158106555,97593.60657476456,95501.60107491133,101803.47046313566,97424.21172769465,94820.60560779665,94109.67187743144,97395.0824704137,93254.6287115153,102289.99522961382,71451.015625,88358.5625,94207.10946550261,92801.87154088943,94659.30445796956
711,52000.0,75431.4140625,75403.8671875,72732.28125,76742.890625,76734.328125,74505.1171875,73632.0390625,80811.84375,78131.2578125,80397.390625,80349.046875,79603.53125,71870.94126679802,74300.89849153205,71836.10605477559,71486.86937072876,72378.58351612375,73488.60124466644,74859.37067309488,71570.28969802162,73624.95300366974,73008.52197913686,72218.41555734942,72313.9414604723,73556.31823186795,75207.81274211373,71156.81726744038,71788.87890734948,74539.12267138138,71664.43457927901,75774.92456610758,77135.39362789658,75940.24470422968,73251.45115089092,73219.88968675454,75305.83414817964,72877.46575975398,105815.58081632652,64612.8984375,73062.0859375,88608.21757731037,80075.85756983791,73898.85311985028
125,181000.0,159545.71875,161645.625,164360.859375,160549.125,159054.40625,163356.984375,159973.390625,169242.65625,174339.65625,165957.765625,167469.71875,162885.0,162059.4746922635,159117.42375147154,155561.1355701817,162151.87694152983,164687.735796102,159066.10675748577,164357.26746527033,157452.5557194207,165404.4996414372,161296.98063220116,161520.87522234753,159455.05896308823,157252.13673114148,157625.72751971372,163918.83397150095,173960.1535188521,167318.95184018317,164882.29543352846,156927.97650242932,162511.68802081837,160448.32410263532,163270.16464700337,152645.1051050344,164011.9979625257,163801.02617425093,169979.73391934804,193015.34375,174094.78125,169889.3024838078,166394.8491654242,171912.0481383352
179,501837.0,406541.375,399182.59375,417658.5625,416684.625,397814.84375,427998.375,425462.1875,411303.84375,421105.75,407124.6875,411234.71875,389751.0,428931.72312614985,401983.3291647758,422871.6999973536,417726.322780229,432564.97916065826,412340.1387644245,398855.98599900916,418066.30051938305,429277.29552183294,416055.16442715557,416882.418948583,423516.40664963867,418858.370194866,398824.6346183265,416407.0605249062,428558.69651352573,415860.197570335,405046.0065835682,420931.482896275,442847.22128860117,431121.11318894936,453081.17011956533,413645.51331239246,433754.4163827323,410321.6766149819,397957.3714285714,387752.625,396750.5625,442785.5855681589,411930.34858406795,425603.95030348597
288,88000.0,91832.0625,96479.625,98496.0390625,89989.3203125,93803.75,99610.53125,97154.390625,101579.3125,98592.53125,96483.890625,99788.84375,98209.1953125,100967.61975275885,94731.16144523,97684.46786895872,100372.18388135289,100789.27025330848,98594.0919120201,99826.83237028714,100697.35110593471,99652.1703833373,98740.21173748466,97407.81024423901,100565.0448733955,96660.7913900217,93418.82489565985,95480.15258354082,101571.26646526661,100055.58228324636,101755.48205450141,100058.27874303017,95091.5159353505,103057.45761715142,100805.8421568085,101062.41485131049,99592.80022759881,102866.47496729156,104064.59321273964,86966.734375,93982.6640625,93764.75471186185,96229.03973695982,100270.62342451853
1408,112000.0,120958.8203125,120453.578125,119127.015625,118796.078125,119547.203125,120750.6640625,119401.2421875,119083.265625,118073.515625,118937.5078125,120079.5234375,121534.21875,119886.15099195194,118914.08217266526,120217.80396257866,118586.60251794854,117597.8833294294,117468.82939757872,116270.57280370311,114512.63544750735,117772.70384473482,119836.1051891757,117539.2629432496,116261.83887096703,118312.99515627383,117795.91524124373,117580.66409313567,119883.52087187432,120199.9552410938,116701.0044765114,119362.354359988,117137.55223464807,114146.4922635185,116781.45049159673,116592.21267107877,117851.29384393677,121284.73234065877,121758.70686123759,114299.1328125,109509.0078125,109993.49007949371,109667.1801519111,117550.95210531418
1209,140000.0,146887.5625,144715.671875,143361.109375,143806.546875,139511.1875,142272.3125,140141.265625,140641.578125,140236.078125,136437.515625,142821.875,135250.921875,141540.73387475478,144399.0515965334,141912.45980453206,141915.930094362,141680.9522769972,143424.6038183811,139913.17149043226,142922.15192087466,143604.60057021037,143204.95633889237,141022.8452772041,144349.61272206853,138437.43590958876,141023.15593139126,138094.3810621204,139802.85510807505,140463.35699811322,141750.3223605341,141860.78359236819,137893.47392999285,142948.6213834592,139309.13121032948,146197.99643493874,143583.5269396808,143901.6348307746,140749.36749276638,144757.15625,143598.515625,135757.41419112848,132834.662463067,138480.62668868442
295,167000.0,174256.734375,170458.703125,165958.625,172831.25,164925.484375,166197.625,168046.578125,171146.390625,173474.75,168551.46875,160671.125,164351.859375,167789.80722696992,164328.63297134836,166438.7563627554,168326.50996465565,162949.2543665115,171377.4309853604,169710.5398907684,167492.93848442874,165455.31144820747,170349.97563297223,158863.14141887345,167720.67918324453,165855.705847482,171409.53372273757,170731.0828273352,162231.9560555875,164863.18266173336,161976.16418707464,164452.95687841144,173905.075809646,167661.33030392532,161433.6237236726,159312.67239442453,160765.6951944873,156017.3993690839,172758.1470693221,193127.515625,178676.03125,181868.71348049716,174781.66110258308,165038.73220886991
328,145250.0,136623.84375,140770.015625,141464.59375,142134.65625,140007.546875,139234.84375,142010.28125,134604.828125,141289.828125,141016.25,138959.140625,138866.84375,139839.22641736077,141993.1064999406,138962.9537874798,140551.0831376267,137147.43680426382,140175.3670293173,139472.52089769722,137578.17659622876,139035.25555992252,136091.36587054387,136034.22672109108,141115.41339573244,140335.4057714265,140450.48303552115,140589.3577107747,139639.0596866918,137298.90664843936,139393.05743351558,139798.18659442777,142874.09618890664,140261.88136568587,134229.65922074055,138961.0484904013,139178.50948791753,140981.38120893898,150618.62032764504,151437.703125,147191.578125,139254.5738710803,148197.1234494606,141364.1389907978
1457,210000.0,198927.125,212207.703125,205498.75,199705.140625,196105.25,206176.1875,208741.0625,212278.953125,208937.40625,210490.140625,200238.265625,210030.109375,209879.5791094787,210453.76480411112,205805.94315586664,205118.4282088335,209115.38503262048,203993.65276356798,208035.52161003777,212142.27785871865,204078.0809884431,201251.86589775787,210916.48769749294,204167.00082646465,206617.78997015426,204874.84509454799,207867.47211127882,206445.88296956348,216774.89421516465,204938.02196955893,207421.72804664928,200286.2093203437,211911.8173817172,207164.1884012514,212232.35085228778,207553.33112599363,210272.67855761974,199738.8042802519,208806.9375,204034.921875,215237.28096819943,193117.43194603466,203902.83748036204
842,157500.0,144566.6875,145125.859375,144716.078125,145520.15625,142327.40625,145482.6875,143038.671875,147975.125,141546.859375,142083.859375,143616.328125,145718.390625,149106.93268532664,147627.41017052744,148499.20872683637,143264.48330395392,145703.05645154274,145496.8434592346,146415.84858633883,153112.64915672332,146261.5328272629,145066.29026009896,148572.55364489715,145660.0978564526,143428.9708050313,143220.26792800255,146862.77183387667,149687.1867654251,147542.83116026883,142139.31263262843,142757.76354049167,146780.44263184795,147497.5072699938,149918.09608929744,148066.4439708829,149126.5477830255,147476.89975577057,146158.85650202175,153129.84375,154107.28125,136725.63100885885,150290.5999740003,149585.93608805977
1122,212900.0,209235.15625,202338.625,208587.640625,207842.796875,202473.359375,207736.984375,206395.34375,205213.765625,204022.0625,201821.78125,201045.78125,202279.328125,206402.82430220133,210813.06815638847,208942.71873330316,210053.82258519554,205561.6891802349,208237.54020106385,207291.249183328,208429.47951857623,212576.8991022385,208135.33386717492,208191.21216465358,206705.1631788618,209491.73809609373,211642.5635379347,212705.17063720746,205946.27276719542,206874.2417820127,204375.48746817574,207859.71350199962,215088.12692661665,206905.39089392245,209733.19764122603,208295.3153805555,204578.38015640297,209092.0084462795,218452.15865989533,230233.96875,222505.734375,211655.9193013235,218097.35418321178,208460.8032024274
932,117500.0,121634.84375,124457.0234375,122052.578125,122005.21875,116884.2734375,121309.3125,122555.8828125,118126.390625,120802.3046875,119080.5,120381.2421875,119256.4140625,120231.85827535013,118505.81991174223,122812.47277282372,121122.06150299584,117835.62613164118,123579.06051128986,120104.95267410918,120076.48802805408,122475.70267618907,124417.69284997538,121886.75217686211,119090.51583470953,122883.43975631341,121071.78546819715,122006.98813921522,120722.02759717689,120551.07648382912,120393.55592541945,123963.36710456581,123335.23446083808,127781.58693777227,125938.44915694979,122032.16286581228,121741.28784863491,123579.92152985807,122394.68623748542,112353.65625,113906.2578125,118105.77580415862,112992.07395086372,119144.63454399005
237,185500.0,184304.953125,188542.90625,185595.90625,186653.28125,184951.5,182736.78125,186513.78125,183235.515625,187501.21875,184928.203125,181720.15625,188390.9375,173776.61990488807,183271.7899955145,174825.01855272512,173578.7096576192,168855.69146792768,176142.66660011682,175710.456571824,168970.1879779837,176810.87157144086,171233.0261764082,173716.44643812647,169429.56901070775,177798.51854577137,180574.36516286444,185017.92706100954,171028.6665657683,170677.79933605596,174096.24051475228,171775.11309390355,182133.28321610723,172046.74967731192,166750.0356099381,173275.69299491832,174564.63998657322,168302.76782280192,192472.3121156696,195840.984375,188663.234375,190995.43028510662,195222.1692283798,176443.04692423495
89,85000.0,73294.1328125,70874.3046875,74443.2578125,77891.1640625,79281.15625,74500.921875,68360.921875,80317.078125,79564.1484375,81982.8046875,77334.84375,67698.6328125,67986.06972108246,69036.61104188263,71108.30312155378,69141.43549329399,69720.9299332386,71192.77531376833,70154.30099348794,69112.25154729796,71565.22128228635,69240.42845659451,70955.18671463267,69320.7268301099,72372.7603145195,76870.17016654291,74316.75388478306,76018.69309450273,66312.0825852764,68321.20946199038,68972.60412777762,80906.53410953363,67961.24265815907,67495.92718418138,67661.25019212234,62906.93845701664,68565.51142004877,102357.9434920635,51259.5234375,65055.76171875,79869.94253072969,61643.27439186623,72560.29641108408
887,145000.0,167756.28125,164483.796875,161971.53125,170510.5625,170427.328125,165217.515625,175913.953125,166966.703125,165168.609375,163990.875,160596.265625,170308.671875,163767.0071997701,168582.78256115297,160637.76890013978,162446.5247326266,164768.05483331348,160617.77788444379,159668.89199485834,156692.66270095715,163171.8086636183,166715.11221362025,164207.69086793214,164435.87542856843,164225.24366896448,172192.35682675702,152358.96754508934,161956.3404509279,164192.46315660188,163078.69035236596,162884.89535245442,160191.722054088,156141.79745747475,172992.28276250072,157931.86555636753,158349.16748079658,162848.22018485467,158160.80523712438,149232.859375,154158.28125,156469.46223965375,144460.45096721262,158132.90741382644
553,255500.0,276822.53125,284765.9375,280003.125,277283.34375,272049.09375,281028.0,274091.8125,285478.0625,290447.15625,282333.0625,279609.3125,289825.34375,279065.03755644726,290542.8005851485,277846.0887897595,277151.7309361337,274960.0375019585,273557.618167268,276726.51691760565,279685.8123460674,279887.7916428968,272259.44098068646,274900.493937603,284340.25087419373,280229.20744138194,276901.41134757677,278001.61266368604,274873.9407742305,276565.4618288827,274657.43673823023,280456.5865196334,275085.6557135142,274448.9078518882,279807.31518355047,273875.3715508215,281601.03140775993,274058.93531294755,302069.00523809524,284075.34375,279818.65625,276463.24078082707,266635.23585230665,273508.18706489337
631,124000.0,104260.0546875,100210.3359375,107725.90625,104372.0703125,107816.453125,107012.8203125,95945.6953125,112525.8359375,109156.109375,113126.8984375,108365.7265625,119610.953125,105985.91329424828,108949.10484545218,106373.93480515711,104883.04704698292,114380.11871255317,110605.03860708416,106504.61182702404,109593.14342609062,103920.45570190258,104981.22352106392,111276.61023930126,111668.09616203637,111669.97412262994,100299.95447278919,105887.39332584942,110999.5758655055,104038.75738842323,110278.66230582139,105019.83164587704,109947.13831061778,107939.92301928478,113186.8492266563,105571.56863424362,109346.46847313337,107884.72726817019,127747.56462378202,128538.2578125,112721.6484375,116941.8072664066,91239.77753936616,106975.17866060714
1353,134900.0,126619.296875,122576.5703125,119831.9921875,124973.21875,129098.6796875,119012.6640625,122271.2578125,129387.8125,126964.3671875,128409.171875,135476.96875,131409.671875,120983.41362515479,125452.0383532546,124311.80106696933,123437.59947308621,126335.10172407136,121849.46557214245,130450.43636724482,123490.8408261563,120311.15365294712,122289.11466024774,123580.4427518553,127187.38594198541,122721.62267011637,126604.72561667956,121356.80291880757,120463.8551604189,126323.03596542162,125246.12252816971,122204.85418328966,123159.08175632289,126048.10979824812,124860.5615565341,125594.89941782414,124943.35467730716,126191.99959740175,121863.77996292213,144025.75,141295.515625,118099.26761948741,140679.51439052093,124760.96764849557
666,230500.0,243247.140625,251863.96875,240953.3125,241130.3125,243904.53125,238291.28125,241809.65625,231899.453125,238418.453125,236537.984375,234241.96875,222318.125,231585.72319115844,240201.57470271856,241159.04721794566,239732.21897677024,234374.94976445162,242974.98145608488,233142.2381343184,227400.15659236867,242168.79967111713,239569.78066242885,234252.50605565295,223735.64533105065,237931.2831555368,229507.86494246422,241470.60350646544,226616.70862356634,238888.3449815204,234513.80748057188,235994.93211731198,242586.7644814005,243852.21637721214,229183.3800230028,230105.73445043116,234606.0486096058,233454.0468723666,238431.86126574036,205346.34375,211414.65625,250070.12532478257,231284.74212917069,228285.07700763282
901,110000.0,110686.4453125,113052.484375,114205.1640625,107008.0234375,116032.75,115360.0234375,109360.9140625,119031.0,113907.296875,112489.6171875,116787.9609375,120603.1171875,119174.73464741047,115302.15025049388,116590.20875975605,117465.51239412045,121390.371903086,116732.71778185002,120544.30522456147,121305.47458757799,117436.92441884559,116713.1288978509,118863.29881457433,121130.83923510269,116271.8114969594,116281.3203148736,111844.95803731169,122504.26121791924,119158.1253817969,119265.97213236257,116645.74311062088,113636.43974503462,118415.42915543984,117561.52835576981,116518.19070088236,119845.25778074839,117622.3793943792,112585.37977045361,97836.6796875,109668.28125,115814.16637025466,112997.3821650364,120338.72646792332
291,233230.0,245081.5625,248004.5625,248735.296875,249872.0,255230.28125,253508.421875,239875.46875,258008.546875,250455.640625,250911.890625,257831.28125,249462.15625,248412.84453477318,244185.30383556403,259475.77389280236,254142.86815924718,251844.03541038072,254765.96835659142,245978.21266897832,254216.6994102953,251288.00480364545,257031.53692982212,255563.65343525077,242932.37744929106,255185.69110672883,244247.77074338915,257065.009143076,253483.41420238384,252962.30303974525,248485.79278226238,245009.46691636834,244160.261738013,247930.1661008818,247322.8989225246,250103.38292923104,232829.10204219882,243889.01118955505,243660.11491388376,250757.5,251354.546875,264623.82822725346,250163.69373696024,252068.4429925082
1383,157000.0,160032.90625,156826.546875,153728.421875,159298.8125,155511.90625,157332.734375,157990.25,152686.3125,156520.296875,153788.890625,155983.28125,153284.828125,146535.55802745203,160275.80841320334,153946.3483786372,158217.48788854163,151196.30167066606,154099.27440584372,154074.87022889665,149103.363281861,152814.71351282025,156099.35288486225,156251.8268021928,156189.26138712338,153744.70475760387,153070.45063602415,156692.1674160641,150129.60385931304,152648.1215345869,154819.71832808375,155305.27469776428,155908.94579031024,156884.3450130073,158163.74831599745,158537.14814366243,155159.0734129091,150052.92127869063,150643.15113384483,167156.265625,155162.578125,155367.2691373534,150431.21884565224,150493.1933371239
571,142600.0,130932.640625,136848.265625,135812.046875,133574.421875,129943.0703125,133449.890625,135301.921875,126561.390625,129924.1171875,132208.71875,127528.75,133049.34375,130912.25519257667,131112.27237363387,132687.17591014455,128325.2955537868,129182.82676910546,128815.23026180673,129878.39732072035,133120.6842665544,132288.04702475737,131807.03695541216,128366.32603959968,131955.17540330443,130995.23796318941,133590.69354129105,132477.19039633527,130947.89607822173,132602.7511537252,129185.50822683414,134543.75562204793,129257.41724231119,132145.77564663556,130081.0127140211,131975.78092826888,131703.3453553005,128634.74338856502,133724.4615814753,137267.84375,143327.0625,134443.85965257924,128815.71220726203,130598.74879729854
349,154000.0,181297.25,180682.9375,184071.328125,180960.234375,182423.359375,181461.578125,182755.4375,178801.109375,179492.046875,180792.359375,178680.328125,181454.125,180053.68115585495,175317.4468108782,180172.86290253728,180745.92530862876,184011.1999628746,178857.21309481678,180025.49700243783,185073.01664817752,182013.3783469788,179046.52000078323,178789.85816384765,179862.11151946284,180766.81949905903,180735.62230747164,181163.80450200406,181482.7816208663,181268.13472451665,182144.53962758643,180038.94447591188,180220.91388082638,178756.94533436402,181070.43670939875,184953.34488915475,182216.80887092333,183286.03821889398,184478.83974126013,200343.53125,190067.890625,185099.46784238852,191376.73247450107,183595.48769367003
545,179665.0,203544.375,209306.59375,202122.609375,202239.84375,205654.21875,200011.8125,213415.078125,204540.28125,213385.203125,212465.203125,213142.015625,203807.609375,203214.86988370356,202324.57141967508,208533.44472071793,204959.93042205914,200843.82852314715,203394.5913325308,202022.1217839169,203649.7955157084,203927.19579760783,200776.15420431813,198733.11391036064,199072.4722975164,202671.30501517575,204090.6542810128,209597.04645921924,196226.16990477848,204730.28003304594,209386.03287870815,201970.95140616212,206149.3129342052,199954.11263719114,198298.411653416,194829.12065400227,205126.91709802675,203865.98695339885,192072.76190476186,230337.0,221596.625,213455.25600976186,206896.2280898252,199066.70783952763
1377,91000.0,82386.6640625,82870.421875,87195.8203125,87360.875,88939.8828125,86546.4609375,83301.953125,87515.3671875,88387.0078125,89271.6171875,91021.1640625,91560.875,86493.94947748132,86503.1709126142,80782.18044365308,85731.21762952732,84363.17289316219,83852.48462501718,85551.74632581596,84482.18621969612,84757.28978556737,85849.84805808078,85789.54709908972,86378.05390196833,85510.2310808328,84390.3912392342,84849.52889951557,84078.16788792904,84241.98242983404,84630.95723103825,84036.22429665762,82143.15687898443,83630.46310196185,83921.10958897707,82970.20191402105,85249.45494389537,90311.5034512247,100017.39043620956,86756.21875,90737.9453125,99346.7173904393,83138.33287523178,84173.02391048863
661,197900.0,198235.6875,204023.046875,206103.453125,205545.59375,201873.140625,202502.90625,201113.34375,203310.875,205072.390625,207051.34375,207159.1875,208350.28125,198543.70887982403,199438.8238486037,194948.92242367842,196034.54631807425,206208.0450903346,198971.63447457668,200750.5555283645,204900.20198120462,198803.81107288157,204152.68167987122,197580.43489265026,200707.005941577,192309.92195755852,199001.07693158812,202212.36283757864,214070.13970969475,197062.74106307395,202360.15419443315,200372.68178112424,196370.03002241423,198965.95481196325,198002.49298738033,192758.36710090606,195383.57826437545,199358.46298139938,193374.16125081794,203576.1875,207767.09375,197246.68297714327,206828.24090916157,211507.34878033286
1112,205000.0,193258.875,193610.296875,194308.578125,192919.3125,194216.5,191195.78125,190099.25,198320.78125,188515.84375,184283.8125,185776.640625,197671.90625,185515.48266458325,189703.67211524476,189140.1855429436,187724.72318130385,193980.65910170265,191650.5284422239,189374.8964444911,192264.31795097888,191239.56283939842,190042.04576167898,191310.17984978136,189517.46583872265,190622.96190207935,193276.42570597035,196394.36818672685,190260.6897092332,191751.16356755086,192298.8123162856,193128.44419136728,194043.63905467905,189612.01137077506,191597.04130980838,190025.91796198805,190681.13174938931,193579.52451296942,188449.85979630487,216707.765625,203201.46875,193757.8256748876,179350.11214922267,188100.49945399706
459,161000.0,165719.171875,162585.9375,164461.984375,171430.828125,163738.03125,158505.328125,167017.65625,154515.375,170510.828125,160487.515625,168344.859375,162813.0,157442.86795330505,164176.23517805882,158515.34773455048,159023.5290046971,162107.97310201632,160642.06793124575,157457.93706990613,150304.44775130576,154674.33814966038,157636.81244745568,161171.17565708418,159905.5354738908,154944.5545740486,162487.1415219608,168207.18940505857,156419.45736510752,157937.0965978872,150952.03438859482,156765.81909842018,160115.88038295953,153384.73740053663,157865.2058232166,149558.65060846962,145560.1419347141,155558.66634033216,171156.59136100012,158754.953125,150849.21875,176157.25094252368,143418.94498938427,153586.63677175157
1006,149900.0,137156.609375,135207.75,133047.953125,136768.421875,133039.328125,133803.40625,137456.484375,137933.671875,139512.484375,135573.78125,139748.1875,131551.296875,134781.509607533,133956.04630843137,133486.16657119596,134421.22060767104,130905.69353313351,132834.84864690976,135060.33793177843,133806.18820248035,137887.77386430666,131341.9160110077,132258.30343611486,132558.07518149167,132774.15155311543,135913.14553678047,132586.71323429185,133415.39206797545,131764.5378867526,135451.13697730107,133089.8166540561,133052.70023342175,133049.74014570512,127023.31639087402,132896.22613446365,135408.8245012211,132780.69412464256,141688.42170243652,141425.78125,143831.640625,134442.93725397452,145739.97145923664,136040.85596034408
334,207000.0,192694.984375,197207.453125,191185.390625,193444.75,195317.59375,193137.640625,195100.53125,192352.828125,194222.8125,195857.296875,194681.265625,188777.21875,194416.76053977048,195409.27122678826,194868.8117276092,191644.72419252354,196526.66623966227,196576.49985669632,191017.596958709,194461.91938026872,194831.0270442552,192234.85809659795,194807.49980859688,192235.4009765901,193250.88442845852,193186.19385608673,193513.2086018282,190847.45483213977,193056.79912447167,197182.6595171493,196497.88475178558,193017.49104166814,199073.06116298874,197999.24627678655,197393.20570153734,192679.00659097714,189280.45588624437,195932.2256226864,220132.328125,216124.828125,197916.0220446607,196732.52585585584,192241.33328156857
722,143000.0,140765.71875,138705.78125,141084.515625,139944.9375,138919.578125,140716.859375,141900.75,136233.953125,137337.453125,138797.3125,139093.515625,136918.6875,140328.2764109052,140048.67432025986,137905.27305446507,139027.31436111478,140192.28324179677,139073.55734598907,140341.84008296384,140348.04726875006,139201.73407244668,139293.61916862938,139491.52789873045,140614.16410174588,139816.98560454996,139718.03576374325,138713.37065170775,140073.14869660098,139793.05784598284,138254.3985645996,139667.30751105456,140036.31921225233,138716.05495811492,138823.93013340625,137509.28370050446,139306.3571876599,137929.35211728758,142818.87948879306,132809.328125,133845.78125,143803.3697916792,146189.0820248441,141348.55279892986
1290,281000.0,277524.875,269962.875,272518.5625,268648.9375,273424.5,273175.875,266209.21875,263958.59375,256895.96875,250683.75,264466.59375,261715.46875,274260.67750985705,258449.54595246035,269639.6476473059,272982.4569483185,270414.4583928145,275231.2613846119,265247.4682214333,276119.89410885994,275670.07719399553,274282.90396143025,269974.3912262394,274985.9162888484,274597.9558300326,280499.1404523701,273600.29292303853,280119.4084629335,271273.3032954489,274901.5673310322,275332.5454532488,285768.1294970696,263227.6767658,271841.781875979,277414.74037880386,278121.00972590427,277840.60265975347,285087.28857142857,308433.71875,290037.59375,272671.1637980079,312790.7290989739,286602.20552372874
679,372500.0,351704.28125,357851.15625,377371.1875,364781.8125,373441.28125,380266.40625,373336.59375,376403.53125,394101.5,355641.71875,371795.28125,369358.625,371328.8046564049,351891.57478992303,371295.11770935205,371113.11820421094,367022.917774145,374764.05822526856,371324.0296886682,379252.8449274177,381131.9734633728,384934.1696950128,375929.54847935966,369400.17073986854,366808.5497588574,350056.56284108426,366190.7520858195,371387.2291383299,369642.68088849925,353948.86555370333,384702.8587690332,373894.6455518929,358237.65764932614,376025.863855665,366373.5934591064,382810.12328560883,384744.8049098622,319726.23285714287,317720.6875,312204.46875,375817.9707807435,336530.9459765251,364824.8847911898
1355,235000.0,237663.96875,240948.015625,232134.78125,240288.75,238701.59375,231328.796875,243195.40625,228488.0,232818.375,232306.953125,238429.125,236819.359375,239053.1439680237,245822.8957745173,237387.9338777953,239247.70074393434,245957.7292957538,238284.1236280531,237248.6580456192,240730.22929430945,237999.80644043832,235368.4187066085,238585.08889824632,254789.05674780539,239193.32287600287,242194.73871843758,234408.43728997943,231991.378535412,239482.48465015375,238423.53491599282,237910.20474337752,242523.47389824167,234706.37935389136,238142.5594907894,238157.83796543183,241772.45289609567,235539.70347087443,240776.57481518583,238874.71875,238479.96875,234698.08728264226,229596.23270380867,231972.85695205623
329,214500.0,174974.296875,158858.546875,171264.46875,174849.6875,170932.734375,176064.0,174083.984375,181514.15625,174517.171875,170574.90625,179177.984375,175163.34375,165062.8650337389,178172.15476529088,166671.75409001645,175118.37901703565,176344.81189830095,172806.66469923145,177210.50624448748,174005.01453908748,171171.4082037739,171547.33422362956,175938.99075942303,174671.21597654343,173908.93779254833,163893.29903849025,169368.19659041835,170107.34630434855,168650.7030815149,176827.9997699461,167449.3696360257,178626.3982439082,171958.96465246286,170402.427691608,168966.36702772666,180465.67720737032,174012.21810782838,164834.43444872368,148089.296875,150426.140625,166341.88007416727,173413.79817938583,171181.0074256766
319,260000.0,302068.09375,301671.09375,302183.625,298080.59375,290022.375,299617.90625,293416.75,289479.84375,293650.78125,294113.34375,278420.0,299846.84375,288053.9841168398,303555.2868432272,292570.7452629278,287144.2126359837,295941.32605542423,292142.1122253092,288495.07494606834,292596.37785167823,293443.9167969191,287820.0989301144,281039.64822153904,295503.6786858761,294058.1440851855,297901.4381200269,300677.4104597471,297242.2398890095,288830.7479669997,292397.6800855858,291267.62909081345,280832.3050407011,289657.0140223926,298982.1452634877,296616.77765313076,297979.2538434702,298737.75982591824,317870.4457142857,314715.8125,323233.21875,305814.6642297895,326637.20984307956,303422.1115794508
1439,149700.0,146494.59375,146637.859375,150823.609375,150168.140625,145468.6875,157755.53125,150373.21875,160048.921875,155762.5,151973.5625,153961.515625,156300.109375,149663.31388671594,144289.7030972458,147633.20386296316,154648.39281217736,153637.798747789,151815.26051106336,145718.38617298583,150419.8495790779,151842.08815703445,159504.82524609118,150154.19384867916,147579.8684108671,151060.0818200936,149857.94045389362,152819.83863009274,149516.01390829775,155787.99643886116,146352.53701282307,152699.65010180743,155359.66041931655,159191.51874744796,150749.68741831393,164786.575687937,160964.56422178712,149928.34983411478,143558.45080871982,169521.1875,152222.125,141977.6377808911,147123.80035083607,149413.21090359223
909,131000.0,137572.671875,138876.390625,138224.71875,137935.796875,132859.78125,134288.546875,132372.359375,133259.578125,133702.015625,131332.234375,132896.828125,129306.3046875,131554.46015229152,131158.40631616104,133438.38449582583,133428.51152566887,130052.62191483844,132818.64113732157,132966.74783452813,127105.85539469149,134228.36901247318,132096.40905543073,131785.84361994147,127664.3944902793,133301.71771683186,134053.5825046615,132340.0217466653,128011.15913536653,132088.49648646996,131810.43029727464,132674.09615675744,135629.0423430159,132665.17592747908,128121.9631854425,125443.87807324508,130448.80960009525,130085.79196374981,137022.56528549345,139891.890625,127947.0234375,129420.04762085246,127472.59450546285,128029.82065908871
13,144000.0,138994.453125,131198.875,133336.546875,134665.46875,139072.28125,134537.75,139434.828125,138319.140625,134024.21875,137356.046875,133605.1875,137610.40625,138347.38471928466,138772.21904652275,138980.51853433778,138987.80281853533,142409.30368782504,139171.720985066,136186.19432935148,137918.35060599132,138247.34611866434,140953.05575001062,142809.99504607232,145744.4350984892,139269.16578558442,133875.99642578105,134929.07923889614,140012.1716848621,141961.42967295268,143649.54211084262,140832.21224561016,138509.54643996534,142874.80671598343,135917.00549740094,140762.05906586885,143365.1120596183,142027.71335215506,127390.59381402357,132922.3125,129208.921875,128448.37965610312,135407.99073285738,139038.83619520022
172,215000.0,184548.90625,184719.53125,191283.5,182482.34375,181570.109375,191809.96875,179236.84375,194399.578125,187339.921875,189637.796875,190979.890625,194603.421875,192787.34880077952,187528.5469818968,190084.2776649997,195661.527204023,194051.66600187062,194008.38769375035,197805.0688730467,186246.8667237734,200008.50868283998,203290.8995012557,194869.78557843095,188086.40298813744,190610.58990625732,198229.85228008928,192293.65295722077,196304.80535845322,203532.49240251188,188801.11806718324,198327.87181080575,188417.96649034845,194373.06064626275,205650.48513722428,193449.1448859736,200828.84953419527,194170.8471086802,184013.0991301208,214757.34375,208454.203125,175425.29918109308,199831.82202701684,196903.02554686388
261,176000.0,141500.75,148952.203125,148242.5,147265.984375,146392.359375,145967.15625,139655.34375,147787.828125,157259.828125,145139.765625,154684.953125,153716.859375,138551.17349773244,139591.32783765293,139359.7796319907,137854.29152260916,138165.11223999428,142076.56410041204,139210.2179168589,148388.73809392817,146187.09796575023,143421.3992252216,135806.5828918885,141318.20978617444,144234.52243709128,140356.27734656798,148566.54386862423,144808.17173842434,136909.02600579982,143023.26937071435,143937.1871051585,144246.23484250723,144004.67036105331,142552.6436789462,143068.41188944,142646.13291679253,145121.32420729895,164562.51301003867,191599.3125,167055.09375,167850.89647020283,180310.07841504936,152333.70496019055
779,144000.0,140408.40625,149598.515625,139864.609375,140522.140625,141293.359375,139838.328125,143720.4375,145143.9375,143841.859375,149674.3125,148009.875,146143.046875,146461.07684284527,136903.84905193435,139689.4609137942,138610.3196724104,138280.8456587531,137603.65426066404,135018.64221631995,144397.78178716163,137553.5281345962,142550.88517037372,142792.85394471342,136284.5512633825,140329.88532384118,140366.58072606756,142270.45941982523,137663.02724580085,138788.0867602296,137414.00573316196,139213.18138873854,137865.97712884954,143881.19035637387,139684.47138822827,136548.01359877345,136785.14708851642,140165.36102964482,150616.86718007206,147012.40625,132148.96875,134876.8595230957,133088.9868007418,136645.44421368476
819,155000.0,144512.65625,141894.390625,143386.9375,140948.421875,140528.84375,147864.515625,139882.625,150583.0625,146881.078125,150857.0,147892.671875,154583.703125,148967.84541903596,148865.0022024319,150607.17305619424,146342.1147859142,148227.22464709828,149881.25200946323,152582.6266085132,149892.61234444162,145532.22732269904,149136.56528885223,148999.90848657233,147525.61372181843,147096.86604214078,145553.65641815687,148133.9488812126,150358.88387723413,152332.0315404299,152242.28460630294,147409.6926826104,146418.1168252925,151490.30597785418,150921.60502711986,153553.1532645148,154301.46383184055,151387.49652272597,152484.6306207041,159739.78125,156283.53125,144007.3096475694,156932.81736961857,151779.32111816586
760,290000.0,317207.78125,318058.09375,310008.03125,324099.03125,321228.65625,315196.71875,323235.375,319523.3125,315492.625,311214.28125,314072.625,317065.28125,316676.99959656794,317844.75608338416,314608.4405762818,314006.46968894626,320687.9668487042,317549.40344689967,313395.12676833686,314594.63188708655,315166.0410439566,315357.61301952356,315732.45140887,322160.23585021845,318048.2833580779,312118.95069833234,313400.8189955612,313571.29400223243,321666.45858030434,316121.90207946935,313524.24222602596,312638.0357718979,309121.25576091296,312482.3174807503,313161.3035890592,316403.424232131,317430.4550839053,305368.0028571429,300605.40625,290961.53125,326338.3337141889,280624.89807049156,307150.9530106003
139,230000.0,234719.75,241018.34375,235631.453125,237788.21875,229856.9375,234614.578125,227779.734375,240864.546875,233278.015625,232456.46875,242990.203125,235817.484375,231526.35256428632,234056.25969362498,229987.11431080033,235049.15000323814,234739.06361253018,228550.53859464006,234850.11768965123,228771.6437291175,231149.01716920247,230928.13824945604,231340.23950632897,235296.3900815886,242475.41638013115,239036.27853377085,238237.3156767655,231996.70874151046,235698.082484969,230339.56946749808,234178.45929570767,235785.7148896686,226160.0897752302,229549.92409181866,245619.64094105383,241071.528011991,230597.0173176475,248574.15977303148,247651.5,238860.765625,249802.45953927824,250263.01636290769,236408.23335468583
1210,290000.0,289218.625,289108.03125,294652.53125,288315.90625,277626.8125,281438.09375,275293.75,287882.375,302723.40625,280722.3125,293572.15625,293807.625,296823.84881810046,283556.5762823014,295868.8544416154,289627.34607485693,289152.6824177812,290220.13118701946,289488.59718354093,289384.72594470676,291852.6533387716,290548.83456918126,293653.143787692,283787.95693582523,279382.61327028566,293417.94201247126,276086.7028953778,297982.8898410348,293596.21281877445,286747.48370685667,291807.31420278456,282036.90234249545,296992.96245874075,295284.8073271047,282098.4419377503,291534.7220634261,292085.962311499,298404.2477677395,291633.96875,285712.3125,296731.5264606084,332356.92966970056,304714.2411718808
886,328900.0,279954.53125,290932.6875,277039.90625,275092.4375,291165.0,278846.59375,291411.96875,264120.09375,269434.375,280099.9375,279460.28125,275873.28125,262960.1795087254,271608.9322812617,270734.08703086514,262531.22898812644,263462.5739956394,264117.1811325522,268280.2411038791,260522.35485890214,267660.94840132183,263745.1739906676,259301.5055370358,265776.2189445681,265188.47266243305,274958.6679473244,257157.69355530804,266930.371111662,256801.34979294802,260163.60851844164,269567.79449922073,260518.63801863027,266261.4320329853,274600.8987139023,260049.42160148427,260103.08539531077,256169.63351489595,289800.2276190476,263256.4375,251443.734375,271582.29681296344,250446.913893323,263329.1260710475
742,142000.0,134214.03125,130772.90625,132069.46875,130165.2109375,129392.8984375,131487.21875,126994.3125,130489.0390625,132448.59375,129746.375,126245.078125,137654.859375,132737.53852038112,134141.02821270362,134962.24519391358,134047.65709149686,132270.03338477938,134206.00457288013,132855.67591896158,132235.41371130725,133685.54465831246,134804.49635407858,136401.28163930445,133830.26749067244,135292.7188208509,134281.84204035398,135307.6724514223,133382.27448072177,134102.1309274308,133882.87808802078,135875.29764257366,134031.92549583534,131897.10686844692,135970.87312407326,138075.67546991128,138885.8423557185,131613.058245723,132649.0894248395,136486.453125,131698.5625,142492.4924800822,140847.46032913454,135292.374754253
140,231500.0,203735.28125,211038.96875,209821.625,210336.71875,206671.484375,206728.65625,202656.6875,213503.9375,208439.5625,206140.65625,217108.46875,214117.078125,206991.7021338821,201451.93191334492,207759.02943227455,204822.80004456572,211023.09545714813,206212.95322752994,209619.6022309458,206268.74838847012,208468.8509642114,205535.85081761118,206060.38188228698,208163.88177320335,204232.80381508535,203905.23752364272,200344.73786389362,208243.07004118722,207754.8221332629,208439.82963722578,209948.1007730964,202815.73303979932,204906.82334789025,211494.7734129851,209565.42727271133,209493.9893060863,212898.78142410849,203149.06759786644,215186.375,211868.1875,200873.51582632316,196678.66904712116,205817.82837191012
1277,162000.0,158916.125,159177.3125,164767.484375,160849.96875,162320.234375,164308.671875,164023.25,156779.921875,155852.359375,152628.90625,154548.453125,155140.234375,163361.90502390792,160610.13002236537,161333.07148957055,160371.85383572336,160132.35269642243,159456.48139804575,163834.87934604243,166336.7359026825,163636.34503260755,163870.3750504958,161430.17935914514,161515.004431252,164790.30072477707,162220.51459429646,161937.88405396175,163393.9819301909,160292.16071325884,159888.323001187,162256.92524485826,160681.07230496014,163391.7086399019,167390.2046218767,164246.79537678728,159545.35357105493,161498.39695550548,159466.41165003946,154250.46875,154045.125,160056.89874204292,166439.22406140342,163796.4967837277
1082,133000.0,127877.609375,124928.6484375,132322.625,130734.5,130043.859375,129946.7890625,130488.7421875,125829.2421875,130189.515625,129156.734375,125976.203125,128379.65625,128336.68458196794,127561.55654769878,126435.66011046176,127489.89439802573,121508.26938885692,123736.31395597791,125602.79512562962,124529.53422857072,128486.10049307189,126194.93641775187,127294.87470342044,126532.49549914076,124644.0439586029,125324.55128911753,125625.30365999098,125814.10756520479,124583.31924631337,125612.82119768432,132596.31955617887,127976.02017928209,126941.72118176905,127239.93628001596,125547.92207359985,131861.86396066006,127878.92785711755,135757.5412543527,119673.34375,124504.5078125,127898.36811927792,129151.0385716594,126794.88685466914
225,386250.0,373821.46875,408684.03125,405457.21875,387509.9375,389305.34375,390624.84375,381880.34375,403814.125,410657.46875,389167.5625,410653.84375,399748.6875,395106.84839474806,405992.3902919122,373704.0957606189,384501.5149492995,384373.4224585387,378460.7471831296,403427.52601485193,396342.5056218795,383094.1197377389,372784.86476837803,383820.152612916,396560.3100770282,382358.9840692264,387056.7275313097,377584.536542737,386918.9663142553,372954.71568494395,375998.76494183124,382854.94369604957,377371.5566155309,371640.12027955905,370745.727394472,363684.6845739777,370334.21424676984,377184.33540316165,404655.5714285714,402325.5625,402390.1875,392896.55141836544,401581.87915390974,389282.9475652135
1064,110500.0,122338.6796875,129985.9609375,130388.96875,129632.515625,131423.921875,126228.4140625,126756.1875,124087.8671875,128425.734375,127991.25,118758.578125,119002.953125,128294.59294169885,125254.66089391347,121411.0402694106,122448.65180488313,121206.7277288521,124170.7647250518,123248.03834047737,129932.20629651994,127737.86564123789,123732.81574326518,123039.09389516627,124487.80032396046,128137.07750217665,127122.54174483262,127202.544835938,128222.50001552262,122650.58182865742,123805.17512275506,124774.47984666265,129386.90825552013,123766.06036256911,117603.55522997942,121922.44161077391,121461.26697131411,127388.40630247192,134809.63249309515,123005.2734375,118579.7734375,134798.96700667962,117973.7542187938,125929.68833165384
410,339750.0,329607.15625,323702.09375,322351.25,327946.0,312819.0,328839.1875,324018.375,331503.40625,322766.46875,331842.25,316358.59375,319703.40625,315998.5795907668,322601.5397688287,335040.7505768428,323362.8360146605,312479.6519861198,316656.67878920026,307403.8249595693,321665.2038580832,326160.9424408278,328005.1108424558,314112.22476984904,313023.0114501519,316702.83525396883,313944.2550446733,317205.11886651395,323963.15154389245,329606.64386769186,319810.93106628396,339002.5744957836,329145.53894862597,330551.3004165108,316041.2756994888,331368.7330404286,317573.7205012715,318143.8727366862,314692.20857142855,326131.875,334760.375,305755.9562687675,336321.14460105373,325930.14537753735
326,87000.0,83997.8359375,94966.53125,87003.359375,87805.9921875,89638.4765625,85451.96875,86336.4140625,84283.6875,84501.109375,90891.9375,84536.359375,79546.1171875,85216.13583445584,83101.80636701429,84688.82527349763,84959.9977752308,86067.0368413946,85783.26315564995,85810.81032420526,87592.61949796088,86117.49103922669,85742.80804560005,85260.99478063354,82771.18182578582,91036.4127367416,87065.50584125209,83734.07365360523,80243.22401272517,87248.96739176288,85693.31533643932,85133.92453767113,85590.77102016883,79201.78866618243,82931.50449303529,84402.93107971913,78617.59307724882,81691.47768927245,98555.033801443,105810.1484375,100279.8359375,88788.21994993858,98393.20393971303,84017.76479109413
300,158500.0,152146.796875,147664.546875,139451.453125,150541.234375,150098.984375,139758.609375,145235.796875,154423.46875,147827.59375,154934.984375,152814.625,154607.453125,139913.58446391294,150196.98125540258,145007.44369757015,145985.4124362103,149648.00258100987,143936.09660052537,147225.7243569087,150300.24741136053,146459.0403625873,149746.47199718328,144518.0488048317,145207.17383307844,146040.41265219296,153989.15300263677,143760.8582878498,146196.58379429264,151518.2444758513,150128.43630899896,150355.6510320763,144983.89857343916,156097.53440516978,148341.5418757122,154450.7565635339,149901.3225096623,146175.07293436897,145150.8672853028,154714.828125,161852.484375,157638.00314393328,144190.4657392985,146125.49307697907
1243,170000.0,173454.25,164328.25,160591.859375,165116.234375,167504.015625,152834.953125,163485.25,163147.125,165948.625,172543.109375,160356.375,154385.484375,160318.55540494111,164328.96003366646,153780.09716003685,158243.2089426332,160468.15223504233,158902.94317843023,159844.07939804473,161854.33038511843,154768.03151167117,154597.66148504926,163481.8317862319,165262.3186238158,158704.13919713718,170707.4910032476,158248.47769538825,157854.96978970294,154644.4222638654,158257.4545970066,154198.6106146322,174224.34467938484,160731.01777414867,168692.35510039242,152197.92470433778,154682.89066355358,155364.27179353192,167925.17445402636,178767.9375,169704.453125,183485.29465924075,173466.72587622624,161305.90385409296
706,55000.0,68522.6640625,73510.4453125,75499.3515625,69124.546875,70123.7109375,76172.171875,71466.84375,69077.7578125,71630.921875,67713.296875,67440.8515625,73107.0859375,72281.90938122144,68297.0974554425,69131.68126233022,72218.45892148966,70213.26143631368,69435.1388567264,69862.02645055958,71113.22117679889,71206.25423869681,68166.21189784748,70523.30479263047,70160.95572357374,68524.12927799874,66712.8082797723,70987.16079782134,71836.34980698346,71117.06619652134,69801.90287628993,70243.2809422251,70439.9101719914,68794.18209173407,65405.96237476915,75245.61229982588,67759.83830386586,69852.14141151143,93860.16714285714,50493.75,63686.62890625,75014.07665517565,80985.99520375472,73578.57760605702
1236,138887.0,139009.15625,144474.203125,139036.734375,141429.375,137857.8125,141118.421875,136884.6875,147762.03125,147072.21875,144449.90625,141985.328125,142213.90625,142413.2666847194,137515.53992721633,139844.46254852467,142522.371204361,145052.0073238002,143632.88581442976,141377.80557922268,129825.26063209992,140273.69537696472,136851.6711840042,143826.79450061443,138758.5617570216,138424.12572551894,141407.1041299891,141638.3356906464,131981.57121346606,145487.3719399662,144077.49521732738,141332.1092632167,133422.1072984408,144926.2216916395,147336.88551315072,150220.79747052726,146453.4605767887,142531.91060587877,143874.42374149658,137888.140625,139462.625,144337.24079961184,130150.42263857136,132433.5477174741
1356,170000.0,196564.921875,190460.90625,195748.546875,196379.796875,197584.90625,196995.046875,193163.984375,197515.609375,198042.71875,185085.28125,194687.953125,201849.40625,199082.22063618983,199563.10341024198,192910.02853008304,195525.51330543944,202993.52016357664,196989.21388899916,199021.98560657146,195703.50112226763,196014.3705249939,194457.5182138322,196766.39181074404,199483.79596513466,201324.81315927205,191363.77805380474,195377.31406179446,198178.359959592,193986.13001330933,198598.44547415563,198370.9265437067,195636.55197435062,196250.0576808581,198014.75908287306,196311.95430035956,191516.40334652943,199342.3288302913,193041.3563682746,189779.546875,189986.328125,195754.3258829271,195617.45830467244,197324.14557694073
904,240000.0,247240.375,251073.75,247191.34375,242276.390625,256281.28125,244948.828125,253642.140625,258964.8125,251388.5,246205.5,252225.890625,257194.859375,248966.60832356595,256400.36864895857,241942.20363931597,242525.08211668205,249730.24493350714,246943.01770798067,249921.1694414586,259268.85178741204,245740.2852256446,247358.27811066562,244081.08602368573,251063.33130976206,249009.962396039,255987.44844183826,246900.53236318368,251805.15023579722,247368.5218334153,247902.4737653702,250467.24495449103,242866.8622615,244718.67660535855,250021.28977351717,263989.01457789424,255321.88848097608,254138.1764024913,245938.36880385483,247839.0625,246105.546875,259936.76699135662,233780.21856023755,248396.7429366173
830,147400.0,157537.375,154956.890625,154447.4375,156133.515625,159121.0,155762.296875,155245.03125,167632.90625,165827.78125,165671.125,161299.875,161524.265625,157403.392470426,156075.59107024997,158544.0765753996,156908.82709163503,159991.79835439613,155873.32620417327,157715.8416568889,155874.6163946431,157887.9045377455,159505.86594098806,158044.40700894344,158950.1991017811,155231.89832948524,155529.8758049625,153390.14133720793,157028.7118747966,159975.73013447484,158069.11449352736,158867.9564017299,154636.08812878304,157623.49337244098,156318.82990094298,154867.54922651927,157493.58028611622,157144.36164163763,153427.29904761905,136731.328125,145477.984375,156614.1557000464,145229.8246582242,154628.31132420292
504,289000.0,284234.6875,277519.84375,273637.375,277493.125,283053.65625,285883.1875,287333.75,284959.5,269983.1875,273691.875,269734.03125,284921.75,294865.2991920645,295715.475442536,280840.472417899,289391.8798732292,297765.21354125673,291446.59210990736,299936.65755664767,294430.37628310727,288176.81548706454,277345.4451649042,291193.84532499756,278215.5995871744,282996.09532187635,282704.0010092952,296196.0575600472,287470.29805906425,281598.854407262,279504.8644951009,279470.71163730376,288383.47587131435,283619.4198405775,299800.2452991959,281262.1951178211,275258.8333636662,298801.2643652888,222113.31267646517,264632.09375,280058.6875,243819.62908277608,257278.2669763979,280081.57737523806
1337,135000.0,138576.59375,142181.703125,138216.140625,140905.8125,140034.90625,140234.3125,143546.203125,150873.96875,143662.15625,141998.71875,138368.078125,142159.875,148240.6458537194,141234.69327701858,142622.64078795596,140551.0519494299,147017.1163918668,142303.17590264868,145223.5684842797,145000.0911138442,141615.0967310807,143212.3304061844,144005.41011155504,146028.54695329693,142565.46303874062,138832.33246034838,140698.3911015867,144584.47781043514,146010.0969773648,144227.06334232865,143375.8800017783,138152.74269390354,147210.14627000986,149812.809131893,141777.48665087364,147727.7006291043,145044.3191662771,140626.16645740002,115353.0078125,128627.625,143235.10704447594,129492.47809543993,141613.4673004538
4,140000.0,164234.40625,168972.5625,181136.34375,162238.984375,178656.609375,183557.0,177533.078125,171617.296875,165537.484375,158717.203125,169991.453125,172274.71875,169035.50834040958,161082.8541042736,167244.42739810588,165372.96530285495,174016.60931566937,165364.43603650553,173804.19797106006,177081.6995874493,176452.23372558874,170420.8817818258,163672.78688481604,176952.63894629607,163104.0219596861,171314.38447632742,171519.57404768735,170285.3638145987,165662.84163366037,165471.7371536162,174054.32366118667,164412.60777722724,162801.9526854261,160394.4160435428,169104.39178118634,165427.29096148792,174627.59067060135,192977.03966657716,195751.109375,178916.28125,175851.07863750245,168080.30082006025,169706.5751659966
1314,333168.0,333270.5625,340443.875,326296.9375,323948.21875,334298.4375,314775.5625,296829.875,330894.90625,337735.46875,335534.3125,335584.84375,321919.21875,323618.2814358963,329726.2905564225,314056.1459826389,320056.0598918357,320280.16656169406,318623.5655080758,322981.25009836885,325106.0496441606,319858.91597752547,329755.9359724597,316471.9232042557,324398.076833618,326280.7219655579,329097.04789008317,320917.0352635465,330074.5771197315,318302.1968184113,314251.72501235106,319639.43109948427,327103.0054791007,327728.8572142466,324676.58647886146,324764.8812028474,323447.7129169874,317301.0377237761,320420.27285714285,316000.125,320644.375,357649.85267276486,310447.8297154363,326192.7969322717
468,146500.0,149919.4375,156072.921875,155261.90625,151867.015625,155484.46875,149421.0,146174.3125,157082.75,154094.84375,158891.40625,154039.53125,160518.671875,156276.43536983652,157802.99607446732,154560.361731039,155825.88535598535,149534.90436595576,152973.69216694694,150174.75553214905,155444.79039702247,150971.98258419163,155916.90853400913,152051.71293758048,148885.819112608,149415.6553163035,152671.7181545541,151848.31097267973,151610.2763855728,154886.55080870367,153992.71439871157,149581.08984508982,149497.680257556,155528.69982212363,151246.14304383256,154246.29081945628,151051.45007973595,154236.4145100188,158988.3028911516,141850.359375,154343.640625,158691.24190610347,163664.54496789334,154161.7187469388
322,354000.0,345494.59375,349176.34375,343213.84375,344199.15625,346168.0625,344652.78125,344349.53125,336043.09375,340469.03125,348296.09375,359804.78125,356200.09375,341875.19047673634,350225.65966289374,345587.2649983406,341980.9763786096,350438.6001834492,348034.0462275458,351358.798181031,339035.43789256277,337151.14045352396,338640.702563438,341194.09724369476,343087.68934161734,353505.93212833634,353093.52565485414,346685.65929988853,333992.1814520857,344452.7240745249,343586.08684354526,336315.7228469104,348024.0025034575,351892.30344990734,339927.98658022966,337979.6440533178,339952.5711574621,331642.6257850758,330413.60619047616,327292.75,330763.4375,333355.7395447395,356813.044221843,338914.1556034689
6,143000.0,160882.640625,159315.21875,155922.515625,153842.078125,158581.390625,157566.53125,155020.734375,159002.859375,156339.171875,159204.484375,154631.140625,154369.421875,161101.38849747754,158409.692550589,160334.0916632693,159381.9121837426,157422.3386453605,160024.27311538864,158746.07480566434,157829.13270619922,156853.60094279103,162212.2114540437,160767.05764517633,155000.91870278763,156997.2606107971,159479.9330201369,163852.02363291627,164188.78799162086,161066.05227006145,155674.61116333568,162577.42680461772,161129.10691605267,160250.5265064824,164939.52343232746,164534.0465882577,164562.4604753117,159871.06576946934,153824.66385744378,164001.9375,156682.140625,158055.25222640703,168639.00890784088,165021.18048503328
1240,265900.0,222400.9375,229406.6875,236625.90625,228209.8125,228368.96875,232773.90625,226922.859375,237648.125,234249.828125,241307.296875,234773.546875,243627.953125,226549.9401795991,230133.8972670649,229664.0415791824,234875.68461862867,228599.78838607066,228858.00690501652,230598.06175410395,228510.0311503834,227834.74606416436,229036.8876029733,229153.7473765565,233868.9718630642,226096.57665823455,223423.4535134584,220950.66305168706,234010.20514927636,229868.6127021268,223429.0197454091,233746.53224621393,229101.97287530766,229774.71914489157,234748.35852901352,226658.0162514336,235820.57113334973,229800.82729529045,251076.63634920638,255509.015625,245253.875,232222.89759119405,224010.35608659417,232015.87988461935
1094,146000.0,149581.828125,149697.5625,147295.625,148142.4375,153747.1875,149262.625,144910.25,161811.5,152541.296875,152586.640625,157379.71875,149822.390625,152887.34467373972,157221.88423493123,154104.8868543688,151073.64247960562,157636.54065903107,153428.81287456205,154283.7317600011,150894.39271495282,150144.74437969216,151168.06798880093,151540.95191343367,155392.7773811396,149770.21964129593,148826.67059487905,153674.65058545003,157619.88140352725,156113.55749198294,156239.16449975804,152806.49111700556,152038.43591104195,157859.6846863024,157029.3879946685,158978.40912721725,155753.4806738701,157848.2851234192,146030.74493197096,181982.8125,175805.78125,154000.34987450927,162579.24388732002,158496.83271785165
716,165000.0,150372.5,153308.375,153213.375,151273.484375,146582.359375,154495.328125,149518.359375,146758.125,151830.96875,149450.953125,146717.265625,151468.359375,150947.15174194312,150546.39071722532,150918.25386518167,149343.39403760113,148800.87830786215,149166.3179326401,152265.8528813708,148800.6986507039,151986.9901971893,151244.60290253477,149717.22757936356,148529.09731930427,149441.12306710682,148886.19244562235,149798.87072331688,149634.04712791677,149198.28624973807,152008.52208525426,151931.36405229595,149338.71455189973,147706.9103819076,150281.9025072194,152176.29979228767,146689.2241271243,152517.62629061253,165134.38713739236,159389.15625,151480.21875,148094.80580750183,156414.41492371936,150868.35841680432
40,82000.0,76602.3515625,82584.1875,79243.515625,77422.5078125,77119.9296875,75351.3125,77767.4296875,75058.453125,77489.21875,76616.1328125,77804.140625,73588.1796875,77865.92170022386,77561.10678537615,78648.03666725838,78120.83264523544,76725.90779127424,77952.14720734081,77743.68784655338,75304.48014949015,79152.87136701716,82388.24015675127,74648.85900701073,75397.603449248,78267.25378520259,79973.64880564963,77491.41682832068,79914.17707312945,80266.13396356227,77105.22751836207,79397.84887932728,75453.8928199156,79929.66380348506,78778.56717818622,82551.40476518092,83795.5671583385,80628.95849699106,93621.5093073593,79345.1484375,78341.65625,73469.22446475884,67315.61616537729,77407.17947502207
543,213250.0,217129.484375,224826.703125,218573.625,222420.03125,213363.796875,216558.515625,219678.0625,216047.71875,220436.734375,225192.53125,222141.15625,218243.734375,217268.82915781462,209541.60756688274,213727.17069422198,219461.8652126153,223083.50149527882,211941.97787350477,218602.43749183966,212879.22552796543,216700.26429722089,223033.6356555813,219924.6286162908,217318.58184349645,213629.99396920463,218015.88157307412,218143.5828845446,222383.18211925903,219008.84221545327,216655.65302463822,216481.09083960007,213857.03240228246,214544.93133778102,226712.59556207684,221469.52407027408,215679.45742313925,211179.4902078766,246948.4074211503,230253.046875,205205.765625,229642.56988106514,208326.524257347,219324.21966472504
243,79000.0,85608.2578125,85162.4296875,89042.9140625,90322.234375,87470.5078125,90302.9375,86755.375,86367.5078125,88881.0390625,81687.0078125,81523.1484375,82872.5703125,85697.1339204491,85826.06864471725,86477.79247321087,90723.89310423401,88458.81810889422,89770.19522110197,86170.53446138803,84632.89617767418,88854.7997238486,87421.48712030902,90903.82413222626,87811.59158332268,86828.42853206997,85905.37075843464,89716.20107139398,86755.44556603573,91274.9958399517,84623.77160194181,85405.73261996899,82800.51173777133,87450.05760093278,88789.12832733658,88320.97748068211,85807.764981359,85744.11575814248,104486.98192902336,83345.4375,92740.9609375,85689.67127411721,96496.83344134866,88690.74714056474
137,143000.0,144297.953125,146222.40625,146921.875,147331.171875,147623.015625,149658.453125,143272.125,141256.78125,142992.5,141025.484375,140118.46875,143604.75,145679.52723805714,144532.6861754544,142002.1913403422,141670.97806196284,145711.36702108814,145266.2043527076,142950.10869433565,140577.34891158118,142481.6059142044,142584.2645600624,142755.6242460325,143924.87249808118,142230.32722526602,142135.56622451116,143673.8409331544,144490.7053141121,142983.90921354463,143280.03840945318,144644.05753065724,143243.3869280879,145342.78399361254,144341.3455194841,143791.52604256995,143608.47857333484,143321.5067604707,148265.62841983556,132328.40625,138197.03125,143893.138700729,146383.2159136299,144829.98019333885
715,130500.0,182028.703125,174425.0,177821.8125,177966.703125,179107.15625,179909.359375,180624.875,182239.171875,183543.765625,182971.796875,177449.84375,184406.59375,181834.0763923688,181936.0885007166,177947.46866962034,185504.7350407825,181019.02505155109,181173.77686985937,180462.07756248908,182469.13332518656,182307.39529884132,181067.78151035862,178920.20218957867,180260.61362398296,177589.84165167785,178976.31260177342,176867.11340711522,176517.1682676227,181041.84133668835,182073.82289222153,179195.7283731313,173959.8886376057,178910.4623823752,188232.2933935328,182275.17860719655,185015.57597268536,184708.88564134622,175792.04005560305,184121.71875,181142.21875,172101.87464916264,183001.09619507781,178149.27877582706
738,239900.0,229323.125,231215.65625,224407.703125,229191.734375,222596.15625,229198.0625,229681.640625,229224.0,227494.953125,221504.734375,225439.640625,223390.046875,229457.05828034988,234405.77502252432,231350.69789819233,237180.1677926707,229355.56892895204,235982.60451598832,234293.96257663032,234006.01358326428,232710.654668054,231100.02519210638,232919.17827164897,233481.0383504175,233451.5186817412,240748.78462716818,240501.697077336,234982.19769709185,231622.87976829693,236313.72873099783,228394.61610231918,234079.80119879916,239752.43037189075,231804.49844032954,225919.22206321973,235746.05652443718,238372.1628756124,237142.64677203848,241989.0,232351.84375,239128.68677794246,240059.358519135,236118.72440792536
1302,177500.0,159557.125,157621.09375,157517.703125,157560.96875,158774.640625,159256.734375,152183.9375,160336.296875,163567.28125,167072.21875,164434.96875,167984.4375,158425.98370791087,150489.05829885055,153026.79028825765,151287.4489383143,158214.6503851702,154630.58143311323,157195.20084710626,156688.54645726844,157331.7576856119,160568.7929755066,152400.9510713929,152903.18403268608,154761.33262550036,156100.5254083329,157420.76784023698,155419.07059901542,155203.3057223048,162348.95902596452,156641.56909101433,155491.29998652314,162173.48716704347,162399.3993248529,161584.04076766418,161676.18957589942,155767.73883333098,155818.1037579478,160038.53125,154039.25,157932.02639631677,164978.2244243783,157688.93340324517
1044,262280.0,258279.515625,258663.3125,259954.9375,250644.078125,254784.515625,254101.4375,255141.453125,244765.96875,247409.328125,251879.75,246504.328125,234063.4375,246146.25764412875,250100.9401600248,246845.52901779197,259964.93316064472,241634.62620714903,251244.38255095264,239586.70326272032,243876.82624733605,252338.37342428268,251732.7794279356,240603.53795731268,241635.52903493433,254326.5429771223,246294.467583163,265190.60252116487,248429.16593233673,249777.593080184,244979.22998841954,257393.68864871486,254379.3623124519,256637.7361147329,238136.16028317856,247438.49884547823,256804.86220135508,242315.68521045143,250324.27769491132,239764.25,241423.921875,253071.71628872358,257062.11317703698,250635.47083108858
1331,227000.0,247352.875,248370.96875,249515.53125,248376.171875,245464.703125,245369.671875,243402.15625,247942.234375,241913.078125,245975.359375,245628.34375,239300.390625,248592.16437223196,243575.6090003564,242962.48410313416,242981.68008477485,243411.25577137934,244628.46988829158,240695.68717084863,239677.72287781897,244502.46516686925,243562.54124349274,243779.79015767478,240959.05414396327,245536.5121797288,244043.96368180122,244534.73010038392,243725.59246484202,247209.45470686757,244746.0285432118,242949.16234726887,245504.9097739881,246472.99407190073,247450.3509218331,246809.970563102,247360.37287691847,246246.2650065854,250467.1488265306,249284.84375,251046.21875,246469.59974587435,249705.71581010253,245151.40272167753
1104,159500.0,150612.609375,154038.0625,151285.609375,147866.625,154485.59375,149108.6875,151198.0625,152177.96875,154025.953125,151692.84375,147380.734375,149836.59375,153449.43461920499,153706.28327416838,154034.7661038284,155195.0391528326,150919.8316204574,153917.59823848933,154804.26739412796,151183.48021872938,151364.7769034307,151472.90530774297,155824.18720546324,149662.18293862368,157456.63141442562,157997.12602816333,152671.64725306717,148793.4886218298,150414.05614832146,152631.49074869533,148952.31092718305,155172.52001684584,151205.8177190122,148740.11646707542,152350.03119032583,147025.592633369,144693.76063583663,147673.71919678108,156219.421875,160259.25,147392.45514189987,147394.48724888836,148407.89204351383
753,217000.0,208745.640625,212217.625,202392.65625,206501.65625,211360.421875,202690.703125,209873.65625,212811.0,216156.40625,221455.75,221748.796875,213522.671875,209224.45410965034,207476.77421352564,205246.49269169962,204785.62355753029,210917.79782360749,207790.09642955996,208228.3614346047,211546.5394179504,208340.71854446357,206796.35731724207,210479.32706240992,212344.28521262473,207259.0730816777,210616.84736006224,204515.1718708589,208353.93804617686,202098.71808143344,212588.59873598153,203784.9650345139,203961.42369748067,201155.33975969598,204895.39502554332,207215.90713477053,203403.18059076084,206602.03613994506,200188.2205150009,204804.765625,201070.578125,205746.8747000591,202077.0149871069,206811.67813375912
1354,410000.0,384771.625,407329.1875,415540.53125,387673.6875,381978.3125,410682.09375,403193.40625,453760.0,419038.5,429026.34375,446110.9375,439879.21875,405229.12298842415,408078.2765306071,395120.82897419325,416754.0784026465,399340.2920733417,413383.1207597297,421792.0776273794,407296.60967431776,405940.81636945606,406005.0881510831,388930.7662705099,426279.65754540224,423054.5069935438,392952.3569705581,398156.4780087603,402382.1359181293,397335.63575683587,394455.7663666515,410443.5847200848,414426.5443072473,411728.9972742873,401995.02438479237,377440.56038792635,414367.8589184468,414439.181747504,358620.2442857143,379327.875,390389.09375,406535.2017135325,413712.9119774791,405291.584610207
377,148000.0,133160.046875,131842.203125,130862.859375,133586.90625,140271.09375,131109.828125,132609.53125,139221.03125,137988.171875,139561.421875,141306.1875,139981.484375,131242.5096863193,138577.07565876923,132339.17554824488,130987.38749581436,132368.94071046766,131068.90547745899,137958.01893414173,134812.32555806127,132615.81942260056,131672.89233785224,130060.7019879295,136025.4925050578,137367.25369748854,133719.60690938766,132588.17622651806,133465.1479651581,134555.6008141419,132882.34493475285,132804.34124628216,133222.35951126865,131299.5534308128,135540.60486272475,136729.9237481513,133561.1035789793,134614.3479195027,135725.51652187904,143292.84375,140015.546875,136488.09662699472,141551.6440822372,135170.78610120813
315,178000.0,167202.84375,162550.28125,159676.625,166917.171875,164246.625,157778.09375,157468.734375,156497.96875,161910.265625,170021.484375,163092.75,160209.953125,156502.28881776344,160632.1521375281,160004.81425076126,161142.6378985054,155616.9692131774,158605.221952805,160490.46458038222,152467.62522328392,154962.28082066614,155033.40504591935,157045.924636523,158167.204230995,159563.16347981658,164811.20263585428,164445.61589742702,154178.55999864946,156257.3982572743,151480.62310206227,159054.73263578818,165840.97052340672,155401.61389421544,162131.81949502803,154039.0308446685,156918.54398604544,150142.79855129187,159352.81207236517,177539.953125,165527.421875,168067.8766718879,144353.55674423842,152502.86976577286
443,162900.0,149476.578125,144257.5,146135.421875,146121.765625,142240.15625,144736.921875,150753.296875,155392.734375,152329.734375,152300.984375,154082.546875,151719.828125,151439.45949857988,147441.41245552222,150101.69169759782,153542.61972273458,151705.53573307433,150693.0845598872,152361.168672657,150351.56493302176,151902.13339409794,150777.80514083873,152800.7181144259,152209.1655958996,147630.0981644221,149335.8307140443,150799.13859107555,147675.9939736556,150595.54734182407,151522.76437994605,149570.3997956193,156454.9193399401,149568.19656536117,155196.04488268212,146314.736565171,148146.4462318,145163.68080729747,144748.7971804547,164158.90625,159899.265625,147841.19526497752,153460.76447070553,148882.9664052103
320,187500.0,203079.234375,202930.546875,199437.921875,206879.734375,202217.28125,201598.21875,198297.515625,195183.484375,197511.734375,199314.3125,198173.609375,194056.984375,199467.25457558836,194342.0503578821,193060.81986378555,204162.62737450885,198304.5725837622,203291.60816723283,196251.30617094605,194006.34610895484,200400.61791237345,204116.09616172075,199506.90305157795,194813.93551806462,206665.8763432166,207061.94422486224,204410.21470822213,194893.47388041244,197727.32093313895,194201.55268855052,193878.233217321,201449.5427830413,203805.77534705913,190917.1831017092,188268.47661237398,196403.9239005598,196531.70002552087,187698.9819592719,196983.203125,194643.171875,197404.9587703214,194368.05085486654,194891.10103671113
768,160000.0,176350.84375,180612.640625,178737.890625,177843.015625,190376.46875,173389.578125,172678.359375,174646.234375,174120.84375,184169.34375,171177.09375,167823.671875,183096.27999311863,182939.89011893654,182745.00023726,180717.74428931435,180307.16412971626,183828.90699983865,184763.02963749325,173815.07662385487,174047.29659929938,177485.40068378876,181373.97100173825,176922.34038346878,184335.28297419602,176727.01922428835,182368.89189440402,176572.02481936954,173496.90462949482,178265.7709810457,176212.07064421586,185927.88922681095,182131.3827697798,185515.6959611759,171284.09578418251,180323.25715059368,180896.33935096697,169354.7749393276,173413.375,166862.265625,173076.15049373498,178334.6899184523,177043.59876896653
757,212000.0,230591.59375,222605.703125,227033.25,229512.609375,219204.265625,230776.828125,225940.109375,221039.078125,223295.34375,215971.03125,224552.265625,217496.21875,222920.95349782277,228050.0096830712,227560.00513798735,227180.38968170556,209913.60567315092,223998.8671744387,221448.9482958601,221662.84288930154,224603.92445201942,229525.90212011745,228992.83079169117,223385.44860193963,227638.00790533944,227337.5923550199,235010.46688574116,226555.725180856,224873.76016745064,223084.0781488233,225199.0213607336,230405.25265184138,224700.2773603784,219244.65219988045,223588.2452660761,217307.45203927695,220114.98596119837,218372.3784875393,227882.609375,220960.59375,217063.09917815984,216420.71160533937,223928.83306169586
425,139000.0,137921.1875,142020.703125,149137.546875,142551.140625,142204.21875,146516.796875,139716.890625,135520.40625,137359.21875,135131.765625,135917.859375,134885.8125,141442.276317002,139939.66166218484,138991.87193579253,138466.18262720027,137662.68474862867,138835.89867842026,139365.94453575244,136349.7303333576,141862.3264572375,137634.91912681473,140795.87812981967,134957.4406017772,139522.2729158309,140440.36269772451,137814.9381151512,141566.84068630496,134559.89851591308,142082.11383861623,141029.03306816047,136669.51820671023,142292.93286787157,140616.96947017507,140526.93178063908,139304.3271254227,142187.1497060418,146313.90893082466,137686.71875,134877.921875,139822.60490997683,135121.91220078123,140121.6528457929
554,108000.0,112704.1328125,117888.2265625,115851.8515625,114621.3203125,114137.546875,117747.890625,109722.890625,107273.0859375,110632.7890625,107827.7734375,115171.21875,112434.6171875,109589.7239119814,109448.19666016738,105951.16264795937,109024.35695662041,102972.43456040892,107652.68545751796,115076.4005971827,107864.00932602279,109418.48490472903,106646.5873258425,107823.1452896827,109847.2091957276,108268.01608030428,109558.3999034192,109102.50547443521,109072.68147223782,109892.94153312068,106785.01424887303,111484.25999740692,109264.10663441141,109537.35214769906,108185.65487913942,109363.37230541625,108951.25242606441,109079.50641475887,125659.37845804992,111687.3828125,107609.5703125,116225.59174091785,103201.1034680036,107976.25488442753
1036,84000.0,77307.5546875,78849.3203125,80131.296875,77176.4296875,77414.53125,81234.3828125,82307.1875,74751.9140625,76506.125,77757.859375,74185.0390625,70058.5,77650.14834621886,66897.23995835432,77093.28018816565,77375.53605045799,73598.6558452516,75687.00119761648,74375.47010441218,75430.35540539991,78397.40348985013,80143.77587496268,73547.13725916824,72292.47077030338,72260.86458789006,73066.06088388739,75801.28775295721,76612.38944279523,76916.21412893274,74810.6448350328,77731.54885869869,72813.74945259801,79667.62233523867,76761.8526731077,76086.01668985702,78349.73539899851,71479.98414896725,93753.58190476192,73512.4609375,80407.1171875,89425.31593504157,88492.99782171672,79317.68398982282
954,172000.0,156580.71875,164539.171875,161298.984375,157398.46875,151715.4375,156360.015625,155943.9375,144959.46875,154752.421875,155611.0625,152566.453125,155821.375,150799.5736915793,153849.67454034294,144954.48450523478,152697.0442882706,147632.31520842318,151670.55055318953,149160.17445348416,154285.68492682345,152616.11708479628,147710.9800670282,149060.74245470547,149627.11794172163,154819.29107869772,159684.44350288555,151950.68079492357,149040.64609940886,147615.24604684935,152949.46707914156,155406.52283482728,159344.51953523754,153559.051799583,146578.1983595535,150480.49361283425,152465.44109510758,147609.30150868744,180557.65592637053,153813.03125,149140.6875,163563.86982515754,168720.16987852423,153442.40300473737
1186,104900.0,122187.5625,121522.375,123572.3671875,124803.140625,117705.8984375,117231.6875,123027.8125,121465.9453125,124219.6640625,119152.359375,118751.265625,118654.5703125,123968.00910375934,119643.26475321487,118901.50829030162,120937.07734278547,119116.90643609209,120063.87246778689,115993.05843023311,124973.97890668987,121586.32757986823,121987.25681808946,120350.8196610026,120080.83319100033,119729.15587692206,119172.30429790872,122622.47430535372,123610.69007752399,120695.1418753347,119439.13487974662,126215.15192718848,121423.09678313087,124329.26759390788,126056.00596015817,122648.01564442739,127500.85017603963,118729.62943864528,124042.1594955315,119156.890625,123294.3203125,121450.66204533573,120624.1111733243,123137.14398850559
597,114504.0,115159.6328125,113630.6640625,115382.578125,114726.859375,118851.0390625,115057.984375,120508.5,118815.5703125,117320.125,122925.9453125,118670.90625,120146.171875,117292.20118000807,117080.51765555148,115931.88111190463,118541.32583966469,118472.74374752596,117635.07007953181,123342.62001916804,119179.36121255699,117729.73229500995,114809.41999777826,118220.3924928994,114877.09813385687,113197.18436354311,114168.01463669821,109514.28906287628,116653.32298309541,115997.80201325729,116472.40990557453,112633.58975146608,115774.63784445552,116301.93044749256,117429.04878915435,113649.13439613547,113394.0853992071,115124.31931451823,114480.33401360543,112035.546875,113214.5390625,109710.99993847507,129062.80247555913,118942.30455952621
228,106000.0,94728.3671875,98291.6640625,95445.2109375,97091.9609375,98857.5,98052.171875,96054.4609375,95394.046875,98532.1640625,99910.25,97597.0078125,96999.3203125,94248.26486283839,97422.56964921369,96405.03280167146,94337.91969450883,97184.06989990044,97739.55967389367,94864.06586734038,95147.96753950595,95228.13057188768,96827.98373158989,93695.73234325502,97738.59576172219,93177.7082465967,93642.68268050424,93506.61643434108,94451.35229254543,95170.83585005,97612.48998422301,95954.49641963908,95157.97104168088,95294.52509375142,98001.06112358015,94669.06153584615,96781.84372445966,92647.94680866013,93400.27605442177,89707.40625,96839.5078125,96505.2871243171,94407.68662193173,94576.5347563509
1107,179900.0,192944.703125,207766.90625,200732.03125,198344.609375,196612.359375,201766.125,204695.4375,194012.9375,195966.265625,195042.890625,191467.984375,194118.765625,196798.14172252137,190458.9406102021,195167.68704504851,196133.26737026116,195537.85350432954,197207.221535066,200177.87819265656,191969.39081356296,198391.26962016706,195456.05343538855,191328.48107440997,193238.73521674192,193443.15879248484,198624.89229146196,202901.82891664724,203840.00106436812,199506.61013980187,195258.3758926841,200036.8822797722,199227.2064929368,191860.14572301254,185960.14760134125,188464.06220479237,194459.53015626778,192102.93736839117,200588.81345758605,197581.40625,186193.34375,191728.57366795867,194633.14286434636,201356.8026199388
772,102000.0,114292.4375,116882.265625,116619.1640625,117366.484375,112847.390625,116944.1484375,117649.7890625,104210.5390625,110363.3359375,107454.3515625,113276.0234375,106411.390625,109737.87053960364,112386.1719683233,113514.55776068998,112617.2195788107,112450.39685999353,112450.24998098146,108327.51380399286,109466.30169387462,114301.423294747,115104.26529826717,112930.32607480676,108907.17930812997,112811.66769224372,115830.42535006584,113561.16990859072,103444.58770914038,113087.33556263788,109890.02163278061,113829.04214959813,111942.37219933532,109801.50625585546,111580.43422890196,111399.52769356317,112508.46088852512,112347.85093886859,115811.55878649592,128041.484375,120377.78125,114321.89718637365,100597.61464699064,103428.22349874105
934,190000.0,208142.125,209653.40625,206779.328125,206653.5625,205673.234375,207716.96875,206433.34375,203554.765625,202986.71875,201469.125,205677.984375,196080.796875,200814.56794861227,202598.9109821578,202597.0860646203,204520.11734804834,205015.2236095479,203831.27133858248,206139.79851828626,201558.14044511208,205028.86494490015,205441.1505201955,206095.81191478693,201663.40042144165,206453.23564486013,205763.15881729938,207605.1728418545,203574.8445025026,206292.04330196642,202256.13731340357,203955.1844884028,205810.26426299455,198252.87541989115,201349.59287635577,207559.7259811444,203900.73841292947,202295.16839221562,204804.3116157364,199085.3125,196698.4375,198335.61702041086,192804.02237346795,201304.23182769783
1418,340000.0,312095.8125,302139.84375,295295.03125,314424.84375,311237.40625,303104.9375,309408.4375,314183.53125,324737.875,306829.46875,307069.34375,305277.53125,314987.9561272895,314130.597845815,328530.8859792092,308731.25699167827,315431.1636729834,316318.82917303534,310516.6598218884,309120.14122278994,310614.8949168645,310653.92786467867,321421.6875732862,306778.83695313404,311812.8239416473,313831.3382458866,311508.03460613545,305050.13735777553,316640.11242390383,322622.9026220344,315985.7353080931,304718.24464451073,321044.4290198548,325219.06201067317,308110.28652454977,316390.3211124446,303186.21270875924,309731.45340136054,313629.4375,315469.78125,336743.58681997005,307974.27542948874,306636.10183215264
67,180000.0,248475.6875,256113.921875,244459.921875,252365.75,270310.15625,246522.265625,224400.421875,233135.796875,244512.09375,226772.015625,239165.984375,240317.546875,244355.9499455269,249430.02325784243,243398.3647403765,247906.4838882354,231095.9483563109,246076.96434095813,248034.27199267855,250341.8770152801,241500.97591672855,246421.0537322055,249789.6758256251,239125.96928837593,240250.54514243052,251612.17233030364,258403.11542435279,246929.46759602395,245294.5464291031,229622.35098612536,246636.72488693378,251569.9222905276,254915.5443260251,245734.86141100692,247391.35967519315,256041.92990910372,245808.58215038598,246465.27422577425,229486.28125,219895.21875,258941.0208782938,231905.2171432789,244440.888561737
1000,206000.0,184771.6875,185792.296875,188935.296875,189116.46875,191118.296875,185891.1875,183824.6875,185245.640625,181485.078125,176554.3125,179217.328125,186593.015625,190590.9413449573,190963.8559792187,187892.8528660091,186766.44467001755,190977.0297329436,187038.27035414896,191709.69019421202,189732.73310235367,186860.28454252303,185582.2113575386,186903.46410022883,190276.9011154648,185380.7396961093,183012.13208757312,185873.42564237776,186988.15312267863,184049.79467597493,187106.26108810186,185206.6089889355,189000.86106478982,186633.90105649564,191805.86426731184,186043.85984513076,186773.26017074,187184.4008910338,193014.81911489708,203300.328125,197258.4375,186740.06756672755,198446.01780402614,189319.5250300106
580,131500.0,136038.90625,126893.703125,131538.015625,133549.328125,130522.96875,131334.453125,126353.796875,138809.703125,136776.578125,134319.421875,141531.515625,136719.078125,138963.43882476297,131902.53103892374,137911.51569286783,137656.7269963862,138682.92827586335,140014.16209071173,137855.94504667353,136067.00648169496,134765.47456964312,138276.99047065203,135944.0208342682,136196.89189481383,133781.97081248777,128615.5740249786,132197.2015372284,140913.1027538298,142442.00808611084,141681.38008845053,135296.3709762316,134690.95245010045,135256.15558925105,139172.7929177745,126403.08837012076,130667.54963862465,138261.43454281363,125920.37752886002,129136.265625,130585.84375,123480.15084106714,124127.55748085596,136758.89793316752
943,150000.0,127821.15625,123167.5078125,130651.8671875,137329.515625,144454.359375,127329.140625,131098.8125,147956.984375,147508.671875,164037.078125,145884.09375,160050.859375,134854.81681714638,142258.14280171235,137946.60888978286,134200.69767714213,154993.93205940435,142144.3893858082,133026.16909396404,140938.2299335236,132221.5558576547,134431.94686600895,143837.6618542678,143955.2341821578,131283.141468867,128484.4961564204,139113.02729366542,138701.47220359035,139826.12149037988,145446.71615378826,130878.50339359786,128223.15217552055,138403.0826609075,147530.1320013529,142780.92200472575,133372.52944465197,141064.44746425666,143868.37326530612,147594.78125,129748.1640625,144102.73801970927,129270.75492885514,136620.85356317292
212,186000.0,165944.6875,172441.703125,171424.4375,172106.546875,173472.28125,178275.875,174333.859375,174033.25,170621.71875,172517.3125,175387.265625,179649.1875,174504.46627779005,171993.2124479066,173138.60845742314,166564.96820017858,170966.61757843886,169865.6801319785,168726.59051212372,177783.57829299357,171929.7418823759,171264.45619028885,171539.39142717494,176285.81406495647,167476.3051133761,167037.17849129226,167942.77920359749,173517.05772394798,172460.35500331485,172403.66084024074,173757.7489119605,162397.88783337834,174365.2497414511,176069.43002423554,170858.13484766096,180936.12226799826,173990.8120257687,176325.17853191125,174469.765625,172045.171875,174990.97820240646,181753.64759205317,175551.3020814844
1149,116900.0,118850.2421875,115370.359375,119180.421875,116968.796875,121665.5859375,118265.578125,123420.3125,125752.6875,121704.0078125,122418.6640625,124145.3125,127292.5703125,123889.4140081749,118921.61558965541,122031.30181551645,119875.252507234,121553.52651631081,119354.71177577377,119897.5836871643,121411.60773422792,117349.72741105003,115783.21670047546,117910.26116701857,123293.468431554,121121.18158157624,119130.07295337944,121753.17017148306,121118.39028404851,122151.91618963286,117426.00945538918,118033.52565475098,116311.93422133959,119703.94060737008,123445.91097195681,124552.57419954044,125276.34376470152,120688.91324290965,122276.53175747186,114686.28125,113401.484375,123375.44917776537,111843.6663655295,119438.0448226009
746,299800.0,319141.59375,343517.375,323474.03125,338344.53125,326878.125,325165.90625,329183.71875,332882.375,318882.875,315771.0,321539.125,335063.28125,332513.51253050385,330921.3435410402,322014.9051620864,327237.6017333499,327817.97638974094,329649.8844034636,327551.53000709845,325079.437008843,327328.523100545,327656.03538646275,331443.0176194477,324347.2604229323,328465.6481768034,323747.09538891644,321011.7595103017,321171.91091379017,320818.0611641785,338453.54894667637,319115.5650883108,317975.3128338355,319248.32479302626,317169.24185297475,319475.9673120959,322949.7549890455,317262.59873858263,315538.45714285714,311474.9375,298123.53125,322593.4532659513,320426.60481020645,321119.4674865644
537,188000.0,208328.40625,202615.53125,202086.1875,207596.5625,205792.34375,201531.328125,206346.53125,204145.890625,203278.90625,205386.78125,200896.9375,201355.28125,213683.64172116807,208521.2916781001,215130.98087537586,214702.48392266806,211308.8812579732,213494.5737591616,214998.4472749625,213394.06328260372,210002.85021520217,215843.44647227656,215906.26787228652,211355.2658527301,211990.3379965088,210144.7617641215,210999.67185973137,219451.36066785586,216168.08462253812,208925.33064655334,212508.3575768934,215510.0607155553,213528.24473464437,216839.96546271173,217127.05268763666,214737.29978585243,213099.1389121137,196960.93008734478,206589.1875,197250.53125,197610.38748713813,191155.14554038283,213116.7319763779
1287,143000.0,161327.90625,162305.375,162732.6875,160843.0625,157661.984375,159501.75,159561.84375,162431.328125,160525.625,160819.25,165535.796875,166602.71875,162855.21973200556,164629.2885714831,165788.86992350518,164506.84514497122,162765.81606734465,164180.86773535947,166727.37984440406,163015.67576214756,161068.49181479387,165590.49985709516,163154.12034748116,166243.5310976657,161824.35004345048,162447.51731040215,161907.97144830416,164161.89013434562,161730.86684914536,165910.4719408924,162909.2017114211,162701.05579280565,165573.3690969615,164202.9928495238,161792.34260919018,165389.98651387417,162999.39108576145,164391.57032655334,164091.125,155160.953125,159920.70054828274,157103.0728002477,162705.92535982688
1296,138500.0,132646.84375,133941.03125,129966.5,131310.78125,132814.6875,133288.359375,130010.6328125,134282.625,136190.6875,132922.640625,135192.71875,135984.28125,131602.9742343808,130586.67398820013,134556.5811790195,130688.3517651013,132544.16696760477,134609.65128980446,134303.3179249457,133817.3207727516,134595.40330856064,132722.79650301673,135234.85603732604,130645.2635111221,134025.56219602915,132000.70613225404,133278.9439405552,131045.43509201135,131674.6207401997,137899.70934832343,132091.64758174508,134047.06139991403,131559.48642420734,138387.64072369025,133812.77752926314,130016.30092998335,131938.3015453071,138119.74614700425,120372.7734375,123727.546875,140046.1643879329,139181.71097319497,132804.0999724091
86,260000.0,263173.53125,265963.59375,271380.28125,266360.84375,264660.03125,263662.90625,262908.875,259339.34375,266232.5625,271375.21875,271222.0,266487.4375,262217.4259747313,265789.3712851014,267802.7055561239,260763.24565552053,249353.92213350482,259997.70084789157,256379.20321932412,261886.45494215676,263377.13197424804,265561.6177866857,259511.55536876214,255597.73059056207,251939.0398070033,257965.25696323864,267299.79553039675,258346.1577483456,262900.2345782484,253779.01463126123,257211.53820767597,269524.32577641873,254315.0487020509,263018.9840462893,257294.5971457266,260282.09581333934,252180.4009381729,280080.0501360544,261490.59375,255236.609375,277155.10524913593,245559.61226912308,256105.05453136613
1315,119000.0,124404.5703125,122698.203125,120079.2109375,122483.7890625,125221.25,118897.0625,122493.015625,120288.34375,122114.6171875,118760.6171875,122360.46875,122605.0078125,121211.87263781414,118760.16759310642,120762.31799110526,120880.55141606482,122316.27246138522,120622.34946592244,118768.90940979416,119485.43083286633,122446.65177937987,119581.16654183753,121342.83601894382,120169.55845190129,121598.24009590896,118348.3705393041,121594.69272315694,119602.54582883534,120667.02338375691,123504.21993009206,120430.41166991253,125182.4613409033,117986.72592962653,122439.48392241671,122917.07268106406,119542.8238640561,117527.67297200082,124466.88267250889,116238.390625,119192.9296875,127278.94494257757,120464.53831287273,119894.81563137575
975,167500.0,185670.4375,183110.109375,185884.28125,184609.453125,181091.609375,185662.46875,188091.578125,196651.09375,192843.78125,180006.09375,196238.375,189211.5,188726.01981141104,185421.64574692585,183050.49242858388,194917.381946136,188972.79219500587,182275.51691501483,187686.66083229895,194977.8078535447,187516.85420337066,180932.4237278625,189664.33771744947,205920.60943288237,188495.3492734109,179230.05995783888,182347.08672782732,190761.73844843832,187880.4810343701,197135.2187891687,189193.52025696257,195194.99930117754,185488.82073420018,203601.9768859156,186976.6248881245,191560.34234930467,204755.97472820047,172652.96867043056,182671.59375,167072.453125,180903.24092872892,172984.4300566339,187006.83852412764
977,85500.0,76681.578125,78756.28125,79597.078125,77260.3125,80188.6328125,83010.5078125,83407.046875,80180.1875,83724.2421875,76607.0078125,76446.4921875,79170.75,82833.21760183427,81905.56453576442,79082.268264914,81748.12732518566,83265.7254894967,81451.3105347728,83678.4335962773,83994.57528348717,81213.19765632603,82072.52522518385,82554.78951785984,81182.38603837881,85302.22610496337,80327.86350928422,83693.02859927191,87588.50308361696,84581.22653037144,84406.09560744299,83380.642090021,79165.34694724923,84458.41853788943,81111.07052679619,81688.77331573922,84817.01340019752,83175.78540183352,95421.35688930117,87983.75,94514.5,96425.04686525387,88199.75549653657,87728.20766194415
632,209500.0,235619.09375,237109.546875,234263.328125,232072.359375,229565.140625,231750.5625,234054.53125,238104.078125,235302.234375,238699.59375,238543.796875,227540.234375,231084.96486074265,231126.57558339718,236346.50230749752,234410.19713281724,230198.73649365004,233055.43822739058,230103.16790346202,231782.83623163588,231725.83077567187,236117.44766804596,235405.11465354048,232818.8144206553,229026.9798473306,226607.2979248141,234475.76847746072,233084.51245216842,238398.940806043,234567.3721761707,233668.83571468588,233961.80742244647,232602.73803334511,234443.15980978103,236520.41820489746,236597.81156723053,229023.77702055767,230520.9698923933,216352.484375,211424.734375,226144.20502484468,214962.96700971265,229423.51364386544
1316,206900.0,192613.78125,193208.390625,192109.28125,190978.734375,188011.59375,188848.28125,195006.21875,192168.125,197258.5625,202866.40625,187722.046875,196472.375,192414.6969908586,191372.17455046112,191927.11747716018,193675.6217474893,196150.7154314711,198824.88423357523,190537.27741181324,190143.42394777713,195996.5379930031,199701.2133951431,193438.34960883838,191230.8213032276,189578.791796859,186619.10158007807,186868.60205684774,197001.14812911922,193854.12778528352,195299.53236438677,194912.13513177136,195305.9673363552,196319.65897362024,191764.0684331435,192045.3873726901,194494.31326720517,189580.94484993734,187565.60186987612,208362.8125,198735.421875,182152.20493485773,179081.16210274346,192994.75922214653
1384,112000.0,162565.625,163351.53125,154296.09375,160094.265625,161598.765625,156057.296875,160578.6875,159553.734375,157319.03125,159397.859375,149760.0,154404.8125,155518.38277575266,163006.37151675427,155415.38564407223,159998.64962142726,149342.6985176347,156415.24260860682,154660.1023600208,153288.17838302453,154229.97797455068,153180.5893272044,154087.97027225955,154496.0621823661,155943.51287989374,157763.16341280154,153737.79123027815,153879.15964756938,154125.16612681103,150019.2521016736,150539.6895833924,157830.63002404376,151205.32284202974,147873.7580664666,156501.32350533296,148190.2542434276,156349.5626240601,152517.8710834668,174183.484375,163892.6875,159281.81836316446,153994.18865369755,153736.10881570395
1402,193000.0,186012.140625,187667.28125,183283.421875,186060.390625,182751.25,183606.203125,184986.25,185049.5,185523.4375,185952.640625,182405.40625,188943.046875,186553.67762472667,190026.8782062937,189609.36562952126,189861.39467565628,186173.81040370546,187262.88281278894,185387.77451974302,184796.17176159038,188520.73790316173,190722.34553509866,191794.62990847096,189370.03489155485,188920.0772951795,186759.2318179467,184843.64309563203,185388.90684533966,190670.68132558832,187081.51146622232,187834.68236067824,184527.02689926638,189290.1051468416,189191.56822730388,188989.62163292384,191850.05639140218,186750.56615808533,180590.92603894693,205417.859375,197411.625,183913.6799453397,189023.6592461932,186393.84701001528
950,197500.0,173607.65625,175542.40625,171755.984375,173735.03125,170485.84375,173565.609375,177251.578125,167048.125,174681.375,171075.21875,169943.796875,172896.46875,171117.3913446606,177125.68595319867,174349.86606626675,174586.72076227042,170863.64686029236,174069.84466212965,169675.08919379878,170575.6132683997,172719.66421927986,172860.0203597382,169698.69402485236,170640.597176083,172527.95244052264,172297.625551032,172276.51920343225,166041.0026744076,171681.58637623035,171750.95769730824,171757.99077722352,169636.24114263305,175990.20945208403,165444.9386616217,167157.5258312495,172554.6928379074,170057.54766256057,167990.9898236139,179089.96875,182212.28125,178139.3007474815,171350.74588151177,167600.5471148193
274,139000.0,159797.734375,155804.796875,162669.84375,156884.4375,164014.8125,160899.53125,163876.75,154187.734375,159385.03125,158262.171875,161591.765625,156072.5,162399.26259498252,158442.32800585436,159081.00815283108,163613.2545671745,159006.01837855,157379.25543313855,163132.37496642838,157835.75553404275,159919.765926014,160128.23456503297,158012.84883757003,160908.6917241486,161426.543344924,165375.15589094328,159811.8827083158,155462.56266359586,156168.37699051618,160796.78766733906,156538.72784243786,161207.7252349823,159980.57253501407,150346.53972944466,157726.03912977967,158751.29546155527,152209.97313095018,161596.53178619,158358.875,159743.34375,166878.37573658206,169284.5741184263,158611.73637275942
1035,119750.0,116892.75,112684.03125,111226.21875,113968.296875,110493.7578125,109762.765625,114012.328125,121190.953125,121035.171875,121474.1640625,119012.5234375,111467.3046875,113145.8074071787,116143.61865905557,114025.42045656791,113704.04790049669,112209.25354200466,116675.10989537516,112825.21001797896,106927.03090486396,114487.64750259327,117496.74375678053,115548.35250063032,111461.39015003224,115191.5661004248,120819.68916671649,117868.9792071939,109871.14182971219,111211.93848994364,111830.38977354993,111205.40351260926,121054.39023747266,116585.43374937776,116742.79183373756,112800.01334126957,110427.95951126689,108987.25893474618,117215.48736850452,128947.0234375,120806.4140625,122487.82831817954,102957.92166284949,108675.712790747
363,198500.0,190201.34375,195260.984375,188387.421875,182120.375,181876.34375,192049.203125,190888.96875,195155.078125,200632.03125,206373.109375,215523.53125,190481.578125,190424.21528664095,189401.31365352788,187256.51557278156,188865.7251442117,192581.6995083896,188277.47649912993,188624.82854690726,193524.91073192295,185878.04561385637,188634.01337612834,184298.06454847078,186408.93454275708,195096.73794624684,192999.14772710548,194745.98657005615,186261.60298106397,182754.4266501219,186795.14844186444,184576.17587750978,186799.8157937608,173859.71733048704,180094.33765907033,175702.27852430483,196122.24292530498,183486.14443038043,203710.59323390893,211880.234375,184697.859375,176753.44950853562,177580.68643002605,184771.74371607305
623,135000.0,125264.125,131559.71875,130034.9296875,130534.9140625,125999.296875,126831.3984375,126669.78125,123923.5703125,129029.3125,128071.7265625,126618.125,123731.0078125,125443.95091414574,126528.46270803816,125452.41999665835,126834.57565891092,121316.43133235599,125864.19596743009,121687.04971428694,124534.15643107655,126692.55530308644,122917.13178974691,122861.64024308394,118968.88494324546,125059.4563630659,125913.21702125075,125548.54305950674,123590.97206768466,123871.32913142946,123249.46278304215,125554.22452062741,127347.05699954329,118356.64656936294,119575.03414696094,121831.57623740542,120935.87111613477,124576.44809205961,126887.20610950368,125205.9375,126574.984375,124999.17135692695,129277.2649243001,124659.63276366622
3,223500.0,209498.109375,214182.75,212896.703125,211175.0625,212583.453125,213472.6875,213753.609375,210192.46875,208308.015625,214703.703125,213155.90625,204688.5625,210536.50840839755,212327.3287223707,212879.7023942944,211845.3983903618,212795.6049280005,214188.8562354384,212169.77707559112,214449.6614061487,210444.80612349403,213523.46156490452,216834.90515175188,216149.35319980342,211675.5526326585,215245.72038794946,211280.59521133613,209098.02149594272,213049.10717402535,213561.47728429464,208817.06957947102,211910.80661842017,214129.07846160076,215240.1020498755,215354.3126930351,209370.09487224428,215032.23693478285,215023.95277759127,224882.15625,223260.96875,212157.34449867546,218733.6163907129,211128.9554976804
7,307000.0,284889.78125,293856.40625,288001.25,281446.125,283582.96875,286321.40625,285188.53125,286475.96875,285330.0,291366.96875,296793.6875,293468.625,288669.7772184193,302024.19197299756,284214.05069640186,280691.4301717724,285340.2541377657,285543.3350211653,288870.8875628858,279233.0741089527,284100.82474380493,280889.06153084,285356.46385875554,290260.273771879,283024.443265429,281063.4802600094,275422.5397462603,283073.5381557237,283386.6495332637,288702.9057413341,286280.75943610974,275825.08518086956,282793.6985217065,281233.3740017981,275951.3434184288,283497.4987398729,279498.676520034,277134.7797934121,275675.21875,274896.8125,281692.6442842816,272362.725439252,280879.0770742729
312,132000.0,135772.421875,138978.9375,133439.203125,136412.796875,135474.421875,133099.609375,134117.8125,128539.53125,133515.375,132891.265625,132227.578125,131880.671875,135780.33911523691,136302.08632942286,132177.12300904188,132735.95701273347,133828.5322868791,134956.00794114024,135788.63476494522,135838.2371896328,135763.89589062,133530.01951396777,133727.5294518316,134672.21928451402,132775.92015223062,133108.16025349093,137595.60477556643,132803.14218045995,132982.8572158631,133193.7889215366,136955.19337883912,136022.96361717384,135314.46425012438,129903.73525426825,129929.11101915153,133650.45004617996,138088.76993067106,132316.39839351125,137379.546875,136009.1875,139630.83129064195,132232.29959753586,132828.96469860818
669,168000.0,161631.59375,161997.328125,158863.546875,162742.765625,167750.515625,163030.15625,165066.953125,160120.1875,160516.484375,166415.796875,156767.875,160966.53125,158858.48634845344,151442.63739354163,161446.983658029,161511.1137272369,156761.80090092027,157873.39132577827,164027.38339207138,155788.28614304587,161793.31681883385,163415.37245890073,158256.29511692104,160264.43197162752,168708.1869256787,165196.25453462315,164572.92938505724,157763.73027283425,160394.17550652227,161141.78944042887,163466.1450559994,164589.92250241613,168750.82534385382,163599.66405810692,154318.6322125029,161752.5432294418,159679.77497245936,158036.63872776754,163118.015625,161223.3125,166176.13930858,153455.22759449718,157187.22165476528
1038,287000.0,249972.828125,244080.203125,243834.515625,241710.96875,248750.234375,251807.765625,244049.484375,264778.6875,252489.25,240113.90625,245888.546875,241317.4375,251357.382281332,249776.01245417038,252535.71389035255,251098.86355061823,251347.45367575609,254244.04797236293,251534.95197370762,251621.76981131613,257810.1266690496,256175.08007790067,252950.12702479336,256342.2564759843,256465.64264752276,261437.14569717043,263218.4314837477,255622.5591261922,248523.67121691987,256707.35517626954,255441.15933129692,253044.76794132168,243338.50437313382,255208.12764445928,254051.76839892895,255596.19794307766,257718.50658637012,253929.10423044217,251481.140625,242983.296875,259961.4037557221,235723.3797102684,251616.3734843461
1440,197000.0,186778.828125,185345.609375,183313.65625,184491.1875,179564.828125,184254.515625,184331.5,181315.34375,181127.78125,175557.0,182383.203125,184068.28125,189136.9870977039,178021.0520186111,184435.9085257829,185394.5020433186,186755.13089991402,178556.1637534257,186913.42540562162,183964.58602019225,187017.78439328246,183478.18849348766,185728.03402987437,186774.73601980897,181385.96249463607,188146.52158612685,184688.5254751297,181554.21552247158,184650.89084604062,185894.60461247445,186346.50101535406,186155.43723543079,186431.78273154705,184482.37750642718,181890.7191671258,184681.84477051202,182518.57125783514,181580.4755244755,189241.453125,185988.375,175181.75175733917,179901.07194573095,181254.99566205716
216,134450.0,141291.203125,142158.390625,139833.265625,134026.90625,135245.796875,138936.671875,142576.296875,143920.453125,143553.0,140612.734375,140327.359375,142634.734375,137922.92191930846,132873.92162103805,142691.80180147782,141733.15511223726,141128.75778494717,141211.26880893175,138915.40866224727,138419.7885206243,141589.74385389194,141681.57057469,140774.91558126686,139989.31255794503,140388.91626825565,138245.599152173,138825.29145218764,137686.977155973,141781.99132508857,139248.8054785823,140571.05139546702,136732.47227981655,139721.52281148182,136978.99004295585,140426.04637555993,137317.0372975984,139274.17803298795,145021.689478373,124335.921875,128674.984375,136420.73540221367,131549.70691984548,136395.29180534443
1120,133700.0,121762.625,118320.96875,116121.0859375,120166.2734375,118283.9609375,113259.7890625,117863.046875,116732.734375,121391.625,125922.9921875,125176.5859375,114338.921875,117104.88098746563,121325.39217490522,117022.71565554023,117001.5677061103,116262.05769095468,118955.75055301668,115896.74900384869,117930.27295706078,115416.093969594,115680.76866890633,118163.50699476564,118116.157162892,121019.528938869,119663.3056252519,119911.38064216153,115676.01216982503,114517.30174103788,115534.51906586175,115195.72128377833,120769.7831037555,115953.36648000832,110600.20939633866,114577.88085147584,114767.53536298872,115367.28114785992,124399.20594054897,123401.6171875,126077.1875,122011.07353115355,126648.16268659987,117979.13890340128
28,306000.0,317951.625,318655.59375,320552.03125,312374.21875,325686.34375,319018.65625,320956.4375,323484.125,314052.46875,321106.0,317847.71875,312648.125,326695.9329564734,335648.4518363435,315432.5558010335,321208.12810963945,325145.0023950955,324532.87252467615,328272.58714904013,316119.95602570777,317681.50238481665,311662.3275651167,323845.91601451905,327404.6299055043,315795.5493716875,316771.41085402656,303376.7276950779,324876.7743169463,317754.2628305142,322286.36894368636,313807.856257635,309253.0669502463,299245.12428579945,324016.43223288376,321113.4736232169,311931.42440641444,325212.68154052924,297543.7133786848,289895.5,286914.53125,310114.28624749585,296458.1071448751,318264.6469096813
1056,180000.0,157479.546875,154568.859375,156855.859375,157788.9375,151335.109375,154497.671875,157880.453125,159010.328125,156825.796875,152098.96875,148493.953125,162172.5,154300.16606824013,158909.58061323225,153589.81473874653,157537.6955514337,157614.91188236338,159435.063900546,151804.47360377296,153570.12126096446,157096.7898831254,155223.24782125614,156711.778058532,152277.57739612026,154860.13358941453,153450.30642981577,159271.82464743478,157552.34084600935,162516.25603978694,160089.58068748316,157479.22775781766,162611.9403338831,159429.62561912948,165435.70934939326,158114.89470500202,162329.7929633078,162620.50277645708,166997.46241178937,171133.3125,164387.96875,165421.7931849557,157202.8085796662,157812.23794947087
825,232600.0,227746.921875,230942.609375,236341.953125,229160.46875,223487.40625,234103.421875,227883.375,231640.4375,231492.609375,231486.0,231379.6875,229157.046875,230356.8663942877,222787.88322397077,231169.6938550699,231870.00555646888,229014.35170769025,233728.59777766422,232380.67145102756,233339.71866484862,227819.06654079058,229984.28451380038,225250.4066972827,234103.97778330182,225624.37005778693,222364.50665278366,226568.0147591037,227509.7702804604,228803.42807351745,228049.87205301743,235852.60521633146,230676.92455649367,233742.12471380673,228329.29197373043,229424.510678009,236114.17726449083,230805.74162211624,229666.63195437292,223096.5625,225264.953125,233042.3635874446,221640.75612290573,226772.30121029593
1416,175900.0,229373.875,223487.828125,224252.8125,224119.1875,210433.640625,223197.3125,234252.375,219015.640625,222146.890625,225859.390625,219801.921875,210764.890625,221328.5248576981,219805.01085280802,227370.28791317903,231690.4944350367,221421.05304727863,224739.38687751777,220244.55149198708,215144.83102274168,226704.09527715037,226313.10460243872,224792.3412468798,217011.43207995122,231508.5521767413,231941.510057212,227772.2228832223,216172.30995919663,221000.25139916418,219138.6323384336,225152.91756513203,225160.4038525905,222848.16827055824,218303.4888350892,227879.63155255918,216626.35710871554,214272.7473247765,212281.57710318652,219781.59375,216477.578125,216731.3511648861,203658.27696315286,213640.1219593215
1199,178000.0,180950.5625,179460.5625,184362.796875,187412.953125,184961.203125,185150.390625,187505.921875,179682.25,183978.25,180732.984375,184201.5,183940.25,183906.41675328778,181745.5271018629,178947.8478995247,182302.31284050184,180736.69837936052,182899.58800777388,181421.68648051165,185055.07600031386,182372.33824979214,181993.63177547147,185836.30367657111,181332.1119791141,181301.825106301,184151.11017184803,182927.16811653518,184464.55441854033,182105.25706574976,180444.3190079492,182574.64000996904,182680.13387294128,181266.08263639963,182389.6555200164,182873.8254749668,182069.507284315,183582.08815012168,184176.99084879723,183802.4375,179516.53125,181362.66580978275,185154.0093362416,184452.50663108705
1281,227000.0,214654.90625,206132.9375,210550.46875,214372.59375,209853.046875,207317.203125,209867.859375,202695.09375,204820.296875,204765.4375,203345.859375,204586.234375,209672.15618979422,207046.34796605897,213205.87427516142,210196.82389921614,205924.2131762031,211412.49478369032,209143.9547779497,211485.82515729027,214525.22339761452,209029.55007348297,208833.65504520424,209871.04162610532,208706.0376631564,214338.34161824483,211987.9400969709,208262.21810239906,208457.49370440375,208864.7237604694,213428.61381886245,216506.94420579524,208331.76146149434,211654.21966215267,210721.45367676686,208567.97880940806,206951.90445796322,211788.92774183184,207555.78125,207392.75,213551.49291279123,207617.38111889828,208225.35238029284
625,165150.0,160622.484375,168181.734375,166391.265625,163442.53125,166561.296875,167558.015625,160531.21875,156041.203125,156503.734375,159597.203125,156888.25,158423.203125,170552.2736885819,162295.6358694468,164962.00096085036,162242.99302990723,164010.91007412094,165480.175862114,167410.49005322918,164987.844702397,168431.09954969567,159592.7090053255,162539.6734134924,161964.38521575063,163547.28515740225,161788.58758489322,165175.1602117601,169286.0946361176,163569.57736973703,167679.02662355432,166088.8458349843,165324.3629191727,162873.2554929638,157703.95644396302,163137.08744135572,161244.41443086194,169007.5378638919,171377.67063209318,164961.828125,158870.359375,160594.12752988515,170824.90703390737,169113.42226693282
808,223500.0,192681.9375,182334.140625,177643.0,193219.4375,196151.625,178806.265625,182187.78125,206484.796875,210337.5,199346.1875,220945.921875,191289.8125,194240.67242485654,200421.29391786136,197494.34406463258,200976.06457530888,210074.06390023127,205457.19956430167,194425.83612449208,194665.97910702045,195055.4342299187,211700.2559630304,193061.60655663334,206574.26866700314,201968.87349858438,204603.23319999626,199615.98670163017,191503.94629532134,208876.75637525477,197746.97264901447,203084.51780226012,193033.87639036204,215850.91960121843,213333.22982874283,229444.7267772338,222584.43712263624,218331.80944804274,184587.36764172337,202889.890625,199177.125,217404.3968372613,214894.84016096196,198056.09772626983
257,207500.0,198916.5,196349.265625,198563.203125,198469.5,200937.734375,199024.28125,201919.9375,201806.96875,201269.65625,201010.4375,205732.96875,207352.984375,201681.27659962044,203810.29744792794,199443.44519997793,200333.52673360615,204563.12754691133,201973.3705996703,206126.31538582733,205578.66102792625,200025.63039547368,203510.1165105919,201169.20850733545,204604.7116943803,200235.56891725885,202830.63214483383,204227.10956635833,204909.40520696767,204263.63797557168,204018.0158763202,203008.18858798651,201228.60696824474,199565.38779299238,202548.45587401322,204678.29980214653,201192.73581833238,201972.0364139951,200016.6799907887,207609.828125,205202.25,198774.87367027788,201200.6448989264,203892.44921822753
26,256300.0,248967.875,249644.296875,245589.96875,241740.703125,257464.015625,251533.4375,247756.828125,251616.3125,260646.578125,258451.78125,259370.359375,251513.203125,248223.64562905408,244101.4695553636,245371.5079134447,250762.63881880246,249792.62410683415,245300.6982727761,248568.68331358372,251189.68959960528,248397.5968697207,248376.61783014107,248044.31927217,248200.46931245978,249702.6176835655,251708.14472681176,249500.8308390098,248985.9291495364,248515.085537783,247613.94805263216,238030.18911417673,247508.39750898452,244305.20503107752,244463.19167649202,238506.52533979315,252693.4563089234,246397.48721743576,245439.49142207898,262473.65625,255761.46875,257135.92335993762,246733.43368684105,248813.73350026485
337,377426.0,369721.15625,382213.71875,371754.5,365117.3125,352368.34375,363299.34375,374605.1875,406343.625,393403.53125,406144.78125,408008.46875,378314.15625,399849.8601884749,399893.45937273744,390289.59909389954,396738.98702698527,422243.53228676587,394388.8992004689,395743.79492682184,398221.8460801257,383473.2427811966,405927.65294931777,411470.0866667581,397468.5125125151,388923.1006277975,380564.4254477081,378513.48505351844,393471.07504428836,405126.003906619,399120.2039259673,389296.9817861248,387824.6572264999,396084.3812686973,391596.50366491574,394286.36880856287,396944.7492037411,396715.53091394994,341557.35714285716,340016.90625,362590.8125,371824.81977752515,390135.94513185334,392607.08719570196
573,224500.0,215719.171875,219796.453125,216019.9375,217357.796875,209277.0625,216255.140625,218594.890625,216840.375,219637.984375,221544.828125,208131.3125,220586.9375,220903.50090575428,218200.87591109038,220943.66324727578,223679.48004409586,229945.0188567729,221798.52777043098,217235.6444810987,217753.1910842658,217918.66830382068,220974.5599324742,222659.10369940227,222682.76507759112,221091.59139733916,221402.64414783983,219791.8175319042,215615.27741641068,218393.73703727973,216410.4964462466,215499.6698539681,224265.6459756457,220028.3823823213,218691.0121949639,214785.78959923197,213048.7624846396,218295.76861084954,212577.91712644705,234950.375,224256.875,223948.46764081728,213939.76564436068,215288.27397580445
48,249700.0,255716.34375,245398.46875,247585.578125,255602.484375,260682.09375,249877.484375,240826.03125,253624.109375,253520.125,255028.84375,253687.140625,248661.09375,260215.45352508206,266267.3633050267,257710.06940983754,259647.7659639895,262891.08963201195,259983.3117889504,258838.0909742721,260171.99154599287,254178.05906762177,263837.8517825314,258680.3354546741,256416.78548780817,257873.71414598112,252765.52710013147,258776.41268196443,259377.35938020353,257963.94160166904,259716.50043038485,259761.40849367692,258896.36845762728,260835.41388392853,264044.073955522,256136.818408207,261341.5138151791,258888.67575346882,241773.54510204087,250000.578125,248693.078125,245702.9755197367,228228.5700278886,252878.53922074835
107,100000.0,108196.2265625,104103.8671875,103777.2421875,108048.8828125,102369.8125,106733.25,104603.2578125,110500.421875,108109.859375,104613.3125,103332.34375,110482.640625,102941.3825201233,105942.77047797272,103749.77130986193,103846.42370866647,105470.58002018568,106432.61540141162,102688.12246111369,103208.48831073285,104456.71603917486,103773.55285415346,107561.89918803988,103618.43635272716,104524.4650073778,104431.72495783212,109604.03387937814,98836.31298765706,104492.99816826681,105909.27188026262,102988.31093714005,106070.44417805529,106497.11116916663,101135.64323649375,103704.37926834094,105930.17544511585,104173.99658640358,106987.95814759238,95713.8984375,101689.171875,103307.2832174322,82810.10873160616,95937.59091463246
350,437154.0,464058.3125,503675.375,492179.46875,479594.8125,433955.0625,500065.625,472754.5625,470178.5,480036.84375,493275.34375,478424.28125,477318.96875,478351.4637486803,444073.42062424216,471983.2049488685,478810.75518575934,470252.6244641379,449117.06769196625,464808.8584821948,468978.4424949277,474683.3170044856,463053.6492253822,444798.19941077044,455163.0680125152,467772.01961846644,447208.4226575454,469336.84135039157,462773.0806636485,444463.0857551802,441766.64865489764,445566.4250069677,453576.0381049168,435659.77415470633,446443.0128346176,423543.6487066638,418637.28581005934,436621.4462884843,418099.4928571429,419587.3125,454027.4375,437347.24240129965,416858.40614240896,451045.471991393
56,180500.0,161462.578125,158634.171875,165408.4375,166555.90625,160904.59375,167265.359375,160204.53125,167813.109375,164119.203125,175106.328125,170271.875,171011.0625,168052.93546471366,164638.2836968047,164534.23522876052,167124.51595116314,172754.18989026453,167686.01605188864,168751.7906893681,169346.6155146215,166195.11202339004,165439.7744937269,168895.14261806538,171302.3400871058,169362.8734825309,161030.82580951674,162432.59009737734,173364.23855529315,166176.8260101049,166967.2200842755,166974.43760571827,162221.82704208427,165058.51644673085,173622.43262496986,167869.065643758,167736.0272475032,170560.4430960847,166345.06461084503,163650.3125,155815.78125,157452.90389362216,163309.83279873972,170813.83291149227
1444,121000.0,108450.15625,110362.8515625,107801.03125,103283.078125,101428.734375,104764.6875,108798.0234375,114974.4453125,110720.0234375,113820.6328125,112851.15625,111173.5390625,107958.67902886341,103466.84054999505,110104.00146581774,107201.5115701644,105271.96719059457,106529.59007558112,107549.83179268816,108712.81244931468,108348.33671277242,114524.07344901329,109131.4858100898,108906.40292296806,111895.3750543536,108400.44392937844,114692.34272629955,105688.76968039862,112950.59233012154,109752.26530999097,111536.55032175245,110942.86544527675,110197.2711306782,114719.4975062799,113082.46602737403,110702.54334823214,108968.58201895677,106099.65877385772,111339.953125,96689.3671875,113723.99838602773,90993.86589865829,103026.0898184524
214,156000.0,149792.390625,150820.453125,151508.828125,148235.703125,145114.9375,146795.96875,152069.90625,145629.0625,151586.90625,148240.703125,149217.875,149491.421875,146815.6830944193,148318.398450183,151470.04531590472,150277.88574071912,145710.06275030802,146725.22703144647,146604.06871257874,146168.49960820586,147758.5882551597,148361.23131495377,146639.14214207602,144967.65278176602,150055.7521696357,149467.1735552356,149905.0478995485,147977.12979467967,148821.29153240574,146721.63695622826,148016.09077295393,147147.95299840436,150345.93249133785,144866.32465260808,146856.89851541832,151761.15260138112,148077.10416202524,142285.51164614136,155120.140625,153915.15625,147996.43258264355,152587.7888879968,149087.20008640425
121,180000.0,161816.0625,161141.546875,153750.109375,160984.25,161376.53125,162601.59375,157534.375,168600.140625,161054.609375,168971.953125,164016.6875,168462.40625,161711.38933764363,161853.04504701743,168203.41468009073,168571.8657690709,172737.14354688005,167782.81773384946,161919.5566526985,164878.69571582027,163881.67520563002,169915.54714222986,164210.0091887722,165262.2377316527,164737.4585243955,160789.79558775557,166422.33721732022,160952.1567314182,171068.71640127426,167917.4118136534,164699.30849644236,158108.131056985,168645.68158069896,168461.4804332762,172878.03924908035,166163.9867144535,165145.02094757732,162181.45688975602,193859.71875,178528.015625,162023.4603159734,155577.36384099437,160097.8680923513
1207,107000.0,119298.8046875,118411.390625,123806.515625,120800.765625,118303.8203125,123238.7109375,123241.1796875,122334.84375,119675.4609375,117712.421875,116759.734375,117874.3359375,118823.94620917374,119431.54172801584,119454.79236561396,115767.54739736048,120800.6311579162,121818.4733697507,114869.227117162,117455.04509960664,121812.37376332957,120398.16639733934,120112.3614467263,119508.3364452625,118105.27903573484,117395.90033610666,117377.54614365849,122523.37521751567,118819.8396193563,117904.38622685667,116825.55744138341,119443.4923624585,117639.72103624088,121146.1357249849,114167.01031322186,114693.08714113887,118196.71133447665,125397.63559792387,122327.2421875,124824.8046875,114090.16750614482,114694.40170047991,120447.03871592844
1389,377500.0,378881.78125,379291.75,363535.03125,368855.5,383474.09375,358555.875,383095.375,363697.46875,360548.875,360335.0,367762.5,368124.3125,371736.38704750675,373897.29863893485,367506.5625854008,373753.0310299223,385861.1794080347,380025.5513673514,379074.9007997389,367234.1778697043,368430.28759473003,362803.02249422116,364105.63562697475,371858.4307982754,371039.3069794338,375251.7407038291,367879.71750692173,362830.59521746775,371348.68479846854,376738.58039364824,367160.03974073264,376657.5732988988,341909.66404615657,363208.53742136265,346359.66476553626,351941.16053095594,371453.68997076154,359207.21285714285,351804.34375,354458.6875,353233.86728130723,371345.74650971324,363946.39631632296
73,185000.0,195540.875,199326.296875,192941.765625,195703.375,198149.5,195516.453125,197511.421875,199918.875,195056.328125,196698.40625,199875.5625,203479.328125,194280.0857117327,196984.96035553806,195136.97710119723,197633.37530966947,199807.1593611314,198704.73418494823,196630.57113585327,192457.16344588713,194266.75980822853,191519.48622826475,196790.16248168406,198382.2711672311,200844.34841615282,195961.31030075252,200585.1318668279,189843.65091601913,192490.68460841544,190990.55519727123,194931.86492446676,202162.25187489402,196263.69204134145,196134.922972529,193000.90266164605,193944.8695626846,189892.4740969673,188418.73639897595,200883.0625,202901.328125,194298.633254705,188386.81904958948,189794.53265006657
744,175000.0,157058.6875,154140.046875,155435.84375,153962.734375,166986.28125,152802.75,161922.421875,157055.515625,155847.953125,154946.734375,155939.265625,162569.78125,162195.7770700216,162209.5645860707,165078.0088554406,161075.75440432839,165804.67524891204,159375.29989360654,162990.70771911487,160569.76117772737,159987.99418722012,162231.99491105348,161308.25657803396,162650.35684878923,160200.40943375704,159478.54114641974,164367.04567605906,163674.53238535812,161161.43476824244,161225.8312728784,159485.07793441368,160369.77859418959,166067.38853031932,163188.22537846543,168549.9166018738,164987.13450979532,162249.90736681558,160524.59928818356,166753.96875,165468.234375,169158.35272697685,163915.03236480866,163866.08254924335
1189,195000.0,191555.328125,194541.65625,191965.890625,191859.359375,189864.078125,189798.890625,191904.5625,190579.5625,190838.40625,190803.25,188386.625,185252.6875,188664.46600884962,190941.8438423694,191979.84361627756,188679.39271151435,185743.28488189323,190099.94290743148,187688.88118380692,186075.0227909889,191151.67160421988,188749.87081652356,187959.7941431343,186897.8851169863,191373.06243917788,191622.6216318075,192054.44200384093,186116.69686126043,187658.64847444522,189750.45565641913,188781.16737152997,193612.3910669848,187705.9591633719,182933.01546366842,185397.49529723532,185321.15803627277,186113.6645815402,188396.42694144082,183550.9375,183023.515625,189988.91546122654,187320.47643385007,186387.8462858302
46,319900.0,285291.90625,290570.28125,278574.6875,283714.4375,297236.9375,276164.90625,276276.875,294250.84375,289704.96875,289516.59375,289146.46875,281191.71875,282536.3800511668,289297.76453011157,289886.7975899356,282978.05860383954,283154.3571323809,291092.2785089471,291648.3327780363,291807.2184063127,279752.00030996377,287269.14607729664,293702.3585705718,289505.0092253039,283500.99688979384,281846.1677757868,271798.4505335451,291967.1047998038,289937.69884433015,290628.6871348408,294849.2607566604,283134.2848291396,305010.1605518501,280530.64057803503,296457.58847581653,299023.1843737181,285327.9216445245,286891.48714285716,311393.625,298873.65625,291578.06160794734,277672.8954074415,289346.118261575
1231,190000.0,184561.234375,183988.671875,182923.703125,185916.015625,197291.734375,174295.453125,175096.984375,178617.390625,197994.46875,198277.953125,176989.546875,187677.484375,183795.07923747765,180487.37297469098,184635.1124576605,176648.36969569957,179424.54574856386,179447.24534276855,175338.73127125626,181181.7695049554,178267.45421465166,192150.4609111485,177430.54790385297,181628.39113370838,183955.14857701954,186034.38451963954,181362.27959558857,186494.37760870063,182403.97445871826,178420.92147143185,187278.51022822823,179385.13638403473,194731.03496279585,193291.8516465447,193995.2112882392,181182.91101916129,201451.27334645443,202061.46265306123,204377.15625,210832.578125,215625.46509105602,206139.73040613756,190730.74394782662
524,184750.0,376774.59375,408718.34375,411110.03125,390226.4375,332729.09375,375292.09375,368136.8125,481909.6875,456604.1875,467451.84375,430573.6875,474342.28125,351633.60042447364,350834.2519861843,356903.83236683893,361872.93521005445,328829.2551130927,349754.9295737491,351342.985760772,319083.285592197,374935.1286241254,367275.72016282065,343705.1846708944,320632.1582277101,346062.3447859066,366521.1358600272,376727.47528840764,344115.0815617926,359241.16396586044,348060.5357252425,375573.1588641257,362054.48761547956,383250.39054270444,361954.2519690024,361349.16545126954,393729.6778366714,342581.0768730305,495929.9885714286,567431.5,617480.625,464891.9235174252,417024.61874115013,363079.42413622205
827,109500.0,94548.0390625,96272.0859375,98135.8984375,93638.3125,99190.578125,102218.890625,97566.1875,97442.78125,97517.1328125,93191.46875,95711.578125,97200.5625,98631.40140079764,96232.79726806401,95080.51555979539,97379.2428602661,96009.76007359572,98098.76150821257,99352.93773697842,99137.71252198498,96885.15302125111,98771.09631926277,103054.14850527268,98327.40570012563,93014.20440806089,93463.00272824572,96811.7661423184,98466.04165502937,97956.5298382838,98211.66205855075,96634.41225392376,93418.41945724883,103338.70098574141,98132.34617682786,100450.81065315708,98277.55294247609,95395.58830178744,103040.25378066378,101246.1640625,95525.2578125,96538.89217080253,94472.27802142946,97610.757189216
868,129000.0,136835.484375,141230.3125,140728.9375,140713.78125,137753.859375,138583.59375,138832.03125,137657.796875,136595.703125,139011.421875,137850.953125,137677.296875,139160.68735828044,133273.66993804986,136821.1796837213,139462.22042822526,136587.88959422102,138473.26654804964,140418.36288871075,140321.6973835425,140988.43252967272,139481.35923975054,139959.19973332985,140640.21565362142,137488.7489239597,138323.23806108453,136968.63727137126,141176.763823651,140798.2414061288,139512.87265040408,140247.00980434066,137948.77548328773,138006.84869601644,138099.39184680727,135655.76517625153,138262.24954510867,141125.0789505846,140579.63159079943,120041.34375,129313.578125,130413.58665675773,136935.84443645098,140014.70694226882
1200,148000.0,146651.140625,145343.734375,144490.46875,146683.3125,142226.1875,143007.296875,143330.203125,146677.140625,141745.984375,142459.25,144168.453125,146070.0625,142838.43050651846,144738.27983998647,142036.0314357234,145139.3236702495,142100.15976891667,147392.04405108513,146292.40470050607,141263.6892942436,141885.7576513318,146016.07083945675,141902.83167224933,142406.8836229111,145843.32301513845,144404.83633283142,146027.43443537035,144576.94710963967,144170.2547648632,142143.74320984795,142146.1599940307,145305.3311740915,144432.02652816963,138583.55529468792,143157.85724068235,142269.5605151002,146270.1465736488,150345.90431539362,143662.6875,145453.984375,130433.32755898242,138823.9434504254,143079.96402899938
758,158900.0,164035.453125,159058.046875,162271.640625,161038.765625,162914.359375,162327.96875,169457.015625,170630.78125,167596.796875,168527.9375,166740.453125,170230.34375,166118.2878736688,170717.9541420977,167960.6598083589,160474.92435796378,165180.64456097587,162984.4879277158,163070.51472330923,162956.06236756165,162547.44111008174,165110.97996656678,173489.95846230723,167146.57002116131,162105.88544990416,162543.8291258115,160479.04028431745,167926.07928017064,164632.69225183773,165525.74542097934,162324.13722237397,156616.16091043147,167419.3985311642,170672.16582578252,169597.90231728327,165540.74386907998,172755.8195270819,166305.41249613484,175933.390625,148790.484375,157259.83649520503,151752.55875198962,164346.98179869066
534,39300.0,60071.03515625,59452.2578125,60159.49609375,63178.0546875,60852.3984375,60624.2890625,55787.8828125,46459.15234375,54497.13671875,49761.69921875,54833.91015625,46294.7578125,56862.67199581108,56769.74506795954,55822.0323391553,54402.6667044086,57265.48232666332,56615.202782263834,56670.565110342206,58063.96980476587,58093.906345506715,56024.85775749292,53831.44995333742,57999.25303118858,54571.37665318997,58117.10425893567,54299.64498462238,57371.90302643467,55794.65382323964,54844.44004983976,59463.09767372132,57700.81605162476,57503.35614323275,57695.2321835306,55555.59130410312,55266.44245496723,58877.57497730395,74243.51142857142,11224.578125,39555.31640625,64081.53227942898,58463.48619745622,57606.33258841881
604,151000.0,154710.140625,156903.140625,155207.28125,155739.71875,151371.484375,154930.875,156853.03125,155240.46875,155970.65625,152905.203125,158089.59375,158615.3125,152544.5708482805,154067.60758470502,150860.3526523561,155718.97289989042,154799.35102422244,153595.73825295313,156702.61182881577,154467.94509669562,154953.03007037347,155609.92237718188,154465.69784410633,158831.50731536138,157048.31414309354,155562.0030310948,154882.85202972672,158819.80845879426,154391.75461997002,154251.70626990628,153982.42633532832,156439.0130012236,153899.27667153734,153807.9979497904,155185.04543580723,153487.46630238215,157021.42501144984,155187.90285714285,146086.109375,151228.203125,156007.971462682,159827.26167534417,158748.23504644254
466,178740.0,164965.59375,171057.328125,170474.796875,171894.28125,167855.984375,175252.359375,161274.828125,179514.25,172186.859375,174559.015625,176124.65625,178806.171875,172284.04072720453,168151.1021660287,168134.78665096997,165437.89765536878,172774.89959615067,168075.63768515302,170985.1652615127,173240.09935435568,164674.50877214095,165747.52616334666,166405.62543949208,173565.65699719303,170248.25584955205,166949.10079037328,163535.82762458833,174016.32459540298,166868.84039991273,174744.96059250072,167882.5878630988,164835.08015878056,161799.18097934846,176648.5587918392,171185.94928188695,178763.47393022533,179929.58345131573,186891.9766427541,172980.21875,171189.359375,178230.14533511858,168381.30927541357,173136.8783590645
1392,124000.0,131894.390625,137695.53125,133279.34375,132272.03125,132886.015625,128153.28125,129621.390625,129911.09375,125485.671875,131750.609375,129940.6484375,125749.15625,130934.96189358874,131429.14656999215,122014.51894651387,127986.88634393593,131317.57094969627,130552.28865748354,132062.85217771062,132824.03874373087,129423.75660942694,125322.84260748334,131712.69203922478,130570.0618735914,133091.40783580806,130441.69385626745,128579.40920266056,121327.46081566544,121112.70452868966,130078.71303387675,124608.27635964255,130441.78871512167,124599.1786736063,123413.67742425809,124627.79600103463,120960.60023947479,124193.85454661003,145107.14018677393,135457.546875,133038.5625,136528.64412452315,132837.77467876225,123901.3827784559
1245,230000.0,198338.9375,187275.390625,194980.5625,192105.625,193135.0625,195678.171875,203734.3125,199011.0,196026.4375,189266.0625,200982.625,195999.71875,199595.34629583533,206088.46662138042,188781.33282548602,194027.8202472738,198416.54154078264,197699.26678156957,205731.89518601628,198506.1668118639,203783.0138007969,198158.39425385452,189917.62456549567,207014.31473901885,211229.78575082283,201522.90973101815,193278.96064982752,207612.60418557972,194649.67128582296,198092.8232850597,204622.066967997,198213.87557693382,202968.86757422652,186468.85819532824,197058.0363081003,196057.35269526436,190366.2651811682,180789.4700424686,196613.6875,198502.25,191104.6906358423,214322.7729310474,208223.09954056938
1081,145000.0,166212.6875,171671.15625,174387.734375,169092.015625,163359.796875,174509.515625,169823.765625,170451.03125,161600.640625,158156.015625,163552.34375,165721.796875,169721.03628547993,166128.3065914515,171065.1562536584,166337.13949953832,165934.61582486928,170381.99615509575,168898.33763959236,169565.68096553074,167892.45767368033,164850.33250996997,165177.47738643523,168215.4593763739,165980.7153046959,166955.96050275426,169015.13758815016,168809.4039805305,167169.5102102179,165740.76779222715,170679.4035198749,167215.87435205208,169711.13262160993,172376.69805713987,164148.75435705538,167486.89978363825,171139.03230958647,168268.44756014223,177338.34375,169010.265625,171280.08987115818,163362.44829966754,167674.80789565254
905,125500.0,117698.6015625,120395.8125,117793.265625,120295.6171875,119398.734375,119270.4765625,118227.0078125,124558.859375,120088.734375,124799.1875,121403.3984375,122273.8359375,118036.89804710557,118287.2769272979,119815.96621240354,117673.01386256395,118806.91377937418,118718.99630752839,119480.79723880652,119453.65714634523,117958.90641559083,118499.30992960722,120537.20538123562,116912.1920778176,118765.48531575398,118544.99450150806,119840.5296762526,117472.90101396259,118749.90241508381,116555.58863740638,117207.86086903786,116883.30533928306,121405.3535878836,118923.96602146106,119596.96056303322,120665.78028536821,121363.99016926975,120996.62688943536,118113.53125,118890.6015625,119094.33970809552,125867.01759899789,119355.94309393544
61,158000.0,166966.0625,170279.15625,163677.609375,164293.3125,166898.234375,163500.21875,165535.0,162907.71875,161388.703125,162418.921875,158077.359375,158541.875,163704.2799982541,164295.7704610344,165952.7700371004,165164.15795718422,165211.67300553853,165866.97401568314,164169.39937029433,168897.8229034085,163361.09150737073,168437.20961514197,167718.37871105576,162080.25693818845,169072.7753882905,169757.46721135764,165560.40145511102,169585.46301202255,168319.10638755924,167220.5185534349,166756.68033489885,165859.48241329865,163599.32384698093,166744.39276501295,163938.16240104966,164582.12557747104,167360.27346422616,154769.40850340136,175185.8125,172200.625,163234.22558760818,162471.64067539547,167811.83621319133
93,163500.0,138189.125,137263.390625,137843.875,135847.671875,138618.5,136344.125,140326.890625,147414.53125,146590.90625,139619.796875,141114.203125,143385.421875,139738.90835589886,134904.2674331691,136879.25993746205,138620.71707541702,135566.49080688134,138731.26120023904,138675.81255309714,140262.348593996,138920.10520798923,139857.75758474012,138862.4300000711,135362.96374782163,140041.10519976125,139658.71833311522,142724.13016558287,137461.23979819255,135846.54144311955,134388.36724245126,136553.15110499237,141684.9482285906,136615.36478443403,138216.495826995,139166.65255614734,135950.45435063695,139164.94143231754,131767.99868031897,143941.59375,143789.40625,141368.65534617208,137006.51648696588,137362.11929290008
667,129000.0,189617.25,207452.484375,206734.96875,200108.921875,191017.890625,221245.671875,201932.265625,231947.90625,211959.234375,203579.90625,205300.984375,215952.421875,209856.1248359757,203172.96991445904,196833.91470168997,205905.3487735574,211023.16241405194,206428.11668419608,203302.4820571006,210074.7132840541,209523.19291399495,211450.75675658399,208321.71009334576,202716.75685746333,204440.42584562945,200360.96008109243,198380.19682310315,214962.07185703664,206814.3307640452,200944.38242435365,209919.79831134417,197417.14520099494,211219.3003871283,204425.89053248646,203358.2117024131,207716.73807454391,203998.554084588,207156.79047619048,186691.9375,176469.96875,183567.50586020658,207530.9039846701,212638.38235273608
728,194500.0,186436.59375,185132.734375,188096.421875,186280.734375,189826.046875,189170.578125,187528.640625,191836.828125,191781.859375,191588.71875,190105.671875,193379.234375,191434.66089096048,186594.06555818723,188947.9281798435,184860.88630168283,190260.0945428204,185503.66034696455,188606.19785503548,193557.80839670406,186046.67162345594,189415.30492763335,190264.72923676198,190656.16648486603,188758.58193828876,185640.2162136175,185112.94562791407,197269.02825122527,187752.90932514713,190017.0940269142,188082.93250437017,187856.2520201791,190152.0189849341,189591.86949767888,189244.4060042345,194077.22097194532,192855.27975110902,197074.38651937744,202733.140625,196488.078125,192137.67084527816,190372.419978352,195638.28754638723
195,127000.0,119804.453125,116352.1015625,119056.484375,117880.6953125,122295.75,119524.515625,119341.4765625,124009.203125,121773.2421875,121379.15625,122785.3359375,125486.9140625,122868.48843043354,121006.94432358604,123067.82521678261,122777.54873740824,122916.31307754808,120990.53505033319,123440.95104879414,124031.45632219812,121479.13970676555,122056.3402876866,121143.59594520318,126806.92826049057,121218.46244616016,119725.54246403516,120438.50044464567,121997.3054758801,122164.68569050953,123523.73760187614,121930.12697616167,120664.27152172584,122178.58972357934,121302.02832696968,123222.86622377997,124173.5584498121,120562.51817431656,121243.2984604989,125471.59375,123201.9296875,125655.5539690447,123603.23940886199,122478.03716278721
281,228500.0,204017.40625,207871.546875,205910.328125,202267.234375,208882.0625,205995.953125,205844.359375,209113.6875,211196.90625,212387.890625,213395.875,214029.875,211580.03343658536,209707.09516886246,212385.4000173823,204753.08461455602,206413.03240358533,210309.63220260263,212503.02054322598,207659.36207450402,209634.75752715737,209292.68681133294,208966.50243230266,211265.53787905295,209106.69678883732,208166.7418902128,214261.92569899204,213063.38565018144,208038.08700075012,209213.64104559674,211902.76692895347,209055.42763930027,214472.01536041943,207695.32222464334,217157.514198229,211300.18202620352,212762.26642345733,222487.07707482993,238124.390625,230898.78125,214349.55159006853,205586.8771641673,211475.82645762598
360,280000.0,275739.625,274951.59375,267911.5625,275093.21875,270912.75,272587.71875,284338.5,279185.5,274484.21875,273029.75,278623.96875,273822.375,275506.4489552498,272037.2626948822,271423.7908028736,266812.2188571344,268601.8134541106,279081.72236912453,273196.24223903206,277620.284247956,273341.6123844089,264708.59536895755,269385.6398906653,271844.72081223945,267553.1171642139,274619.52233641065,266795.3378613991,284654.72882050346,284598.14617564174,276231.97163613647,275639.5589843298,271535.27985872625,273732.9454045196,280226.9063917773,277181.60375723545,272828.5814174954,269163.86179973825,262113.21998746868,288866.375,297423.8125,268762.0148532445,282122.568970607,283371.5415371251
520,234000.0,257829.140625,250540.84375,245971.109375,252485.40625,260739.28125,252012.453125,248700.90625,257940.734375,254191.21875,255565.546875,256134.453125,258003.015625,265024.355046117,266025.1561546476,264239.4081038203,257872.387672287,268349.8278111903,265542.1389523859,261772.27640422244,268700.20706660865,260888.716678885,265935.6749709123,270709.3311313271,271789.1401215121,251431.02690726687,245424.1677075634,255621.12982526567,268448.15052033775,265124.2280633957,269112.1903122606,256915.53936063763,249291.63537389413,264935.10469158896,261022.09648634124,269956.57478904235,268002.17435996723,270426.2549645681,227385.2009447862,229528.90625,237780.28125,235894.55763593345,234642.58640170965,261008.31478417656
1456,175000.0,171473.171875,173288.90625,173534.171875,174334.03125,172942.046875,174871.203125,170360.53125,171576.6875,175301.90625,173533.5,172464.90625,172058.265625,170375.49165161088,171982.93323606672,173864.95290862833,172383.00332498967,169675.75602985776,170907.3900064453,173194.75160857986,171744.6800018619,172650.97782904093,171356.85492515625,171689.43745380905,168931.33121159457,172045.23601430614,172377.90472870006,173131.52200145606,171297.96704741762,172438.47811511334,174200.05293271507,172716.90758224836,174784.62687897153,175430.56177853615,172723.55623803093,171976.3394359999,170712.60676418757,172488.70443471745,175934.66437115628,177561.703125,179655.09375,175735.83355979482,175947.9893649057,172292.29588240132
924,193000.0,185766.421875,188664.671875,186937.78125,190325.640625,186061.640625,189415.375,188891.515625,185781.15625,190453.09375,189510.296875,187804.578125,191245.796875,183165.9765218874,181988.57869569323,179727.2492495219,182299.99972015436,176436.87385476788,180428.51449960392,183220.08915482752,186604.18469160824,183144.95517036866,181451.05423834978,179802.245719127,181427.44616991037,182669.1130282624,182374.74571302294,184428.33166386624,185392.0796844783,176290.2657318246,180723.82643262387,183249.13141434375,190423.2878276073,179702.3434493852,178126.97184220955,179165.78513639985,174863.55222920352,183482.43127042794,197431.1727541611,175160.3125,175105.171875,196151.1963344749,185639.88410186657,185146.2170068954
183,120000.0,120375.375,119124.6328125,121957.640625,119464.2265625,118839.25,117843.828125,124506.765625,124113.140625,121672.984375,124176.46875,121830.7265625,117423.71875,117778.16472485455,120262.26444983087,113576.52897974978,118590.83622344845,118184.0540574634,118610.81453570281,119705.19107311167,113954.89613390034,120534.03659980709,115415.22766660203,113981.2511358904,116918.07455283254,121086.05945370023,121285.35471201656,118702.7653809977,116212.48670712224,114891.74087259288,119174.47068472453,117387.16744742628,117242.70286842606,123866.16714834391,116979.26232025368,113708.2011033369,118030.69718874166,116093.64672763017,130999.63149425287,135847.921875,135726.328125,127607.26421725823,128767.73905859166,119037.49602115246
988,395192.0,420482.53125,401780.875,408595.59375,408998.3125,408094.0,407326.0625,414867.40625,421599.65625,429907.03125,441138.4375,429042.625,430687.0,403923.51507117855,407211.28094311536,415110.8091631037,395477.4442077675,403466.19196240284,399011.8889829715,400692.43876955454,411675.9164898745,411846.3452036878,413164.35911631695,399124.3923461269,387076.5284763146,425214.67720227793,407930.0520972441,429195.1051574537,415516.5916595447,419395.08420177223,406426.71593495813,419539.49758001015,404459.6306205708,415734.4639378333,430533.02011054836,422961.3796561234,404760.040068649,406605.8977489017,376811.5685714286,365388.9375,368978.28125,400088.8813585633,379583.3062507503,407452.6482906282
111,136900.0,135521.71875,144129.75,151995.96875,139111.140625,139347.765625,150885.625,143629.59375,139549.0625,142527.109375,136235.5,138521.359375,132191.03125,140291.95881362737,140103.08110209025,145771.1231918837,148478.26324236597,146269.31630584583,143272.15418661284,141168.34410361605,141359.18920257784,142390.65943247062,145392.12662807398,145914.45508518102,139500.88959793278,135870.41496965534,133342.0003171616,138309.63324370698,145064.32138804928,140970.8742524963,136764.09367764878,149610.85822859974,137681.72647336312,140268.86772265082,143389.47088727925,144360.16623215438,141828.13484565433,143875.55297481807,151645.1016448773,144485.75,139599.15625,135722.2334083689,140436.4548900581,143830.88508840316
43,144000.0,147483.0,145454.109375,145685.953125,149446.21875,146797.375,143235.234375,150559.765625,148123.703125,152826.625,151427.484375,146270.96875,149159.53125,146923.6577209747,141239.35869071283,147019.31444377682,146616.15668294203,146006.6123258329,146670.03303470393,146186.41297185468,143883.00192007617,146036.77920474298,148691.63706775557,141817.59204454784,149238.4630640865,145309.88971413235,150188.5056909941,144859.32448025138,143004.11218158386,147188.83582409457,142633.84693975648,145608.59353006716,148136.17842176298,146847.42681527193,147212.44853226063,148055.3755740191,143712.64236254172,142882.31805547242,139472.92990702763,137227.0,142854.484375,150226.67866792224,142252.5942331594,142992.96018446828
1237,175500.0,172837.5,173944.421875,173973.28125,174744.671875,168900.375,171328.171875,175833.28125,167538.078125,170797.828125,171638.328125,170215.734375,169300.40625,170046.97523473235,165732.1902096518,167888.40793836242,170588.06781639028,173063.36562951078,168058.7308413047,171263.36462719686,172957.89644437653,172482.38551584282,168794.83641461594,168126.2032803352,170774.39575082334,172733.619602489,172928.01255084598,172322.42463396568,173423.69859033226,169398.09019339248,170117.084175283,171628.46022017315,171656.45861855283,166035.9251462944,170427.8494574593,172816.57745657547,170128.61781092454,172351.019921474,174793.96604468147,187647.734375,174917.234375,175037.07883116545,167733.64492590947,172139.4399229103
205,110000.0,114534.890625,116481.78125,118169.0703125,112652.65625,117015.4375,120746.40625,114975.6015625,115627.28125,115236.75,114061.8828125,110382.5390625,118451.1171875,124202.0335062789,120428.49783294565,121354.31533365553,118742.57093040762,124073.54694974954,119850.42524523454,118082.73670733602,120376.41363641653,121189.70539337886,124068.31175708405,120207.69588070024,120657.0517947295,119533.87536331225,118716.06950606946,119082.62635699824,126080.03458637367,122388.54555050038,121124.73351650134,124255.14019645251,118514.88470408003,124775.90321606299,125099.61982257909,119399.18589384084,123979.70986751803,122948.04471929357,120931.68827500075,115179.4375,119744.7109375,107004.35247695365,117858.91148434737,124010.95672865554
984,255900.0,258075.15625,259331.9375,254848.421875,260044.203125,268839.34375,256142.984375,254667.65625,258893.859375,260899.375,250570.171875,246874.75,258034.1875,258935.43022633027,250439.7028035937,260873.73651066975,258065.90793113908,253670.80835902446,257752.45134952426,250804.60631441014,253245.14191877755,257569.57911089296,253190.32136877353,254314.86407941618,257729.25421594438,258191.6855039414,253268.3347927327,259811.55210451345,262357.4193870278,254940.37668591022,257358.83857769222,257453.35948661293,254436.11735024038,260579.7339701254,260589.59293102555,249629.462870286,256717.00742427426,254618.97026004363,263931.2933049887,255055.71875,251922.09375,255566.1520694032,246655.8258929564,258791.67210951014
53,110000.0,114349.78125,106881.3515625,108942.859375,113514.7734375,109076.453125,114837.859375,114187.734375,110903.96875,109344.3125,107295.59375,116997.125,104613.265625,112381.43850125141,119688.92880986418,111116.57256751256,110397.34920563457,114260.14675581519,109957.17276242952,112780.60146887664,111310.75538204655,113469.11239199419,103290.4988707283,117651.40739336445,111350.09490633485,109299.70162318334,111923.61236496468,116744.76673919124,107132.47061219747,106440.18076943721,115249.75427916212,107848.20817957175,111929.17891866517,106159.39387024587,102304.38675829941,109292.6768124457,109345.80202318072,107356.40249013327,114886.08396825397,111937.6171875,99157.6640625,111617.85588708548,90718.07210141615,103940.06514590471
546,229000.0,239524.34375,253169.203125,246470.078125,245721.171875,247969.5625,253819.515625,250088.0,240574.140625,235119.78125,248564.390625,242617.28125,247353.3125,238368.45852115072,224347.51230527528,245591.8155210613,240922.4279876583,239286.05359763233,237582.40902804717,240402.4400244277,242270.33237682583,244341.10279661094,241370.11635221753,237444.85272309883,240222.4154644655,239235.14381249092,240073.80323943662,240807.33500189535,242958.7829351836,238846.71609869078,242987.8769113693,240010.6087186399,242368.68085420306,236618.80522514757,246659.61983750487,246172.61224455244,239471.00306858253,245363.4730346138,262038.72714285715,237549.53125,228258.5625,227989.39829852193,236022.23360299802,241154.9900835094
946,124900.0,134983.0625,135068.171875,135467.703125,134894.78125,131097.6875,137379.5625,138365.828125,132809.3125,135970.671875,137480.125,140395.875,136650.8125,134970.93376730633,133045.28094937516,136865.2775821062,133928.87630721997,135852.0849459334,132342.29821441576,127787.28846669792,135002.56088351522,133028.00687056573,136679.9535792863,140785.228604645,132854.86257018233,134288.65977293093,133555.3615093002,132967.48238638215,133279.29886242034,129449.24883046917,132304.32890106403,128879.95093603233,139140.31366115558,135130.66430988567,128559.28639734283,127506.42980476646,129209.36602304762,128479.87494361275,140139.8275249005,135606.359375,137468.15625,144797.2855357229,133683.08698655033,133360.88541551464
853,164000.0,168712.828125,166901.265625,163741.609375,166195.875,168422.171875,164860.390625,177491.9375,171220.5,166375.90625,173364.1875,159724.9375,160787.265625,169482.57033794877,165061.83570656914,165433.04399356202,168058.5148068667,169458.6776806796,171930.39289805095,165328.2976735275,167300.39119288736,169098.09910673928,167823.47740986221,168202.46600436207,175315.42894128998,171584.2845518107,167886.47867314672,167899.92036426053,166467.5321374532,164133.80395878077,170824.80262237912,160019.81198164087,172681.7495580247,163112.26702979323,164638.98833845006,164920.5007307006,167840.11362159663,169930.12782875847,169114.74577420737,178005.734375,170754.984375,169053.97186156988,155469.86071879085,164317.30159575798
1414,257000.0,238464.734375,251048.609375,256955.765625,250647.671875,246369.5,257349.375,244762.953125,252439.625,252126.328125,254358.859375,247753.03125,237294.90625,247962.5116741039,228194.58398478985,240559.78295583275,241395.88448359224,241298.94276055507,244316.28966271417,245693.72527644454,244680.86605763595,247703.53605263462,244468.94157837608,242872.04681549457,228979.24128656715,241000.13366959326,234106.12986975067,248392.9943335422,242289.0621385749,247896.59968311188,238288.30389498433,256125.8833990268,245791.04166400284,258723.52743205105,263208.94811527024,245888.7857124973,244805.03063093836,249745.64177845602,270548.5251966277,246271.625,231602.078125,273226.87374797394,254685.05208549593,245413.8354805726
1376,239000.0,248442.984375,254424.1875,253794.09375,245832.03125,247605.65625,254474.40625,244755.015625,263143.5625,258684.09375,254990.859375,256316.140625,268744.15625,258232.4963623911,254160.66290044162,257441.6447174714,257858.2715191279,256443.17834678423,258737.942639254,257477.8788746934,260853.363492521,255719.75354321764,254884.3423840267,256559.28186814542,256219.20658461435,256987.42054808687,248504.2830125579,249371.13695821707,259006.69740812373,260685.34086693844,257958.416393357,254284.42933014294,249949.78325207406,254996.37950364014,259606.954352642,254874.45896385337,256710.456299595,249632.35352911896,252376.5686996337,252556.890625,253347.203125,250642.69258053973,250875.7346344674,257112.81951715736
184,200000.0,196340.65625,203556.421875,212932.03125,198551.46875,194228.921875,202368.921875,199003.03125,198429.5625,220305.625,227677.421875,218682.59375,208531.984375,198896.77850752947,196842.6862278959,205185.77864424587,204898.72962043554,203455.31360398655,204463.576182307,197185.70975647098,203662.03181951516,196904.37705576463,204435.43676615853,214098.02774393265,190166.2876703289,201044.4142138979,197259.42213631826,196033.43791486145,202972.1592326826,204903.05710253626,205383.9679666428,195565.89915042205,180851.1933029947,195028.58453441545,213402.72270254514,211366.24595544592,213598.01229352443,202217.1702070297,188162.51181632653,192343.875,181603.1875,194107.7581375056,204868.3516629484,203690.2782955812
138,171000.0,211640.59375,207318.1875,200095.375,202070.765625,219061.3125,207428.34375,216010.265625,202706.46875,206291.578125,196559.046875,207032.265625,182005.375,195609.57603421042,199164.83960463223,193534.787160272,199657.2529788146,193653.27138477282,199928.5622938249,187228.49009132362,194060.60122609985,199040.22322868466,187965.71398486535,192018.41043009193,190472.88484997864,202130.06163530008,217764.00690497516,219191.69497482385,201471.27217084388,197189.71272114108,197265.94216998547,201479.66932088032,220875.26410135475,199162.60298106336,191640.3545359308,210090.36293754118,193233.94585177084,204379.19067680676,199579.1643650794,176349.90625,165148.828125,202651.40557941725,161368.95540023252,192921.29677809947
927,285000.0,304577.21875,296558.25,289697.84375,301862.1875,306928.59375,294029.34375,297040.0,283591.8125,293990.0625,293420.90625,294077.96875,283087.5625,299059.5927712144,295733.14742877334,292801.8456516686,299579.9096523104,306840.6054242024,299173.9974039919,298170.4235008126,291342.1127144303,297978.6142338933,295826.12900923373,296151.46079029044,296065.33013534243,291151.1701612955,296826.1775191529,292044.56241548667,289611.7591522715,291663.2313947417,301711.43240937527,298284.4619489756,296922.3462163408,281874.0586286925,303303.2602654724,299795.4258459031,293928.4435197745,296794.1113508408,297105.09714285715,293502.5625,285387.96875,297966.49615612254,274173.6494170163,286771.2952388851
81,193500.0,212986.265625,213584.078125,215465.453125,222631.390625,215052.828125,217390.5625,217034.046875,217497.109375,219589.890625,223816.703125,222768.4375,218266.484375,222405.37133143315,216062.89933289445,216553.42476205755,219427.9803130819,223716.81347712255,223176.59519625682,218473.27941877407,219840.78629924584,213357.4348319641,218787.73231349798,224578.54649233763,224147.68253256532,216183.51808156812,208207.2620259686,211734.85616065186,212816.36888265252,216701.45295883442,219608.87067589918,219559.27274669707,207039.56484217377,217494.86202652677,224918.77860625894,214259.78674792295,218591.46172765832,216721.85645577678,201780.28483148388,204505.53125,202866.6875,202699.31771501777,204070.36570288427,211124.2566813337
1365,144152.0,145550.96875,150598.109375,142193.234375,143051.359375,143123.265625,145389.90625,145365.921875,148173.796875,148039.609375,145044.828125,147025.921875,147665.953125,140401.77051996507,140445.2715278666,143010.8147581683,142667.5206324807,143561.64001225677,142485.0162097097,142626.95055674473,140962.43223142234,141834.9616213882,147305.61978111425,139394.68415130043,140453.18229615455,144923.70807048486,145422.39866429637,145815.9622759285,140511.88535887696,143712.25021781574,141989.51929358277,140185.99689975785,145588.05157996377,144471.04874513572,142132.86219163702,144043.53259290548,143438.42028072468,138927.56524071508,151780.80615384615,130103.265625,138831.359375,153290.79918960403,143175.61278489174,141382.84421990646
106,250000.0,261023.15625,261278.9375,261988.796875,254853.046875,256283.484375,267336.03125,253809.828125,265312.4375,265487.625,259207.328125,245525.4375,263599.59375,266648.3441086372,258724.6361905916,265460.35560548573,263481.85785775894,262069.92726705747,261796.47120720864,260070.0579692705,270229.2803174828,266844.94130905886,268501.93048874364,266141.2609958409,264540.5737438448,268625.9600579676,255512.7330057235,264715.9014668527,269775.36663566326,269897.0281429727,266023.6320002781,271725.781623552,258986.32979574945,269164.83914149454,268485.84716132464,273850.1368964627,266975.1089150798,265283.66608490347,267983.8680952381,287791.625,276004.84375,265918.06611820695,258807.2516858672,267348.33987888595
542,248000.0,255319.875,254368.375,253927.25,251268.734375,242375.53125,245489.984375,241749.46875,254884.1875,251513.125,255817.421875,256862.515625,256897.484375,246452.243550934,248736.75452934921,250910.12320799267,247126.07946798348,248173.8962878989,256873.29835296975,251590.1528079649,251410.56442192954,255168.35447093542,249578.95111429796,246204.38945440666,248735.94250737675,246635.99610326948,255774.46762129726,253923.0670424684,250313.93244788717,252381.97403726095,244459.34731335705,248773.5473205305,256757.7893235792,255218.7448409284,244843.4931662505,251309.69670812564,252923.46614632758,242790.70665512647,265641.10142857145,267775.75,255221.53125,256283.33250143967,237296.65705371613,247857.0066580362
707,302000.0,305427.75,306938.53125,305923.3125,307227.59375,310245.53125,303853.65625,296162.0,296023.40625,307548.25,304166.21875,304876.6875,295284.625,318998.1894596382,302160.9123405245,321013.69253625366,309356.5809165784,296893.9125600997,306043.0099032259,322927.44903882005,311073.9183674518,311703.88357939705,309559.585576419,320539.68891607487,297332.81540697045,300037.193686972,294235.80332092545,286953.19853684795,320771.1448227574,305425.0713175959,309707.86653125955,303683.2001280848,281241.44940290006,310529.74449507194,325900.0473856221,294774.3262993887,321009.2480578209,305460.4354214624,244503.31204700063,294442.875,298088.28125,281725.5202931538,311742.7887128832,318331.35829111096
481,326000.0,345692.0,353196.65625,354476.9375,344889.5,349373.53125,351163.34375,359774.59375,329831.40625,350445.9375,360313.21875,352228.25,352285.5,346571.6526952279,347980.5761640505,342515.90130197414,342449.0374779252,339144.9095782005,348831.45116544265,352788.6993902883,358947.08588460943,349523.5834591326,342350.64494350756,330794.3256242315,358111.46944107563,346110.162185389,355138.3307768615,357272.7333874253,343100.7783624023,345607.0858090725,332859.4302360166,346232.2080754712,353644.7146288577,338515.69956770947,348017.35069956235,351857.4825764353,351030.3598196744,352871.401513014,346483.28857142857,339943.53125,350593.125,361533.6770789551,346945.0431209147,344520.44800357637
166,127500.0,121524.4609375,123566.3515625,124352.1484375,122176.140625,124495.84375,126442.7578125,121091.203125,121928.4921875,125590.875,125711.75,122873.3125,126461.6171875,127050.84940288891,127427.41820689208,122031.65449759612,123447.53665720887,128238.94261945314,125871.92097094885,122122.17316224915,123353.12073195886,122463.2572353639,121119.67248560228,122567.12015643225,121673.02498010486,128165.97303983735,122554.86951848725,123877.32179001215,121532.98992045541,117738.56218598079,122068.6350066424,123585.39985777542,127547.44209949914,129379.43742499208,128886.04843845124,124166.27586048371,129450.9881082687,125879.0422494943,124894.22588611569,96945.484375,109963.4140625,125074.52634263129,126938.93066754444,123041.83658278346
249,180000.0,193822.015625,196311.828125,197040.703125,194406.453125,192355.3125,193589.984375,194756.984375,192020.921875,194042.3125,192169.953125,195056.140625,195730.78125,192669.81393805105,189194.55871752027,192256.1502430482,191614.20828264923,191457.83101618115,193353.70785250617,193344.82954823782,191521.60307072895,191677.8690887231,193745.59192752297,192788.26468621858,193654.4923841219,192125.0181750721,193854.45601045617,195166.86264262462,190105.97098620137,192143.12041965782,192181.8001380176,191730.48546101665,192433.94568009872,191050.70313295137,192979.06135105944,191785.12873507623,189203.47460078797,191100.90741254584,196738.76354117048,190400.46875,190341.609375,190407.60949558977,197912.04423932073,191668.34016026816
308,89500.0,111731.3203125,107430.9453125,107773.6875,107219.9921875,110314.34375,106781.1015625,108516.1640625,118459.9296875,116197.6015625,114387.9375,116166.4296875,117654.1484375,108533.45684923668,112944.7260833263,111428.2926000836,112293.11786703792,108701.12451064415,111532.69005825609,108246.56405930445,110030.76686941626,109980.50779094224,108242.9536316655,112158.77728596287,111356.2302884219,110210.0870795598,107782.0672236578,104963.00254046771,109323.26441255929,107883.7401512182,107923.00939569084,107702.30836723796,105971.43592093012,102892.32470267965,107599.9334187109,109080.30605652147,106182.32916610152,103206.14056214325,107913.63393657067,125545.203125,114481.59375,104486.28829700123,95715.59288492205,106326.0058909332
447,190000.0,203974.609375,216180.28125,216674.40625,214573.03125,212687.28125,208964.546875,204601.546875,214496.265625,198008.96875,205485.765625,208922.53125,200932.265625,215277.35577864197,202883.59434067993,215657.11410873345,214862.46526340788,221315.97309612145,205665.51861548016,221715.97083741956,211979.3441321888,212468.17548457152,210272.26600734773,212612.12480431673,213505.0182819215,211102.28464162466,199629.49202997924,206469.68285212672,218053.06531539216,222251.17588144075,218743.52188144525,214137.5447180884,208006.48060646138,204926.29359222372,213423.3997965424,215118.98157683248,211404.5685380477,221846.33024051183,217021.81975623587,196066.28125,188182.1875,207143.96015677898,218267.33026263895,217636.34333016363
713,189000.0,197225.140625,201932.453125,196590.984375,197272.921875,197241.3125,200993.3125,205800.78125,221062.125,221146.578125,221440.03125,218866.25,217137.484375,203074.47143103823,209909.09045699568,208432.92887356476,203980.95210526357,206933.73819201507,205806.483949941,208251.77489468866,210579.56461150898,202189.9220855388,213093.03317500616,210922.53073607825,202641.1308052841,200824.3136460964,199599.5922455243,206835.05296406397,209222.46783437202,203556.7425055021,199040.91784733147,205283.9565169729,205556.3034248343,211896.7116861993,207613.06650821783,213674.44684243633,219325.67219528026,212944.35099088028,226719.4333621141,220200.40625,208334.359375,217718.90900896757,204598.05526180303,208851.3006726478
335,192000.0,196140.21875,194217.4375,190838.1875,195570.90625,199675.421875,194372.34375,200258.984375,197248.109375,199616.84375,202980.671875,203666.890625,202218.046875,197797.1352093368,193445.29087187172,197947.96132660581,199039.35645721995,194854.66403582954,197307.96602821196,200334.58819617264,198673.281225518,197185.48900318073,197047.61723228364,197151.85085193886,198861.85922392586,194703.54815754748,195664.65493162014,195143.81360346664,193295.35324420602,201573.61907239724,195783.1147841053,196850.43041833106,202349.46535143434,202557.91417746674,197375.66992307478,196477.3623038141,193859.5449355108,197820.09076408643,188196.55908477594,214069.875,209362.09375,196539.57233611663,196122.8131206027,193948.81656302168
98,94750.0,127279.2421875,127141.546875,124994.078125,125968.65625,126437.8125,124561.9921875,126141.7734375,132570.578125,129502.2890625,130273.6875,133263.59375,129575.1328125,129694.61013714234,135122.49560246128,127194.8340614398,127516.53081994971,132303.12156624236,132714.09579307705,128886.12240665883,133657.3535539662,124977.59348597557,126759.72598081951,127777.35178233228,133503.10198517967,129585.08798740167,130897.9259142115,125847.66747364115,130607.6871930352,129835.64443207406,133520.36367548013,129070.00768539519,125728.87780766912,130547.72950151254,129720.87514041783,129871.13397483208,133367.64162045368,130607.56053091647,127351.68493269905,107504.375,115475.8203125,128339.20022823394,120368.51794637201,128598.68976441698
725,320000.0,306993.59375,305051.625,305769.90625,300349.4375,321757.5625,301096.25,304500.84375,303242.53125,310102.90625,322097.875,309460.09375,301449.9375,281477.90427549777,278505.1205193258,285597.2535306044,291175.55002132524,288760.710254651,287565.2769397878,282565.70916534023,272094.92636647384,284174.9492679643,278040.3946586736,290550.1350414008,294709.0192812389,297206.2387195816,301636.4384055966,288578.5807439307,282185.83278108976,281071.1681301176,286351.0897582598,275596.2538585946,292418.3809838201,291541.2560883407,298061.7200039531,286931.0858101319,283061.7325241565,278480.9450334534,327609.02142857143,322062.5,306263.40625,312281.7207571346,339136.6651328126,294342.8813723395
906,128000.0,125804.421875,123421.9609375,124248.3046875,124563.65625,127701.265625,122599.25,126202.5390625,126238.046875,122400.796875,125603.2109375,131276.078125,132022.1875,125739.22604814943,126492.20859011007,123332.02467150742,125604.35582039692,128004.40049482946,122397.94868540726,123337.81967293244,129130.40762130839,122654.22373189352,121337.57391769587,126362.56452335056,128727.97866713961,127032.60173282388,124943.92947864273,122842.32798200617,128595.16732370335,125389.061027998,125749.57007746007,121391.51085121736,126583.44927674152,127436.51547574406,121638.93027974386,129026.13027735923,123423.62191927366,128704.52688625884,133183.78967891345,120864.796875,122616.671875,123119.63147802227,127915.17297865954,128144.23391565314
900,135000.0,127279.484375,130534.9140625,132590.6875,130107.5,128126.03125,128661.1171875,129314.0703125,127119.9921875,127113.6328125,125438.125,127241.6875,128428.65625,128530.59546209448,127616.20341786317,128108.39478760652,132094.61859289845,129492.31203756908,128424.96666183921,125490.66634405908,131031.61050292733,129580.66032921072,129340.14702049954,128230.06646139483,128790.66808917078,129547.85713603458,127022.98084746642,128433.77295104375,131640.11074771907,129663.12415554217,132432.60048505073,129325.11924565512,126075.74363284126,130493.37114463333,129293.59209362355,128145.54356085772,130550.37099694673,129920.95701523918,133724.64441371555,125845.5390625,134302.890625,132571.63469079562,129071.98032839077,131081.0822282859
103,118964.0,119414.109375,124418.9296875,118863.5078125,120927.6796875,120641.546875,120914.9921875,114586.671875,127086.6640625,124673.7265625,126245.765625,123797.1953125,126091.5234375,119939.69842662432,125332.50973713688,118093.68977426636,121086.05579755006,121029.78019263636,118232.53911469497,120474.25717065753,117517.5320507895,116574.46079787907,114580.18829140608,113464.66669345688,114533.55789325398,123934.4662663967,119710.99324921932,117497.05413449855,112017.74068034603,113355.36141322255,115603.23361846173,118900.16259649672,117069.31123594404,120538.90010607852,112967.78966875387,122267.73511708959,120798.7366367289,118083.22991591321,131092.5878279083,126236.828125,119764.8125,120194.28237535743,110427.57115230573,112204.43528325358
435,81000.0,79775.8984375,76019.5546875,78892.046875,81013.8046875,79155.75,76268.1953125,78978.390625,75077.6015625,79958.578125,75551.7578125,75569.265625,75350.953125,74337.52520873262,78988.31135510666,75381.62184721485,76630.60237640825,74540.36721317313,77351.57755820909,76770.18329597713,74651.78994107612,75571.91627267298,75071.5970039351,77335.85367407517,76938.1492212972,75331.6415759806,80078.96003235786,78768.96533663361,76679.51240049624,73789.16286292745,74982.68021326089,74714.02604354869,81908.28885258331,72390.23140782412,77234.0640188997,74606.74044356156,71022.45908021036,74506.42994981229,97303.75714285714,67287.109375,75469.8359375,81835.20936358249,77224.46933863084,76622.02582178114
1008,88000.0,90850.59375,90000.6484375,91954.84375,90099.3203125,88562.296875,93646.703125,91987.3828125,91777.640625,86813.7421875,86379.2890625,87675.2265625,90565.875,89076.27459671741,88534.91502609078,88238.51780562496,91964.77657123626,88752.8914291649,88223.6354691574,87067.63601801495,86817.1635422439,89691.61576006384,92248.83972916211,89491.43519714824,88592.75830295066,92150.68917453266,88456.79805329324,85987.66845166024,85190.57245520692,90997.96213538661,89128.58225423843,87772.73779136437,89410.09475086756,87873.5804651335,85634.21498958417,87700.57551264312,86941.58796274275,85298.28113508511,96066.30968850698,67063.3515625,84998.84375,90701.46981225444,80031.01411607157,84296.78183489516
1306,325000.0,325271.03125,329166.125,306433.71875,319367.1875,345367.75,312732.21875,318332.09375,317461.78125,324818.84375,322576.78125,326974.46875,334858.9375,321931.1335153474,340931.776450078,321968.7906727008,324547.4823226665,328274.3754226358,331452.1570689125,323745.9629526527,319804.7020674821,321103.4595034564,317753.29529562907,331667.2957812552,320970.6053741127,326786.47286163556,330551.06235189585,321066.7751740415,318924.033297158,319694.8508179582,325634.8115309842,319130.61398383236,313681.86886475567,321684.26005839783,319220.06150197657,333224.09745427576,324780.4826798886,330787.0003825754,309202.1992857143,338555.9375,345926.5,305494.867238374,350926.09545687016,325522.7210325898
835,139950.0,135783.5625,137686.34375,138321.109375,136779.765625,136959.765625,138514.5,136275.625,137921.25,138422.96875,141540.453125,137179.546875,139565.4375,136678.00657067104,134845.50517139072,136444.64027980194,137274.28031763466,137149.37893770533,137123.86389060572,135343.5669691517,135708.5954052668,137673.78712901988,138707.3405230185,136456.83250558787,138717.87882268094,137861.19537585392,135389.56790620886,136414.81712543374,140408.23608943488,139687.74280955375,135528.87641676792,139215.94361832528,135341.60774130526,141040.6533338355,144256.25829621998,140846.9470395729,137991.876226095,139813.21104719632,140865.92786188418,134308.15625,133192.046875,128355.5220032979,138654.20964372397,139757.0606889353
1325,147000.0,306570.21875,314176.96875,299592.21875,307148.5,314737.15625,299020.46875,301189.03125,309270.375,315580.5625,305429.125,312501.34375,316226.3125,304638.847288058,304269.45157058805,300533.81494327093,299291.7490028226,299340.90686675813,307988.6367825165,297476.5918476027,298717.2801941069,306827.95064155787,299393.8496855051,299806.81389450346,306887.0776494685,307566.0410158281,303711.8119723343,309397.70974526455,298555.8765791486,300169.86064253957,309462.73408249207,302386.5926915206,307007.6566326638,296244.9127353412,314147.81842767104,309559.1769389733,294781.9898877706,304442.89417407854,320361.0592857143,303211.34375,300456.3125,320214.0915634518,285297.48530350253,296011.2924169437
303,205000.0,221063.453125,217048.125,224178.828125,219472.640625,222040.875,216825.71875,223247.96875,223199.46875,220956.609375,219378.3125,218670.0625,223985.296875,223460.73799862846,226843.0404180416,222889.70117499077,222338.44976341102,224113.62327346244,216851.57778469165,224901.6599370386,227836.02059328742,220401.91643560055,220737.54327635348,220823.0700013476,231058.38186180033,217920.89625333436,216248.7110726644,225383.1059542908,226886.71411475295,217975.3216988211,219542.79035168356,223207.54509712599,225403.2094997924,228402.37401921066,221371.31240052063,226191.3673431967,223146.41187468168,224354.46823031834,225680.1635318091,209265.09375,214380.5625,226712.84628856543,216606.62427504602,224616.03247961606
1230,127000.0,144238.234375,144816.171875,141137.0,143190.4375,146351.875,141855.15625,137261.6875,145981.796875,141056.203125,141137.4375,146217.8125,145408.0625,145152.95742271576,147312.9921421862,147727.6488253978,144973.41146505863,146795.08060781163,142302.90849201914,139941.61274532232,143703.5152842655,147507.1076212906,149593.76504565423,142316.32860758592,143202.2200166712,149063.8923578761,144497.39593174018,150947.46298244255,147446.58093818199,145154.14071026095,142805.15715130238,145730.18786842516,142330.64893181925,147501.44900626098,149264.86579015176,146061.10751944856,147693.13856184253,145084.90535988187,146078.6640771612,134561.234375,133917.15625,123332.87003678629,140335.56663346034,145630.02399847467
1192,174000.0,171999.234375,169118.453125,170443.421875,170965.5,169214.28125,169466.21875,173633.65625,177835.390625,181407.921875,170215.53125,184990.265625,180072.296875,176161.35843535612,179047.65446602978,177209.6169379596,172475.5502037946,177664.29107292174,175439.92825126983,174930.05557443463,169281.51754339304,175460.33521541124,170491.61277218536,177203.4559899014,177113.28427708018,178061.81757517724,178113.79159207895,172109.08630557184,173555.05812331283,170814.715648776,177851.10014347336,168439.2068273999,175719.87597157736,171029.48726105836,167932.83451810238,167341.35904505578,177986.3916898579,173099.8291082623,189821.47220238097,176119.90625,174753.84375,174434.99753134802,172978.49712408555,173645.38879352307
389,191000.0,199057.5,195966.890625,198073.359375,200905.921875,190840.546875,197085.25,199575.671875,196263.671875,195539.234375,189728.34375,194866.015625,188456.8125,197384.34383593066,193619.31511409336,197054.77074048534,198477.78305744304,193576.0279839484,198452.30508684742,195197.59214688625,192943.0052269993,199139.75935844323,198730.57486897233,196742.8430109289,195811.96108449722,192953.86525427576,195679.97190853176,200158.79234826477,191664.24973804934,197184.46872199603,193992.21995521005,198205.81518270704,198932.75296597613,195111.04563611778,197823.11412210023,202537.35492311494,193936.71233621563,195542.89677745753,201713.32045714324,189669.359375,189974.5625,195458.23957965817,200710.34951096145,193673.80017136596
236,89500.0,82670.3984375,78248.765625,82077.359375,85825.1328125,83798.203125,86315.828125,82673.3984375,87002.921875,86768.546875,91927.1796875,91792.359375,85638.2109375,86151.83042590773,84735.72685883247,85289.23820363385,84295.14048005272,85211.00161905107,86021.66533387189,84139.49261307601,83364.82491907825,86216.96523929153,83213.83876296345,83571.14740926669,84525.86198128635,84385.64084784803,82541.79985524391,83641.9809287674,84617.58591916223,83107.99008118434,84424.50001262921,83890.6459751906,81928.84078956052,80913.50309978426,88094.70856144838,82903.72593827959,86387.74899713477,83549.31905216542,93261.673281278,70708.4453125,85251.484375,89608.39008463851,90962.26157976802,86070.74140541966
1213,113000.0,86260.9375,79071.921875,77947.859375,83883.6015625,77744.734375,75589.1171875,77180.703125,90841.1328125,91378.453125,87074.984375,88775.3828125,85218.0234375,77737.12566960935,81111.59604962304,80506.36879656263,78568.41883619443,78792.11030314326,80106.82281942226,74502.5330050929,78498.99963281248,78426.99619028279,81092.7888274866,78976.24311799646,75316.91622500547,80288.09219065859,83430.61808227826,84466.13706131492,78150.81853563408,81471.90138836522,79616.51248646264,76026.58361379134,80527.85807636034,79426.81211225597,77256.17993365515,84085.49382093221,77173.42844280686,80711.58243447772,101698.61034737983,84529.4921875,88163.78125,93717.0273306628,88592.17654883538,80484.80404656788
268,179500.0,183033.984375,178142.28125,179830.453125,184175.28125,188424.078125,177577.109375,172455.6875,182810.453125,174114.734375,174807.78125,180530.15625,178428.5,174758.34494317835,185157.62225510413,172971.17510228604,177399.04478741676,175022.21472521123,184956.8220854044,183229.5515006032,178210.03126534252,174652.174018768,179953.89148816402,177200.2701311091,175487.4738516509,176234.68944716698,185917.73026135366,176654.4550105434,171429.9596688056,179454.9681703523,180833.49244895787,175784.8599509628,179057.23637316588,181919.10219761348,182904.31726733022,179664.97206459686,180247.796824523,176906.93028201867,170002.65424857274,177172.453125,191519.15625,181538.66400537605,171030.5672210232,171891.77163142248
306,305900.0,312498.46875,321510.3125,338782.03125,327829.375,320784.46875,340905.5625,326577.4375,322997.09375,334158.75,322179.4375,330262.15625,314995.0,340229.1226204944,327253.05682669394,331526.3681711977,331581.868915675,343098.12243789807,330547.7357719145,340920.34745223145,335016.1170981347,327390.04653479694,336962.88977384096,342528.55387143797,321293.05825015187,337388.90777387837,313753.7578221173,324519.3537992145,343300.32253009855,343220.62193979317,343947.87260925205,337059.7925143323,323263.7689236,331605.53112969804,337318.395869957,325309.53344149754,346112.1514505029,342395.6956658184,296377.510340136,258731.09375,253214.84375,299304.56703750713,319430.0120285037,337860.08079874277
118,155000.0,142348.859375,139367.828125,139147.5,138734.34375,143189.34375,135770.09375,138019.09375,147076.359375,145290.5,144580.109375,151030.859375,144361.453125,142283.59370640793,146228.22347091394,142156.7401400439,144162.68665005674,143093.55935243878,140678.40153409168,143035.00793221555,144622.6972664969,143642.9296877735,141508.93697287922,142198.500764531,144772.90830294587,143794.27612191203,139675.89408632668,142412.8274151832,141464.15856981408,142288.3229234429,144089.06655569107,141160.95534814973,143370.68723144318,142543.29785079387,147904.2683070105,144533.2609575246,143227.9838831627,143514.6831741844,144352.0661504974,146455.359375,146771.328125,142677.3293148277,141821.21503269515,141633.46097865544
1180,93000.0,99132.796875,97072.0546875,98179.7109375,96584.8515625,96861.671875,97503.1171875,103445.4296875,99083.0390625,97157.0390625,98567.6640625,103554.8125,106826.7265625,95190.13283574191,100895.03728191441,98470.26818263622,98554.52668270738,101822.55712151069,98953.11320723507,96314.82897432797,98530.95456458749,98889.54918926043,98462.48767400936,96018.850599434,97164.33144067276,96183.3986192861,100958.82112021228,99172.77788812014,97989.02870360107,100200.27213777413,98083.9684405087,98394.1498049711,101422.81512152683,104247.56633903207,101708.65478028389,97425.89651515393,98715.22561162959,102232.94729486597,107285.04754435105,93440.078125,92909.6875,99278.3890788478,84238.7762223203,95227.1041924058
674,257500.0,256936.90625,235858.53125,247727.046875,256878.59375,258552.078125,237734.015625,261988.0625,248278.703125,247904.671875,243735.71875,242765.015625,253663.796875,254891.17027533823,259072.5571377038,256714.14133234698,246401.9732945781,246779.62220739186,252192.3322423979,253247.1791542941,251845.1400628619,250556.48024678198,249130.56152649687,248816.24960894533,249347.73723617446,257733.30861640436,258969.44572362545,262135.13333178067,246410.72905210633,251982.70971240368,256152.72187432862,252736.69626216695,253603.66578272017,251709.62262721424,258431.88606561968,251413.79348813155,257726.39961728555,260415.07133424302,218358.5430455259,242578.65625,255458.46875,250539.52585948975,252466.2616237074,248210.87523546157
250,277000.0,268272.0625,258481.8125,256613.90625,270119.1875,267065.65625,251638.28125,254929.609375,271700.1875,269698.96875,281885.21875,271037.59375,265813.5,269165.77910722484,279293.3147123738,271665.0015994147,269459.433138643,268055.12119986274,273212.03927989345,265855.3013881258,255386.121547257,266358.6928559376,261812.72441273087,280777.5112780913,261032.19040291363,267458.3433779154,262733.46616659325,277762.7813533002,275018.6427249091,272299.61290404666,284554.2141575381,262968.2300193861,248861.5905040139,274218.56392574636,281587.93829886883,268821.01736758143,259289.14331148053,273109.262496422,250800.05420634922,302798.40625,298261.75,273950.0146278207,308006.1247646761,281061.2242094608
1066,328000.0,290333.4375,294636.21875,285416.53125,284010.3125,286102.21875,287664.6875,297848.71875,295097.3125,295717.3125,293145.78125,290546.5625,303445.75,284775.0633916248,280000.5120310372,284802.2850606841,293595.01766582637,289462.6720431747,282303.31771242485,286858.4972445947,288756.294313892,283406.16646217403,282268.22659005865,291542.6634783181,290276.6234097553,297574.1084185643,282190.58557498903,297030.4323182293,285950.24748349516,290393.52482169407,287497.1598536372,292044.6436789201,281498.3213891738,285296.13008435967,284110.56429788086,301059.52881156135,287548.9353153357,289109.6908090771,285052.10687074834,291926.53125,288646.03125,270279.3024443095,277812.2512238178,284113.28864399006
1053,165000.0,168870.75,174041.15625,176158.5625,172343.71875,179283.515625,177372.640625,169489.171875,163767.34375,167617.734375,165144.65625,163969.640625,156428.765625,165763.98563726552,167209.21957756652,164128.20375055828,167585.53736358718,165957.5628467868,165485.40771482163,163953.14546738207,168479.99727100565,172129.6694100649,167935.08655504996,164517.2158270844,165134.24451522343,168089.13041517866,166634.4794987538,167366.30732770215,166711.6942424916,165946.10571147193,165753.4056747953,171745.59817928384,170415.21064830033,160599.23915115194,159065.67968345346,166438.1798791496,161364.10193704246,162729.4729266941,176878.52222016078,169548.21875,169666.75,171586.7864218431,177865.08365009006,168834.2987094329
72,129500.0,118949.6875,125380.421875,123817.375,114874.21875,115472.40625,126357.53125,124746.140625,120923.296875,127119.265625,125418.265625,129612.7890625,127230.171875,124180.1964214776,119534.23948257926,126609.16428265395,127755.22212832236,126517.19239372585,122911.78520654269,126066.99227092728,122371.68974318767,126042.48633416824,127614.65876203823,129113.98272739474,125118.76699499403,125675.57453730838,121712.5468965731,128366.89877973874,123106.11156839778,126568.34101248845,126581.15384573801,126851.15350780936,126594.34833606376,123989.73794408742,128351.73987287356,125599.89166677822,124182.33961184043,122511.70913275708,126017.95880122413,111986.1484375,116270.4609375,120689.9261136984,123049.67200649268,123104.55633279761
95,204750.0,199436.015625,199225.953125,200789.28125,197384.515625,200916.28125,202726.28125,199525.625,204015.96875,201571.1875,201586.6875,202565.234375,205168.265625,200144.39694894568,197099.47277668127,198891.29112449,198000.3941903274,199461.23467831427,201505.87692814588,198451.6942685993,200307.94407864887,200266.72478688983,198154.1991515489,199564.44369422804,200763.76988897365,201977.6690050957,202821.62818243,199188.477422363,196865.811506027,201960.90922094748,199476.84565535217,200924.36818509112,203483.2420036225,204674.46587065104,197305.28884057663,199280.16684113946,202340.49726196702,200889.42902091597,210366.3867558235,191585.875,192934.578125,195040.43649131857,196254.84155355918,196953.18704069013
1441,191000.0,205863.78125,197631.078125,200560.0,205632.640625,197116.078125,206479.21875,203042.4375,209774.90625,211705.984375,203314.28125,194408.25,199294.984375,199550.65552159233,190515.46666930904,197729.5804500229,198902.48748679063,196381.1215548434,196052.18220306424,201621.97885671398,201207.75122258667,203376.55785666118,202318.22600710692,200118.78986280446,207261.561802987,195227.30496351942,191713.46373699693,204330.85391248006,210770.11107213882,197727.0599718801,196954.066950291,200963.09675275956,200498.9533322277,208782.11153052788,201926.69032452043,190098.90462328363,193852.7242158084,212140.9398425685,212394.4012443311,237564.34375,219874.453125,191191.99426162418,219683.11898415064,211548.34943236646
34,165500.0,176974.21875,169659.953125,171613.859375,176102.453125,169360.875,170826.8125,173075.515625,172750.609375,172751.609375,164666.90625,168925.953125,167350.59375,173040.44880345397,168447.2019698529,169976.4218413471,173479.15517030755,170316.46810940615,168600.9078508606,162202.9293180537,175454.8639519154,173745.28735142713,173090.02901026333,173203.87200844762,171154.0163112209,168369.73462154443,171802.71620072948,168042.08417450517,170498.64387563572,176390.95705240284,170558.22273635227,177338.30132116884,170847.02605946216,172649.01521925308,178421.8871074908,174888.47569363358,168742.7989987666,169635.05083857165,184477.46156985412,178426.78125,177249.375,170617.47805992785,174489.74750532722,171240.02710863636
1168,173000.0,186266.34375,187727.078125,186285.875,186706.6875,182703.84375,186957.5625,191094.96875,184433.59375,185545.171875,183847.125,182288.25,186693.765625,187543.91944972434,187799.19538137922,188341.63134175976,186585.62025586067,183698.03335743403,186648.3792199082,185968.93348714846,186612.93915019694,186761.65277631517,189224.25047588747,188546.86358732943,186596.4061737592,185622.43998685238,188754.10627775514,187389.22863886814,191755.21930803015,185288.72606231348,185033.04451810065,185821.87417175132,185766.70214087574,188798.51164756427,190857.67368365603,188907.67714608076,187549.36314868144,187805.01175504207,191427.76928828313,195148.21875,195580.234375,189869.8776065437,191026.7730918079,191392.23011334857
449,119500.0,133986.90625,133231.6875,131754.34375,131205.640625,127762.0546875,135119.96875,127130.7578125,135810.9375,135724.46875,140713.125,140851.203125,133787.09375,136178.61680223778,135764.63894856,132252.76181906974,133455.81814546813,131491.85982647032,133816.98824459987,132794.44981475687,136431.1001037858,133371.14586609916,130826.77953781286,132319.94894806703,134592.12691293602,126069.68552958597,131120.359166786,127717.73565107642,131051.09242392782,133613.57455903362,132251.6766823088,132565.05509410787,129376.3576027793,132303.56443216052,130907.34605016536,134564.00668122654,134875.3421620584,130183.57459836589,133094.70764535104,121008.3828125,119190.65625,129988.254412618,137628.31234843165,132548.64621120633
446,127500.0,146784.484375,139997.65625,151018.5,149204.5625,145788.390625,154916.109375,140624.96875,141648.921875,144252.40625,145532.8125,145513.734375,138001.265625,148966.9146782471,153043.3998327889,151996.82634837262,152517.27837142145,151420.89620378683,147738.62082979377,143754.25685390612,155535.5858208724,150511.90013134753,145922.2613693518,152350.12443170487,148463.24161973636,148979.32471249005,144705.03470882276,145571.83458961517,150066.0779586516,146191.70724557736,145965.77947423217,148357.69967011324,146283.39394494117,150291.23786304353,150134.19752433884,147664.50786991374,141252.9698482903,152749.80438101423,163397.0888479866,166677.1875,152632.046875,153384.81404302508,146477.44674110212,148995.68055076874
717,159500.0,208352.4375,189735.921875,194296.90625,205531.078125,204362.078125,198157.4375,203376.921875,210271.140625,210523.171875,213027.40625,199252.1875,182439.859375,196100.3844169211,201677.7092421667,197826.6237182465,202670.55007922533,195496.1583390168,198232.18182146436,200520.41449657068,197004.51821405342,195347.83026371335,195050.0412672918,192398.10571792882,207454.9547403644,204221.3540879145,190075.88614242928,198881.52222511917,187454.80253568388,194708.45166417968,195026.86550075831,183280.0159997885,204814.5036100077,199173.82941315326,202935.67397834163,187309.84718378354,191112.89787174165,196224.9330596209,181456.08227513227,201535.828125,174579.59375,188495.76226439892,189076.45016773226,187963.46357805427
845,153900.0,137655.09375,141932.703125,134954.609375,136541.390625,140152.890625,135734.484375,128207.1875,136783.921875,136135.5625,132717.0625,133576.71875,127379.6328125,138374.7267317745,134977.60049541373,137469.84877252745,134910.93528756796,136917.8031667465,136756.40573486022,136672.53473643112,138334.92468220214,138539.0818296128,139668.32426797805,136553.32865016416,132356.38981749027,138472.49577566105,135772.40653519932,134102.14823874802,139106.23012129572,136690.57156068392,135666.54123618721,139749.5598953567,139291.88270774178,136218.23760692627,135611.16484297396,136436.95543727424,137464.134602646,137472.8082941822,132145.09627355836,145276.15625,139585.171875,145620.47579734644,146544.53585400822,140656.74754422862
1113,129900.0,124506.6484375,125181.0078125,123139.4375,126343.1875,124490.3828125,122893.65625,124109.9765625,118278.8046875,120701.109375,117501.5078125,112624.75,120415.984375,123934.31717331964,127139.20858922802,120298.80643206612,122015.46657275932,120516.90029056919,124817.52096684524,124383.63807269534,124505.41004682622,123656.92730874616,121233.58623351138,121293.52615586825,124956.17663729726,124405.81680387627,122096.30858851476,124611.23626291369,123954.60307514846,121792.77613376064,119891.72050200339,123969.22119009781,124976.98335803665,125006.89683843809,120319.2148864196,122602.35509885472,122283.50246258697,123523.65378267765,122031.23154949796,118309.28125,115895.171875,115290.49984937579,119586.28030587919,122853.51976856677
859,152000.0,165637.796875,165412.84375,165403.859375,165228.390625,159528.671875,166901.578125,162980.875,158616.328125,163480.75,163244.359375,156814.1875,160295.75,163520.46908911483,163387.8728650011,165281.8870011678,163340.3088476338,161605.26429804624,163077.47916334734,164898.15809580052,160118.6906173592,166542.87058936173,163395.77221067587,161916.2087795845,164106.76577380172,161473.66975282662,163324.8036524089,166915.38622367367,165628.21655598382,162070.18227012755,165316.28765045386,163975.4338192965,163178.75281303897,161644.86856988122,164755.5566523387,164899.85996669112,161355.14426605188,164990.808852565,171033.27546519,169155.78125,161700.203125,157553.65090592805,164550.3068927415,165095.2172210142
998,185000.0,158576.09375,164550.625,162787.78125,161478.453125,164639.953125,164605.875,168383.15625,159345.765625,160950.578125,161158.6875,164159.25,159677.0,166597.41047405766,166863.86089087412,159839.89293593788,161559.94499052863,163414.72908770083,163532.66513978687,161169.83694495226,163319.94833449967,165646.5922034926,159682.3452007657,162422.05287673636,161588.9722991686,164224.15083181544,160236.52168040257,165151.80904996768,158788.75806127593,162201.17509368164,164016.63754250915,162863.81633512586,158823.29849810957,159202.36391619343,163633.3125740376,159629.6285951155,154315.55899624576,161121.95492884517,169223.1935926454,180389.875,164783.046875,164681.8049086204,167529.50642796853,160471.7977875378
78,127000.0,114857.2421875,115119.5546875,115478.6796875,113529.6015625,108343.578125,117173.2265625,116287.984375,116303.3046875,114336.8046875,116381.1875,121200.5390625,115585.2890625,119417.84503405448,117404.82384887965,124640.23503302663,120381.12781044042,116936.09724203331,119376.62032876971,117776.30625991907,117432.35401365464,118472.76525230134,121103.91203532502,117555.51429445442,118101.08713036658,120339.13295734326,114239.80604900807,118149.40518341832,121049.53950471284,120320.07517907691,121221.43576616418,119824.22723764015,116424.30360404521,117517.2800244585,122133.16033215547,121498.73200967816,119800.137928181,120904.38439374001,118674.15567217248,119658.8203125,116797.9140625,113007.77733194965,109355.27730864746,118477.47344772976
85,168500.0,178237.28125,176507.828125,176956.671875,182836.140625,178239.3125,175956.734375,177429.828125,171043.015625,173223.0,170234.21875,168703.109375,170550.5,175194.448270552,170358.18170672614,176662.68091979914,179284.1912698851,174040.6824214245,176674.01657415894,173990.6631714543,174865.57855901643,177323.28284318678,176374.466288419,176133.3933609919,171656.57263872246,169500.44428334315,174143.11214474763,175167.09929157654,172894.5840313493,175143.79001773236,173271.17766129322,173553.11959529505,174573.65171421753,169753.39590549492,174955.03146896395,172176.94838798564,170861.573686705,174213.09679854853,170746.73158950996,158268.5625,161214.703125,170932.94275340022,170180.63077731192,172219.60191071086
793,269790.0,242329.3125,237518.5,237834.25,239772.09375,239002.046875,235099.484375,224092.46875,247477.953125,243542.5,246538.375,256422.953125,243358.796875,238430.8719049105,241499.35533231453,238624.9763515691,241006.94018393583,238702.18036654242,240823.49896611946,243368.38229517464,238895.89553187744,237066.95646285333,240011.74063944793,236182.7596632524,240111.24196891245,236401.795041842,242573.16282980243,241567.32867508783,240358.76289795793,240158.55980921705,234960.7835248024,237526.57997826612,240611.84023348545,237935.79505206793,241696.2192889854,238845.8290018989,233901.03255481357,231704.76589873614,240817.46418985777,270086.59375,266145.0,231916.38698044242,255633.33183712757,243070.32257892468
83,245000.0,246370.90625,243952.453125,244296.78125,244643.703125,237339.625,246480.1875,246401.921875,239752.453125,237859.546875,244040.5,239228.40625,237330.984375,244146.75861375275,239728.14941216563,244037.82692626896,243460.10278283214,246197.2175010286,244991.78319631764,240469.32567750185,243535.95176789726,242968.749680291,239758.42206285498,240086.7942884216,242304.2771885006,244365.6487462112,236790.8925221742,237799.63613097585,240964.10748708955,247653.84106410362,243325.79214918026,241574.00850615292,242384.9237747623,249350.88053685785,241103.2222836532,244570.19227427914,246288.05033640284,248506.0285990062,228484.28376829516,244281.734375,249679.765625,236138.05214663042,247192.00150960157,242397.98623722064
458,256000.0,201061.953125,189853.5625,185721.796875,193582.796875,208110.171875,188780.75,196037.5625,217388.265625,211504.0,210006.640625,210630.640625,219679.671875,195973.88108571648,201403.38009913094,206295.19651548596,202189.67107101355,203640.39577253474,200133.5637450636,199211.1802961862,203056.48736420134,195325.79858371388,198601.614105106,200127.16266288163,205082.7980863168,192829.27052504238,198543.43631816632,202554.14830845702,191419.62257665402,191795.99973425578,198218.942227834,199233.82308093712,199191.2673931205,199228.5047594718,189268.24479599102,191166.9041398576,198606.93931306037,203370.84340792737,193013.42523809522,196526.921875,202423.9375,221705.49411147117,207690.54447888167,195532.54319412424
971,135000.0,77373.640625,83055.171875,83292.421875,76900.328125,82153.5546875,86072.7578125,88167.3125,75528.4609375,77538.484375,75603.5390625,80593.0703125,74168.3125,82606.89052161109,81484.32216046756,80024.05629992022,82971.81171053517,80980.39434636275,82920.19054968584,81701.91047044312,79672.69675048921,83195.41712534604,80508.33086511523,82013.34094621448,79160.61296730301,84879.61638913845,80010.73029560305,81308.27488159781,83165.4014894941,82029.7453123441,80460.73124321057,83684.07649241616,84899.38319803853,82467.10046687783,83842.82192267473,83827.41960850573,81296.1504492475,81829.62072025848,96661.22759903963,84322.5390625,86370.015625,76757.20651538011,91024.6220439471,84592.58159555163
677,87000.0,104356.6484375,102491.4296875,101839.3125,101550.203125,101968.5703125,105842.65625,104835.75,103958.0,103192.875,107236.7265625,110238.3984375,105625.109375,106099.33651318373,106518.9771116578,106972.55240042259,101394.62459909152,106382.49143052654,101752.66606221514,105544.49285665796,103244.57787850732,105317.82506799055,99557.31540577475,105536.3676180605,103929.37729930671,109039.01288346134,104284.81986433949,106616.8499580693,106050.40190205925,105294.23331935273,105963.04929472573,102829.87473511555,108160.60721240597,111393.82413490966,103301.90383081138,99627.69197972132,106431.43470848369,107752.81394954449,126646.82630952382,88750.796875,95349.8671875,121088.69501910817,98873.65560378252,104830.7054688021
939,239799.0,249389.921875,243363.625,241377.421875,244548.53125,258581.921875,240896.328125,241299.15625,241746.015625,249147.8125,246008.640625,255266.28125,237180.53125,240102.83067715104,243949.71573618578,239679.11254152245,242817.1040593989,239732.2079775374,248201.39286837657,249269.3487180844,242261.52619271821,243075.7014411998,247876.39205087326,238964.39930544444,245185.4287744273,250150.89947400385,242685.4047374541,242835.7037369569,242272.18885456488,243116.53698160546,245278.1702894403,242582.40189437268,244125.09164361295,250307.33062324565,243507.45955261204,254312.1062104431,246817.5850467291,245896.18703685657,241914.62085282124,241699.71875,242825.53125,248339.99239776068,247461.9358114184,243627.58927783015
1051,176485.0,187046.921875,186247.15625,185741.265625,184703.859375,179291.890625,187105.4375,186076.546875,180217.359375,183157.125,181342.390625,177504.125,175707.078125,178277.44972124824,183666.8707340544,183665.17823008366,183588.69170741166,180964.69250397204,183447.5713518916,177812.54877131493,178615.3337632456,185390.83988025636,186778.69646712497,181592.51037823418,176340.3272419378,186475.1945379441,185562.8008833154,183694.61794249553,184161.05846658273,182697.11901707883,180337.53140330935,183823.51557835398,187123.05080849904,184622.9541220893,180323.6799221674,181615.0710259414,180102.0611059108,180596.87076788387,187067.8728250089,192707.078125,183934.28125,189035.90274117378,180958.46975230044,183402.59341921192
437,116000.0,107631.4296875,111490.3359375,112787.890625,109094.65625,105685.8125,110210.8671875,109230.515625,104188.40625,102437.1796875,102330.9375,102050.2890625,106942.1171875,113447.1058694709,109351.33765492827,111906.2800349594,109104.34938797583,107929.68231355977,111889.43986360412,109557.493996923,108695.144503818,110834.69760661431,108630.91568929843,111324.93049005035,114553.59751969311,108043.47862093995,107328.76916616055,108222.46698976544,110415.4454370151,109358.15993167766,114903.46105255804,112723.06933182325,109245.54524311247,111294.39288251195,113475.76777027384,111643.61235368137,112429.40675873465,112782.59500714105,115697.36532146315,117276.875,112927.59375,108051.0743326653,116507.2490173188,111714.02444373045
645,370878.0,347547.125,359880.28125,357723.1875,348249.84375,342171.625,363706.0,350612.875,335597.90625,345426.0,347659.40625,345816.875,363421.53125,343435.67406982346,349473.3007675776,339768.9520749694,337374.6169869241,343486.5450401334,340464.565885098,345963.80350031966,335607.9429828855,348889.6251520911,342988.1481438277,329294.1069548775,331981.7952618458,337610.4300189153,336646.9921692294,350453.6834095704,351427.7416135397,350686.7361592411,332816.6867143358,341868.23414144746,345185.90358436597,365807.8647117368,336136.34072057426,365490.4467443374,352846.08776300604,326789.37790112797,345437.7642857143,345298.9375,350905.21875,342374.2581064721,347023.3296718403,350449.02429294685
781,176000.0,169378.484375,171884.125,172170.40625,168930.34375,167603.078125,171139.890625,169888.25,168285.984375,166952.65625,169245.953125,168167.078125,173370.5625,167771.82136587292,168607.60378181157,166012.1675664997,168162.81117198648,165667.10034824448,167207.79903828696,169565.95271743851,168556.9592795158,167916.94250365213,167715.83196649363,167055.991392903,170089.36004789267,167941.71469278756,169069.83429084255,168557.2285866845,168657.65646244035,171221.2804644413,171070.54209899777,168548.41567524037,168417.96473794946,171582.5136585276,167053.177945445,168399.4421157236,168065.93682248116,164927.18011205853,171717.27098674077,164865.234375,165894.53125,170781.07857926693,170030.29311028746,168945.31928943688
863,152000.0,150033.296875,147123.921875,144284.046875,143184.4375,148811.78125,142912.8125,143902.578125,141213.640625,142943.890625,146234.421875,144975.296875,140294.296875,148207.71376130026,153888.3177465815,146635.7381793852,149196.62704634116,149895.52339689792,146713.48114792723,147519.32483424968,150424.068768814,145410.44871655168,145246.56821402835,148349.7533486238,150009.36184953214,149200.16987299646,147529.5152377283,146595.841592178,145661.42241678463,147329.4439661777,151698.2291109841,147957.06044301123,149990.6146711904,146869.2085222503,148343.6712303417,149587.85250154813,147203.88390480084,145459.8398443015,152979.04958168828,157191.296875,150133.765625,138150.63856440113,143848.30976598847,145242.2369009658
1358,149900.0,162236.203125,160578.0625,158899.296875,160484.53125,159826.6875,158463.921875,158125.15625,165047.9375,160581.890625,160047.5625,164230.296875,164781.703125,159820.87164044473,161495.44226210713,162332.62528632724,163822.28805136154,164688.73056587976,161781.75433758117,163139.02991052385,160577.48210817247,161215.68928538836,164945.43033951265,166186.05476458996,166455.37285311616,160940.5808904773,158270.86876328135,161073.65947621802,162533.63395753838,164478.55407164467,161927.5225184002,159839.11667826652,158313.74438324923,158465.81958786273,168483.25273137607,160048.75309696762,166376.0861964706,162162.20276949566,152737.65585389192,174428.625,165516.359375,156036.917798159,155309.70044717862,161123.9465367131
405,168000.0,170343.15625,168934.203125,173056.875,170898.015625,173147.171875,171661.171875,172367.0625,175865.53125,172769.0,177869.828125,176802.15625,173018.140625,172438.69796757563,168714.4163724475,172179.7350943863,171715.05821786795,176679.7433508805,171962.93023478094,172696.39673307427,172459.59595314533,172211.42921260264,171982.54026986376,175775.07703946164,176180.20375300694,170349.42478430975,168358.76237417184,168344.2855657418,173357.2085872178,174199.35309549383,171500.6394405559,174197.84954588246,168129.71196738142,174251.8163086486,174268.41845404255,169313.0752428164,172689.48453979558,173797.62545326957,176434.76309226404,167511.15625,169353.453125,169222.88229573975,174611.6718056316,173520.74657103943
1271,260000.0,232552.90625,243077.390625,220602.015625,231791.890625,229190.421875,223406.859375,226550.5,213181.078125,216534.09375,221795.78125,215729.90625,209465.65625,220896.66535409793,222255.15987026494,220697.55277695766,225477.32169820406,218001.83328629794,222187.9621209601,225303.8203255958,211475.23719545815,225469.94460027106,233018.99034432333,212838.09328454765,220464.4947132874,228106.51911511202,242330.60188813868,231945.00703467667,224368.2297486134,226731.5423597503,225105.68047234835,224728.02786724194,219635.7824425485,229668.8543834169,220175.5391693239,223051.52821252967,225731.21986876996,222017.85070470895,221334.75972903954,217332.9375,214450.5,232475.51312573816,226246.68707670452,224937.6717537971
942,214000.0,219381.8125,222910.984375,220204.125,220681.34375,229555.28125,230869.0625,223768.28125,233485.21875,224106.1875,236090.234375,224674.53125,231644.4375,222971.90643012532,220823.36619732645,219389.34775447517,220693.25781335565,225722.04744331763,222311.68624810074,221579.27832481219,224165.75767681003,225165.283221865,224738.4089277658,221924.4993705462,222517.1563527571,223590.65696551834,219667.18040123722,222678.61353276297,224276.42119615956,227276.5152723792,229340.6854565376,221980.98862600353,216034.04679279722,224082.1831757638,220226.86878192678,223867.38779131672,225574.43842904354,222537.52832948367,233239.19685671479,231762.5,226738.546875,230518.83569765952,243008.6666279083,228263.04255181825
945,137500.0,153427.71875,147542.5,158402.578125,156044.953125,151326.4375,158517.421875,152107.046875,168970.0625,159944.46875,151525.78125,158591.71875,158170.078125,161409.9318938869,148975.83531602705,160653.97211116127,154504.5179237409,158086.64258732134,158946.5308340922,159468.21657002487,159002.31287900114,164754.80286860754,157860.06350817924,154983.20261081407,155535.88089729048,155683.07247029815,154190.75195664272,157749.17222433139,157846.7515365758,162502.16709798895,159720.87610444953,163323.59319404632,148680.26028595655,155363.89802794132,164835.7681857259,167657.51302734748,148822.15139674535,162122.09660131257,162067.72859943978,181131.578125,161988.828125,159237.5929755327,169941.1187614905,159946.54098441114
105,169500.0,167824.609375,165554.40625,163783.9375,173012.984375,161662.578125,162629.828125,162593.53125,176703.03125,172431.1875,175718.5625,170375.203125,161585.5,166781.3184542274,167864.77609723047,164215.05795429402,156615.16639490722,153600.96383486787,157775.66504094432,160084.94533234823,162022.55651741356,154158.51071338594,158021.30202458677,160299.65054188643,165794.76764904818,158297.3493844973,161528.39284807243,156422.75098745213,158124.95917126437,160376.45796648454,161108.5367877207,162834.82526038104,152334.68445804433,160423.98133173856,162354.27829996243,161689.61938227035,167185.05853368007,156814.24744762012,166898.19133786848,165550.359375,148010.828125,154521.36027453994,157769.54797534872,158394.73580353433
610,118500.0,117895.3125,120152.5234375,121423.328125,118951.046875,118177.9765625,119254.2109375,119656.015625,113170.8203125,117225.4453125,113185.4140625,117188.6875,112933.3671875,123762.35658719546,119086.9161208958,119822.0515635191,120738.22016471476,119840.49348310533,119769.22088898988,118826.22464832873,119097.06922348475,120697.05328242123,120388.78537181977,123301.48335459516,122726.5624407361,118820.4551901842,118971.32190146142,123082.12092968122,120559.14955006176,121597.61580906874,119537.31316432828,122070.03793533216,124734.2310827768,122969.22338726462,126722.51034814576,117280.61277044764,121193.39604501596,120130.90672684046,127385.7925601278,104909.1484375,111116.90625,114719.28762540883,113158.63540438743,118982.48747377007
1069,151400.0,195766.09375,187564.578125,184214.453125,184572.484375,182716.5625,182258.34375,179738.71875,177396.1875,185179.578125,188464.734375,189493.515625,201939.640625,190185.40143969102,195103.85519360955,178036.7759133247,187648.8466242737,181138.31023298108,183903.8963479829,185992.39974681952,185820.95902380475,186165.05143182998,180866.7019764957,188551.8418361524,182536.55456685752,188649.85211121946,183555.82318865624,188128.23357501603,184414.91527074794,180886.74499967607,184554.57633964714,186953.05769357982,187371.59122987278,178887.92402384026,171226.08527760697,173653.93578775256,176512.36515808033,174549.79598154518,205753.01484126985,214957.9375,190263.203125,180188.44652852064,194398.41913798964,186045.3455931539
994,173900.0,173827.171875,175273.921875,177195.125,179153.109375,176525.171875,176065.84375,179932.53125,175443.359375,174147.53125,173338.015625,174221.609375,171488.96875,171823.07038329507,168163.9389755623,174371.3332463963,174793.28281116302,175219.3959258425,172158.49482116845,170147.75172996035,177852.94878197563,175662.56448306542,175051.3818954981,175200.56849100319,173244.27336690502,176268.9272242735,172309.154365094,175436.66179740193,175864.23343305042,176051.19238177143,176373.14766835974,174743.8385982334,172555.52111794287,170819.6927213537,172730.64467261342,175079.0652404963,172163.51486222068,174305.120485479,182204.52608420642,170202.265625,171383.90625,167444.6963822001,177381.89738098212,175882.1972717805
889,268000.0,309472.78125,324986.09375,314474.03125,327397.28125,323938.34375,314238.96875,326808.3125,337330.90625,347137.78125,333024.53125,339491.78125,300222.96875,339301.93863350624,328304.88878383295,306506.25377691444,327217.45126290503,347108.7388135162,324665.60739176784,319854.2396857547,308241.87539235875,329111.81053101877,322883.2184887358,340742.12467991817,327244.32405916956,338116.4080264227,310656.1160141585,320734.4542790276,302355.9469374555,319591.9600948152,310180.93590299855,323770.3190524564,320322.88088477455,331691.5639448277,351708.71806425875,313340.1688855869,312357.4806477825,312789.22426817194,309684.5442857143,299206.625,294864.46875,314214.1125687315,316127.79318404966,305796.6698325118
63,202500.0,203540.5,203360.640625,202489.96875,207482.953125,203641.265625,204247.125,201373.015625,215581.359375,207641.0,205701.75,204150.734375,198846.234375,203630.24402654974,201526.13183122763,202511.92990498655,203313.41535592155,201650.47987797842,204756.28292622554,204157.9091973387,206065.00044149742,202186.25700218434,199760.64289352903,202856.45875541226,207579.30936796882,201677.23968904334,203848.54053921936,204514.06238381486,195774.24414669874,200941.25565062367,205173.71005083388,202336.27829344713,201275.534164842,198697.0528661146,207532.60171920274,199243.91676241992,200592.59554126734,199150.3057242882,212073.41541719006,216072.5,208736.28125,212036.86244186605,198910.45814759927,196878.8014739548
282,185000.0,187277.0,182693.75,185914.59375,187389.375,186634.234375,182285.109375,185587.765625,193544.53125,183585.109375,189886.640625,192619.546875,190132.609375,191729.6249354923,185639.25985196297,187818.09436885858,190819.45775686487,195763.88462820643,195620.9602826278,187996.9643020171,191132.8937897539,188629.43355431396,188915.73184721573,195421.31956397355,192621.32471843,186735.84881706457,190682.50751755203,187617.81572598533,194727.26622694076,186652.50881854986,189820.06163538745,191064.57045276812,182468.30667098323,193456.45595962595,187410.17827073156,191012.82071139084,185840.13482216955,194784.28809143728,186461.41197278912,194299.0,196529.3125,183675.00076707703,197472.06139677583,194727.78742891725
965,214900.0,214881.84375,217978.890625,215960.0,217686.390625,212476.234375,218751.296875,212530.546875,214809.640625,214781.921875,215914.328125,219225.703125,214836.921875,218768.54181239227,211636.12876506735,216497.64155317243,211345.85200956208,216252.3165825546,213355.89271033814,213417.8337651961,221055.52023118216,214717.37292544483,215079.78526514364,217326.5895698352,216395.04544988833,215256.86436451017,219519.29467312642,209658.50124661025,219370.2221260316,216938.26639596,215846.00539050877,216718.53791313013,215312.60448194577,215591.78078776863,229783.8793447219,226758.74272893515,224814.19940456783,219448.78803027203,219158.02082253413,223231.1875,227271.984375,218660.27559591972,223568.6683872448,220457.62753288605
239,318000.0,257395.28125,260997.515625,245405.25,244913.328125,250211.09375,247181.90625,256937.390625,254925.84375,255542.828125,259776.53125,267056.9375,263031.9375,251795.31646655928,252954.24138074135,255688.40621741678,257437.6559321489,250396.99308161708,256707.32468100436,251501.5229821864,255501.60826186964,255379.12148447413,254708.6061826299,256860.04656212925,252268.6488178084,258619.77802403382,254870.27061082216,259033.20310113093,250900.36333382377,255943.30305719128,248324.63688314633,252512.08675983522,257592.96609777558,257185.47073013356,247488.89115407638,256392.18847835445,258274.7897628239,253810.91899742043,282785.2099319728,280083.75,263010.1875,250428.80208957376,259482.45157690227,252973.31309664794
224,97000.0,118225.8828125,116405.046875,117114.3515625,119320.53125,117153.2265625,115223.1328125,115171.2734375,116886.4921875,120451.8359375,119278.0234375,119212.890625,123620.8203125,115129.58685626768,117247.17476506348,115132.67371588983,112707.02079308378,117894.96565625758,116612.66758280508,115336.38597812007,119165.86317327512,116891.34867494609,116853.43023323854,115287.67332760112,115851.11119423427,115685.94722317999,121630.24543258456,116425.79048037884,112044.95052103604,117360.63998766983,116028.88511107526,119188.7566369765,115507.2581574998,115585.22624499898,116570.6969711383,117676.60796009433,116474.09903935528,118924.28846586414,117818.17026119951,115306.3125,112686.71875,115076.62949007194,121670.55338544556,114256.09068278593
146,130000.0,132594.09375,135932.171875,138666.5,134822.890625,131552.953125,135630.453125,139730.09375,127254.125,133951.953125,129300.84375,125590.890625,125494.3203125,131666.89537111184,126527.69914549979,125701.36478748015,129093.6511933992,132725.46295825051,126546.58982487123,129688.87525132595,127799.465275638,131986.6624026336,131758.39673524228,131069.66571093512,129345.29120434947,128581.75812149186,134749.1724194683,129906.98136952595,128545.46565935384,129902.0917492938,127629.86392148663,129774.06499177791,134815.64345382448,128061.48214524185,127841.10756959242,126840.84290595363,127539.9582269196,130493.39700904637,145815.8008497434,148232.546875,140717.53125,140911.5004265633,129428.95695192592,128872.96882254709
1363,104900.0,122560.3203125,122977.953125,126573.1796875,122051.8828125,117834.609375,125631.53125,140669.234375,127410.3671875,124030.3125,120230.7578125,118036.2890625,130774.9296875,125884.14182847491,123112.19933277329,127870.51016090566,126956.93127427873,132538.72829491424,128001.01659119985,129941.09474428846,128777.48735071032,127134.56312409253,129361.1898464471,123903.93708081287,123973.90127284538,126986.42245049459,128710.61692773763,131998.4293249851,131606.92069233366,126509.90572478813,128312.6315592317,129436.48835708424,124196.19893195813,129387.58204622706,134656.74772666636,126915.02893499414,132245.07783907637,129556.34020064428,146095.6223960098,87639.15625,112067.4765625,132735.9390735034,120326.79255148578,129344.1184262516
374,123000.0,123319.1328125,121890.3125,126500.171875,121433.0546875,122721.2578125,128675.3515625,121123.3125,124217.125,119039.5703125,118439.828125,119895.0390625,126027.9453125,121986.00518248948,121774.63136854615,122297.0404683744,120977.2264232476,120409.59426788875,120029.90756294354,123423.71954899523,124222.732865998,124218.16971483985,123746.55549922767,121439.77080112713,118883.13958878677,125230.81157494301,122132.5908774726,121449.77751658042,124443.14242058396,120387.20082263708,123406.7521077955,126247.41056447299,123286.53508591001,119695.07158479748,129626.81856504106,121517.75483269079,119511.79551330135,122769.19136462519,130830.27384361884,126814.359375,126504.75,121502.03927845543,126336.54125359475,124568.48748848324
119,320000.0,392089.375,389670.46875,375326.8125,383021.59375,400879.90625,378568.625,399147.59375,417440.53125,399643.40625,401788.6875,425660.5,410483.71875,398922.6048106352,401650.2324528645,389075.3712011501,384593.732921664,406108.96141576796,367180.42283022555,380457.54169777187,371233.8858137277,372437.4277195969,378702.89159343037,366273.09270835505,417531.0253711375,369305.33890879166,399120.9429133879,369267.62675748375,375540.7734735291,390716.3198033051,388364.910060947,382353.20028140565,368898.4246266939,349588.5177915474,395164.37951035507,390147.6741713827,412152.8801185949,383990.8325164275,293825.6085714286,325299.25,334305.75,350500.41977678926,321813.97092817945,365768.8729353134
1097,127000.0,122739.984375,121092.8203125,120044.171875,115180.9453125,121562.59375,117938.4921875,124266.546875,123925.75,122337.921875,123835.0625,124747.6171875,121754.3984375,120564.36243976766,124549.26453064133,121272.79877912565,122895.4289513529,118474.31766172904,120854.45083351902,119604.2727088251,118321.29900570802,118909.58287100992,119239.34192291767,120699.43281635916,118248.68471086552,123527.30695832166,122389.82232294336,118732.9101853361,115542.81315743546,117113.39218079485,118548.7345061361,117177.91525012036,123569.40174175118,117054.31191019155,117758.98667146412,114593.26175887293,117479.30538118162,119784.63857013392,118386.02433963046,130551.71875,120129.7265625,120111.20648188464,132037.76285199367,119073.82698631837
251,76500.0,85553.4140625,85607.5234375,84072.9296875,87706.0625,91607.4375,79891.0859375,83468.0,76333.1171875,82830.8125,87871.9921875,87607.125,69313.671875,79807.44999541443,77815.80005340361,77536.84254292071,80301.36461249404,76520.95263473169,78810.65524897922,76775.09517849126,75159.4781712594,80513.3493517959,74848.31859406535,78987.98383606982,78690.5158283993,78213.53840694796,82216.90986638241,79280.15632803463,75837.48260127644,73507.17641521129,78470.501353794,75949.2005433878,86447.26547961596,67722.70924706817,72437.43558035331,69343.68082596532,70266.33424992285,67359.92879325413,107385.06604273504,79944.265625,79071.3203125,85072.02942525945,65141.384539663966,73546.45881305485
1407,133000.0,131331.203125,132588.40625,131828.125,130055.890625,135488.765625,133371.265625,129229.375,132342.046875,128886.84375,129885.296875,133062.828125,134396.53125,134325.39718801292,138001.51044272646,133719.75282200766,133688.65520221525,138071.3154517414,134182.8363603077,135139.62305691867,136549.48446086518,128975.98575898272,131081.35871548633,134467.61338475483,133867.61260283587,129659.94651906256,128234.47990084415,131424.09007926038,130847.55902226818,131924.30428890476,134450.26045869561,130617.62722173665,130781.98933455381,130806.98582356016,132012.7372014084,126668.57811956537,136298.0768845156,131477.55383956427,130986.60209135027,132099.15625,133616.21875,132843.2349066417,133805.88333828145,131723.25086729493
10,118000.0,128043.8203125,130730.8828125,128180.171875,129868.7421875,128400.640625,122933.8671875,128603.8359375,129861.1328125,129898.3046875,130249.03125,126230.4765625,120984.6640625,128932.99785772446,127140.13530236248,128604.45782226027,128375.9178323715,121221.55852078086,129789.81683678964,128042.81039341362,130025.53983213697,128068.91294001229,122804.99644753242,131165.2864392217,125378.96434303763,124424.76513741465,128894.23692720663,129979.81782524927,125892.71477848734,123863.46362038727,130852.1009595116,121873.62921736405,129163.56074806009,127005.45724350604,121628.43441948351,120597.7999996684,119756.11836870135,122097.70336583766,129106.30938364717,103288.4765625,122069.34375,137652.41995676796,132241.00527899832,127103.65076415603
450,120000.0,130554.2109375,124988.59375,122995.078125,127227.3046875,131032.5703125,125812.4609375,126678.359375,128491.875,123626.984375,123894.3671875,128660.015625,131812.265625,126813.96034103369,127253.7330077559,127588.3391996834,131005.87522916468,132391.03106328947,130761.38760599433,129257.62499071148,125786.70310004041,127909.4581415406,129038.15668864947,129394.31214806242,131639.98332168808,131812.26511793162,128654.72425643101,122573.65892854099,127068.08065604443,132045.20010210742,130583.45541061972,122201.91455601573,127271.02800834917,129314.55070224123,128431.5174199598,128334.19266896459,131546.72542710346,129652.43785833546,116181.85254590838,112413.375,118197.1328125,114963.49597755201,120835.73169376439,125802.68933196404
709,179540.0,192887.671875,191219.671875,188727.109375,191196.328125,189972.203125,186251.59375,190487.0625,188517.109375,193549.84375,189480.75,187400.078125,187018.015625,189131.38355535196,190206.54563418243,191259.95769649596,193956.03911908023,187749.69677348726,191834.37174076916,188364.74752321022,190209.3480750976,190733.26146952555,192458.4429236692,192054.13302700804,191311.64074535464,188652.56070839637,188068.07387220804,192493.7473897309,185322.8683842894,197368.85671630624,191747.2842665636,189304.02676360638,190090.04528874575,187159.90264168722,189495.45927806286,184848.4862806613,190352.16712326868,187808.47541839306,179898.8882645714,210812.75,194016.9375,194066.83475677404,182514.26732895046,185104.1287565965
256,230000.0,234618.59375,235917.25,239040.796875,232242.625,227912.703125,233119.796875,239034.875,226073.765625,231589.5625,231581.765625,224768.578125,228176.015625,227224.3980774891,233267.3409013935,227764.21792082748,230565.98257821746,223253.26455764894,224639.97654966504,234090.6197471462,223626.40156145729,230803.74480235772,225496.68636875143,226129.99891706998,227794.82181665782,232875.51746250142,235392.05312076845,231513.2985205505,224593.571118914,225262.89895705236,226990.85382789467,229050.4630813064,231837.77460795836,229161.207927642,226419.3788155106,236009.71490815893,231568.14616108555,225719.32168972978,238463.10725448362,224519.0,217570.375,229881.17830452934,216573.24305010465,223340.47163785872
594,140000.0,139904.890625,140166.78125,140714.1875,139820.328125,139089.78125,140850.859375,138255.421875,140645.3125,137315.671875,137569.375,138632.890625,140986.265625,140208.57557566295,138838.00845292927,138304.2730924123,139837.23457522847,138965.70358663858,139012.1512452695,139340.8489042078,141618.91758609487,139858.88372781305,140458.8033703817,138852.43149837988,140062.84378050605,138400.6047790791,139785.87182121442,139335.878342743,140662.72396561073,138724.6512319922,140709.98820457997,140252.95119648564,138163.60853957277,141121.6273976744,140456.30181677148,138100.33828500615,139023.32237805577,141122.1661833279,139676.14803730106,138588.1875,131887.984375,139317.77267086046,135317.58527621755,139476.13400511845
390,426000.0,418212.96875,419535.625,408143.4375,428026.125,422812.78125,382799.21875,405929.625,406674.71875,411619.5,379019.65625,390097.5,375760.09375,395749.3250755815,416135.1216937181,392113.14463164605,394290.90015987336,404829.80107554473,395674.36659349443,392222.4775288531,394034.3524584349,394793.21102220274,401019.3429871307,404587.7500684461,396349.9088391671,400372.4839201883,424718.40282409155,420903.99044982076,389054.3075704774,402357.46491663024,403740.330196583,399575.6386713733,404892.1448097421,390924.22984946764,392357.26805938076,409913.5610968797,408128.5446537062,398749.04187299334,393847.72857142857,377829.1875,394693.03125,427642.57046172,421174.78365177417,397061.07584503165
1203,117000.0,132335.75,132319.734375,131129.703125,134748.59375,136788.640625,130215.8671875,136414.359375,132228.578125,131943.234375,137083.09375,138363.625,128302.78125,136373.07112692288,132363.403664453,133115.30882721703,130379.73023012617,134430.9111670478,129923.9563727245,133364.37866381468,134997.26036614785,131718.97257765106,129030.94018783375,134734.7046456013,135988.41176162817,126725.9738240517,137066.97851681942,135630.0158337839,133817.7583607448,129590.19568241328,134015.31500520423,130906.76828765094,130411.57001560692,134462.29535588797,125597.81889487596,132810.96711651416,133640.65654843196,136294.83735882785,127973.20356161437,135467.765625,140935.109375,132807.360223532,130402.5427550852,133095.51585843373
1169,235000.0,198400.421875,196974.015625,194706.109375,204018.765625,201135.78125,202738.078125,194937.796875,187571.28125,199402.65625,193741.46875,199651.203125,189489.6875,194542.7669095225,197735.74542314187,196623.7846483509,192194.64483566626,195850.75011906622,194921.87568342616,189966.4648525603,201434.4217323211,192379.0176078133,190868.0591674077,191988.75824507637,195347.73741409523,189066.55314886235,193988.5174838028,188064.93663749323,202536.8733093935,195080.55833720532,196539.66291984922,199138.65477870317,194774.34366109883,199054.60563838,188367.498501882,190545.0025978762,186528.86010742647,196627.363713165,202775.50088435368,186128.0,193260.90625,205107.79929371877,220582.00693441764,205565.71930486689
558,108000.0,129773.15625,125335.5859375,126979.8984375,129475.359375,133338.203125,124534.671875,129319.75,127093.3125,127977.7421875,125942.609375,128667.9921875,125866.078125,124533.03649699209,131161.4651776473,121578.21828943952,124013.84565573286,130677.70596571451,126354.89625360501,123868.05787081232,121728.94355788342,124418.69977403451,126632.61957761449,124696.48335120163,128355.69480346699,125242.74708382084,127447.02868512552,124124.01262561796,124076.04219421987,126334.6540941833,123912.8414425642,124599.52760075872,123842.20745185502,119694.26583501417,127814.50501318011,122327.1427199175,121363.37918565674,125571.36752438442,123192.15159456247,118817.640625,108519.578125,120169.43358522833,115897.3249148147,122222.90330695704
1299,160000.0,358298.15625,398537.09375,365524.59375,353342.53125,346532.71875,355463.40625,369582.25,337580.0,368484.53125,362253.78125,349467.1875,372863.90625,334354.81135671673,331176.72084180935,344820.43448292767,356610.93881843286,333039.38917529926,349722.7521458348,316043.7866236556,325095.03383363725,351591.8302553194,352470.3654446546,345840.44669833715,322264.2592641107,369876.33948803775,363712.2117722751,388762.27687957766,322333.44410601055,369485.48038838,327103.80740149954,339132.0585640284,375993.90722844796,351355.9833510746,361659.4407746944,349291.1723955287,333158.9856630595,322390.554850315,351718.59428571427,727290.875,752342.0625,323754.0703183416,444386.2467222813,347806.9897944399
1425,144000.0,136120.921875,136391.859375,141053.703125,136960.546875,138382.59375,143340.875,137325.59375,139914.296875,141695.0,138993.953125,139599.671875,143320.78125,139367.0249761889,134476.99316317603,138575.5078310872,136514.6254388998,142019.79988424238,141735.09949158487,140300.02200754583,141141.39506834018,140172.481957817,140172.955255369,138454.41011776146,139945.9286788795,144078.7948405937,137916.61759794774,141168.11101244483,141716.07596321643,141001.44967685765,141439.28020430673,138895.31496660342,137633.20756143724,139587.58166021452,139203.47646348976,139166.60824504407,141814.8650175836,140867.53565806698,143525.24633297883,138890.25,134696.046875,135514.69572978158,134630.67378622893,140174.78495707267
461,263435.0,252497.6875,248293.046875,249712.625,249909.890625,232207.625,260526.515625,242168.75,260934.625,255689.09375,263296.5,264908.1875,267828.71875,252788.99112728602,273602.6423319513,260717.16966752714,257296.76491630916,241090.2882584342,253627.3568876466,256071.8888067585,260372.83803491696,259602.53431006137,266951.2657154946,262774.9772227967,261921.9276446307,263714.74665258586,247587.7839766142,255413.98014942484,272664.3157687474,269025.9718964089,263264.75554392935,272410.2577264299,250886.33391053026,255634.26744144628,261453.09419932903,270335.40880146605,264675.9071788725,259141.21940649158,234032.3738095238,251059.1875,243445.09375,237903.57255541615,259828.61495306162,269150.0680191685
724,135000.0,129519.5703125,126533.109375,129089.328125,127532.3359375,132320.484375,132578.546875,128389.7421875,126466.375,129584.3828125,130604.484375,134936.96875,135312.40625,128308.57739575741,128837.15214718206,129753.76315688212,131623.34053738986,131675.61998715193,131621.59085753752,131377.33824488643,133972.9984137555,131550.42208757048,129692.05186297148,129195.48858099562,127466.51978135605,130631.8617759184,129054.54620313458,128360.18629681139,131567.1746493276,133562.5103609817,133832.02795791582,127887.25148193722,124744.07014361958,127900.39626313103,129122.45792259157,126231.434281649,126950.73969676431,127572.92778910903,128006.6738693912,118579.703125,133222.921875,125326.44980614034,136622.63310228946,132302.47916548853
1347,262500.0,263312.625,256888.875,248626.90625,256153.734375,273617.8125,253229.328125,253400.125,262186.4375,261992.59375,245929.765625,251309.953125,253543.1875,266533.5210544522,251803.65966632596,285579.69490420853,258532.3240976409,268461.7368704305,268195.8809266735,276462.5687908488,275646.5524206725,261768.2001360711,262605.849479211,275064.64614066726,272495.3275088181,269350.2051792366,256968.12905912628,259339.83908869117,287315.06811501895,260688.26613997467,260922.70081049253,265578.34047675936,271942.1422656608,264361.94272101484,279259.9905389096,279382.9387790532,272596.12012952013,272740.02049281745,220316.32660714287,263053.84375,261095.609375,237503.64902775755,258219.43440912227,279945.41156775685
145,125000.0,145011.453125,149489.703125,147512.53125,148780.28125,149214.375,146281.546875,150110.140625,147446.109375,140599.578125,146490.140625,142708.9375,159777.515625,148544.85379380352,146168.8131488042,144506.8497349435,144763.81716802018,137574.43853846632,145540.01312597917,147151.22785196643,141606.83002807756,146862.06343691755,138071.28306520075,144302.28098086023,146280.28889432462,143561.71419838583,143166.28441172483,143643.62278537493,140892.56800571902,145872.55668713927,144776.48836085817,144804.44878415158,143285.14374036825,138431.8776920231,137527.11123040807,143343.50751008667,139663.05987000393,145577.4798025455,141556.5069517302,140941.125,135958.359375,152689.43916937464,137671.42843391764,140361.5028601272
502,226700.0,205895.59375,207947.09375,210596.859375,200274.265625,206692.578125,213031.359375,206822.125,215274.046875,209761.03125,208445.421875,213190.9375,208157.921875,211199.57279899405,210476.51253069603,207026.22023233573,208803.6563543963,212729.10909803794,211082.68895586708,209622.65433548318,215107.08100608294,210725.8456008476,211293.63072888943,212036.06829537833,215362.31131391693,210471.67925755872,207409.25507982695,209831.18867841893,220592.49315629716,211893.8264658433,209073.5805190634,212520.20690516994,209044.45381799043,215811.37047827797,219504.49025613302,209116.67545027653,215415.5815913429,214525.63556872949,212100.98328523373,212959.96875,210272.140625,202406.6733792608,202422.3673557733,216366.07196885187
1071,135000.0,132137.765625,130217.234375,131289.25,132374.25,133427.625,128592.1796875,130519.4765625,131347.25,129976.171875,129748.9453125,136689.3125,130353.4140625,129426.06568886257,130718.00531827695,131772.7722902623,131830.23662022626,132606.36272206323,130745.42859144401,128995.11536773875,133691.93305726867,130672.49592751412,129579.916986146,131775.81040692027,131702.2568160349,132416.20296635822,132263.01393510323,130687.74892782894,133136.37380214612,132491.67056855912,130340.84563792941,130503.14386688342,130661.64831445563,130500.36961145588,130103.18774980189,135090.30923891033,128495.05240487977,134826.43951662086,133293.46278240476,129801.7890625,129379.578125,123962.91565280003,136974.78307062713,133576.26405474395
740,190000.0,196038.484375,202928.03125,202492.09375,200487.53125,195467.609375,198407.046875,198032.375,198593.15625,195986.40625,199559.703125,199285.4375,199641.859375,197807.09506310866,198160.80710411572,197322.91871949885,198498.3735618617,196981.82192508198,196204.4713824805,197401.50806172998,198339.85331967165,198346.8146619496,199116.3680923103,196719.29668177184,197978.76520195947,201225.75716641362,200755.8810215104,199295.63600826537,196645.84772484607,197442.30232034108,198762.0232951518,195975.78433533432,202046.87128275292,198614.4191217145,200163.85931442556,198433.83785146513,200906.8829339396,199180.18748915097,196445.05672112887,198417.96875,193812.59375,195423.43311915558,190085.66836975425,195471.80079391896
1350,122000.0,155759.03125,155865.71875,176268.46875,159155.453125,148207.15625,171109.375,159864.34375,160193.0,171342.84375,144993.859375,157144.359375,157511.453125,149202.88923261786,138157.3658409671,150239.59005663855,147637.05076856547,152387.75778926024,146226.53812729224,143538.14714525026,148290.52069865214,155890.88242748278,149601.49807354572,149597.2151494194,139773.40628937105,152988.8190182266,142625.23187707158,156056.07246926503,149882.1433008364,153868.31082341,149349.05497619446,153624.04024570627,157572.64935814517,152807.8995175436,164759.955113818,156552.93230771244,158921.84905063477,151907.68051052975,181704.55017857143,183597.546875,122784.125,156104.97709452134,131631.53566073193,146640.7890736774
732,187500.0,169255.28125,166836.171875,166820.109375,161505.859375,172159.890625,173717.46875,168741.953125,179367.5625,171909.515625,168108.609375,170742.453125,175187.03125,171286.9677221682,174281.45907309087,176814.9319180011,168871.9791634411,175063.08088059103,173419.90276156718,173707.5626925506,170498.39433208975,169996.93581119875,173042.25499423704,173628.83848262829,174179.17351455713,175685.01227311054,169451.26791562332,169443.06233790182,172116.08571422653,170559.88071118636,176340.89211333427,172035.26230573902,171925.20972437234,172589.58622234923,179886.1959503385,171729.8261585944,178518.13438376732,171887.21277571472,195600.52981916105,206268.96875,197011.765625,195336.70095411612,186081.39611477597,175613.62834314056
540,272000.0,266581.15625,265738.1875,274842.8125,270674.65625,262519.03125,263455.53125,260711.6875,259953.109375,263179.40625,264899.1875,278848.65625,262821.75,263379.29654718685,267334.57455641456,261437.6403078867,268120.8602135685,262510.25948392064,262127.55618791407,262608.827679421,266743.7556421604,262477.56434058765,272126.71035536384,262049.59772222428,255713.49984784907,262790.65175352985,258717.32824797093,267134.5329740229,266171.72464788356,263274.4062726481,258709.64294879822,263913.2238556688,264226.51119480585,267293.78755710594,263318.7913626849,264432.11095978913,264668.76323316875,259992.66976429863,248242.2301492164,233934.296875,233988.921875,260422.87384985562,242337.83559515377,261139.75742234522
178,172500.0,167406.4375,170089.265625,159619.21875,165353.390625,166496.5,162105.359375,169428.078125,178635.484375,171015.96875,167255.625,169895.953125,167232.59375,163912.72487394753,166718.6701180018,166419.9373647819,166574.57834771238,163592.6058839887,166235.6948789097,166018.40208023498,171943.06426128512,162897.52606323847,165507.74408525904,166737.09640030682,163206.88058953654,162227.57204889224,164764.7961463924,167419.61685221814,164127.5265595604,170472.4680123005,166652.9027847035,165908.81130313402,167415.20422487045,167729.05099128204,163076.96725872759,166210.72359446436,167353.35532625485,163069.7409016454,192160.65638561934,178673.40625,176625.53125,175282.2420974406,150548.69151140985,161662.81744820243
1409,125500.0,120245.953125,115829.7578125,117801.2421875,118206.71875,117729.8125,115479.78125,121740.453125,122324.703125,120594.9765625,121143.5625,121769.6875,117248.6171875,119258.1290743751,113136.00946813799,118244.18286366308,120159.2619276596,120989.04219308832,120258.14632385466,118234.15377791789,117564.8927915488,117390.07476878587,116365.47754465278,123449.95590168353,120880.38501294806,119190.10208943838,117133.67280494173,117200.25023393056,117508.98742203416,116421.27419588457,118969.04769779425,115114.16172816441,115403.03289017772,115715.57541100113,118669.97685518363,119407.71898533871,118120.36144280861,117122.40095712115,117571.76931217594,107071.71875,113463.359375,113228.87847141031,118114.53630364443,117593.69472809749
698,123500.0,128682.59375,129055.84375,128958.15625,125914.1328125,125857.8203125,126111.6953125,130421.8046875,133813.296875,127737.375,129240.0390625,129561.7890625,134835.25,129608.41595831624,127921.75842352667,127514.04736730739,129889.15722063545,129043.45449999375,126131.34674446935,131719.35557348895,132763.28902864497,127649.92660327653,130815.21469996362,127603.02735743394,129021.97741256458,128694.39745679389,130443.8917051667,129645.9702153896,128726.94501421947,131219.24308433913,129510.50716113443,129316.99068153412,127085.93322882659,128987.36370342999,125573.14148977186,128595.72118955792,128468.80241920923,132007.36782183364,138361.58490956327,146855.921875,137100.640625,125715.65454436465,132168.92095542897,129373.45315590511
1403,193879.0,188454.640625,194516.796875,190195.71875,193109.828125,182975.875,189730.671875,185606.875,177716.078125,187222.0,187352.640625,178006.484375,176743.734375,177313.65545652554,185086.6139627045,179202.7561270693,183543.80042830342,173806.5581054121,182639.87611021657,178436.907396468,173877.96619167365,183349.76909400025,177983.846655429,175429.9473797279,173898.6555767365,186000.40676580675,191528.052319259,188508.8948382848,175185.48127716148,178072.97533062738,177763.53961188,179279.68022337084,189306.6774590999,172581.30440397342,175653.87889573988,173263.8595708698,174414.08087479867,170147.50644436094,189404.28004933495,201863.78125,193442.53125,192240.46399634393,193300.79037633177,179121.83680742845
1023,87000.0,115368.4921875,111374.2890625,115061.2734375,114311.84375,112677.046875,111101.015625,116655.875,110383.4921875,109182.34375,106372.2421875,108068.8984375,105655.8828125,118174.30492415407,116822.36422214797,111397.23961441538,113166.46884517506,112994.51166144309,114845.47141265139,114984.48977708467,112831.79983716944,113750.60825394183,111104.81974965798,112909.95526937352,112623.82705829598,114158.74770484616,115750.92157469016,112501.21575195639,115719.29167985238,112576.53743893413,112016.48281766154,113361.5835060699,117720.92972558507,110863.92224550847,109250.20604712302,111905.78911045035,110108.76997333967,116611.8701658437,115651.93842724053,102636.6015625,108525.2734375,106859.01136879544,96877.19333895748,111480.27032863506
1117,184100.0,198263.484375,199733.703125,193053.296875,198435.421875,207202.5625,188266.203125,186717.5625,194032.890625,190931.53125,191774.703125,193526.828125,191795.984375,197330.11731300768,204048.9448884962,197901.7089717883,195626.87405110654,200582.27673093,195340.4440999142,204638.58742332982,197909.59551969077,197852.5117952049,200417.28359964667,196494.62503780247,197271.50458776008,190846.16010300114,194051.73894046232,193981.21975894348,202522.10392059723,199084.91387176374,199679.73660110193,195197.61571052234,200862.17696687984,201054.56779391272,212080.80703992158,194659.89618918978,199566.9575199799,201560.5856951342,198428.08319677872,196954.03125,191939.15625,196210.1458519822,181086.8552016592,197908.46771529882
1430,182900.0,185841.203125,180616.265625,180432.90625,185190.84375,187540.96875,183802.421875,185314.15625,190317.78125,190091.5,194277.09375,188948.8125,188252.359375,189285.50435385373,186390.0002241959,188483.1990021544,184940.18159573726,192531.77649041862,189142.12862559216,188770.5265722996,190318.27117731044,187190.62516338305,187036.1842044428,192716.03170685787,193773.0789326683,187093.3255618243,183167.17440844656,184845.0359897982,192826.50937850523,187472.35635680504,192787.55444440918,187846.54902893197,184491.9409651946,189208.75935399314,192046.24489029797,188113.48496410658,187157.9500322231,190878.6392891313,189929.43461625965,186784.4375,183684.484375,187865.75965572917,186659.46433331267,191238.85647633788
1454,84500.0,139861.671875,134170.515625,139541.25,133814.515625,136910.671875,139618.328125,136445.984375,148092.921875,145276.78125,154080.875,147240.015625,139868.34375,138244.38621787718,138040.92735754888,135110.298812571,141136.55139923692,142294.7705320587,141386.98466266305,143520.49899864264,146739.18082727265,138844.03472794004,140805.6867672887,141664.4074828269,140000.7589890166,137915.94106960943,138863.51822145632,140515.07597196058,140315.28292667196,143907.31778384832,143452.71120121537,137839.6388605044,139378.7510132937,138633.3349672655,148487.97632615248,147066.36305723028,142504.99622826403,144879.7195652178,135852.2182498454,140472.109375,136602.484375,140809.86360506536,131137.32711850796,138541.03945453317
8,200000.0,213830.6875,209653.015625,217803.71875,212318.03125,206751.53125,218554.859375,213154.921875,214473.40625,218345.703125,208222.53125,207439.046875,215052.203125,197634.91448950022,209724.65791944036,202597.41880679602,204042.61859136037,202336.9390745,206848.97763900305,204508.03809158778,198220.675943468,211993.24306386965,213477.46496568905,198637.48952189708,196175.03411999534,211089.00247795205,216886.4133444619,205700.9750478522,203819.74955743982,210721.58060084234,200357.76785675948,213080.27156414147,212024.78458986362,215878.90685394115,205545.43383784062,214997.16278954764,224239.11973727122,209854.1377363586,219948.7099319728,228681.8125,228664.90625,226420.2888417046,225094.32301358343,209419.40253762953
821,183000.0,190318.375,189489.265625,193382.59375,193237.5,189751.125,192468.53125,191850.21875,187356.296875,193157.78125,191137.234375,187794.21875,187044.875,185740.0546616132,189605.75493926657,185241.42137640636,187630.5764214779,187936.58133649264,186769.51548319118,184209.63037736455,185292.55717161982,187727.1243586569,186648.31744388744,186055.39626268295,183142.36850470884,187327.77789136022,187011.07627829644,187645.8029275461,181068.05912001128,187585.1048476125,185857.90709919075,187735.92225015096,187105.82281154545,188525.28983173257,180420.14516042062,187249.8255995236,186530.64096469685,181972.74439387006,191507.69625077947,190822.515625,185807.1875,190030.00146040556,192655.70117368345,183817.65547760256
668,193500.0,209570.046875,204710.265625,208311.3125,204677.46875,211237.3125,207007.8125,213475.9375,209151.5,212008.96875,209009.8125,212179.09375,222269.0625,209780.51250459632,209314.3531724339,205095.96234945007,204707.7940486928,206207.8775173349,210241.12434448922,211389.60787659234,204979.10918732765,207139.28919449044,210860.56406611757,204910.567116698,210211.17351665997,207026.1742247038,210333.85122151804,205263.28191258706,208869.52341674388,207858.42928608006,206349.99140942996,207115.7775455265,206301.0275517725,213238.903238189,212128.40697793153,205187.40416406537,210375.6211328878,214411.05494566233,207569.0539511884,207531.21875,204563.703125,208088.09726953966,196269.6399477488,206345.30552501368
1390,131000.0,134693.734375,134072.671875,134266.515625,133414.265625,139329.296875,136368.3125,135123.703125,137400.3125,137306.96875,137086.171875,137853.359375,135332.9375,138380.65624008956,141432.84815144562,136762.67041184654,138078.57084299746,136244.17588217655,138426.166739799,137924.47940983603,139704.52330916113,134191.48695882273,135265.46781153994,139435.14585298632,139527.00873270567,136926.82617785604,138584.558251488,137601.82148556455,133210.77130657452,135506.9536391142,140261.59324953507,135542.9576410971,135737.23274356654,134462.01114071693,137153.19639277816,134481.31341544865,135725.41160303573,136951.54796565292,132316.4863626285,132157.59375,131051.9453125,126701.51125401136,135003.9171505392,133587.72346012347
358,134000.0,146627.515625,149294.375,152115.890625,149957.90625,141130.9375,148367.09375,145571.09375,136931.390625,138342.828125,137050.78125,129148.21875,129661.734375,140450.09540577128,144433.22612020397,138344.9513055461,137839.3598895532,137288.0146694547,140830.13794867275,140955.05717467878,138488.73599025392,144018.1470528224,141551.42052468666,136275.40465715836,139276.74547949753,144042.0704927102,141600.42404448055,142712.86432206957,139869.88069669757,139157.70868014614,136935.09218727992,144934.15890527688,142308.77858482342,138387.1308517736,140892.4042099683,131278.48749065257,137256.12779896907,144256.09083108648,152518.93141825232,154806.28125,147715.8125,146260.83658006974,136107.2716670718,139083.73182088594
784,165500.0,158896.421875,162721.203125,156520.390625,160176.28125,160418.890625,157419.03125,160451.3125,161167.765625,161253.8125,159865.46875,159218.515625,160676.125,161158.00330661904,162897.77365347912,157144.30189077472,159439.8212774795,165115.49592546458,160098.67887340384,161660.53813408094,160723.88680542246,159913.65074103072,155974.36007682534,163093.1487198209,163395.1422549237,158062.07810284858,156869.29195161987,157932.0576662517,159312.8446334189,159202.80491089204,163447.887272032,158870.5570939798,156315.34327389466,153693.37771267522,155222.04128721048,158113.94102287138,153689.90646383533,158558.16157275465,160092.56299977802,149690.828125,154034.546875,160796.79390229814,170191.53094758742,161314.78618064395
986,125000.0,121305.1484375,126854.7421875,127695.5390625,123157.0546875,121815.9375,124866.7109375,128091.8203125,116030.140625,120839.0390625,118856.7109375,122171.1171875,118538.4296875,121507.4598457297,114705.61064921503,117910.69037086923,123095.37338620465,122397.97237425292,120366.16874659296,116656.76454475283,123458.93893809685,122763.87546422765,117304.08107867347,116766.92928940983,125444.04948843685,124693.4217213478,119913.76561020435,124936.20874532861,121776.04864548451,120004.95265750011,121631.29451193701,126342.4879852953,119097.51350594957,118390.40891484838,120436.76030194339,121599.39758742259,120100.61608551966,116826.34711428697,120324.3326415207,118917.4375,130990.59375,117597.07900289545,123013.07138420735,121891.04605484953
330,78000.0,85493.0546875,92467.890625,90493.03125,86432.71875,85838.0625,88668.8671875,89601.296875,90384.78125,88169.34375,91448.4140625,85214.9296875,88299.1875,85218.6841351709,81770.68877584215,87551.87995830213,87212.19166653279,83845.08795163533,86199.28761401147,83835.85457547895,88296.12847897003,88379.50576671421,87548.7934776433,87832.21723554778,83739.70799792877,86624.9228203197,86915.32137890381,92955.32740049755,84669.93171060436,86638.78787544725,85297.81219505919,87795.9077482798,90141.93302165135,89033.21088423849,87127.78570326492,87071.3878364311,85241.29725556754,86291.88502788193,92517.49772256729,88494.5,89689.2734375,90983.34130955642,86071.08456090238,85079.22240164527
1445,179600.0,191504.90625,196662.796875,191860.828125,193888.390625,189586.328125,193137.828125,192081.4375,191774.890625,189648.9375,191629.109375,191166.375,188345.984375,186182.12861272335,189350.40228083663,188014.2783350656,187338.3615668675,189145.46478438764,187618.34980180563,190404.69117609493,185400.7531703222,188744.163639241,186538.64950878138,189994.65451593022,185678.30636957783,188302.8331656762,191082.82144858743,190908.25417670686,187826.07830021033,185026.98930299305,190823.2601826047,188612.27272497048,190628.43452078183,185799.099400527,185922.20703471906,189178.87239989,186982.03548257425,186781.47990144888,194393.20271285484,186771.46875,187864.078125,187245.38861855114,187343.25967222615,187681.22347052657
1118,130000.0,142574.390625,148420.171875,145209.203125,147113.546875,150081.515625,145494.203125,146791.765625,139305.71875,143452.21875,142435.390625,140054.890625,140634.28125,144966.16178457992,138893.22591207142,141490.14207017008,142700.08980697222,141127.99380707272,142054.46725331707,139474.46329033407,142091.77154923588,142776.03107101985,142864.62573878124,142030.39335900263,140869.745556817,140097.46355281086,138705.35120875662,140913.40218535392,146422.62303787467,143523.890518802,141360.15107772287,144377.9511176544,138939.4029445373,141967.03761216978,143147.98013141993,142780.68565676382,144880.81275682535,147722.2755017908,138123.4635231435,135162.125,131722.6875,135007.00657660165,136873.29926467652,144224.5470438097
1088,252000.0,267232.53125,264702.6875,253659.5625,260246.65625,263518.09375,258367.703125,265606.6875,266000.21875,265343.6875,258085.9375,270699.5,271985.25,280260.9911008688,279379.88715927786,282850.2419645696,282906.11775924556,281686.68430588575,283289.56703042367,278610.4098378325,280083.17110206396,275341.57230540673,290418.3348436681,283798.1117440065,274636.48978258605,287764.67150570615,270027.50283403206,279879.34234128235,276105.60611060413,290376.1273277028,277814.444762633,283883.21642334585,279465.53300202277,283027.4241522275,294589.1506786174,286144.23023690126,291695.2823302248,284411.22092726105,253957.36438892802,263963.6875,265803.0625,275174.77661540045,254912.23476195993,272439.46555928775
259,231500.0,211884.5625,215910.171875,216814.34375,218726.0625,215772.65625,213630.109375,212809.625,215481.203125,215566.75,219694.09375,215199.484375,214800.875,212954.97216919274,214264.72089792608,211787.89063290323,214969.2517648904,215017.4234831591,214326.07290101302,214888.17857271168,215669.91136282944,211952.02108028426,213955.0800814386,216734.41250155127,216036.7596022013,217375.8228022323,215295.09519416976,210741.19668480684,216683.4866489388,216235.3670757173,216462.86858944336,211155.9424406141,209846.37388054974,217397.09106470834,212387.18637059702,213762.11968098974,213940.22862961155,215857.3821035059,213536.03498348393,222089.0,224034.34375,210580.21976047073,227529.64805768637,218688.1903097692
1145,80000.0,89787.265625,89331.0859375,93672.9609375,89328.015625,90527.4765625,94748.515625,96954.5546875,88806.6484375,90072.2421875,92995.9921875,90039.0546875,93937.296875,96472.6086778042,94202.9892449057,96593.1713354631,95180.63544863359,97734.38982934026,93547.64778459967,98410.20074589309,97008.12684330276,93414.33679559975,92710.67210592118,95244.22768254856,93948.57038036865,95228.69293952089,92771.20367417518,94260.04096538345,96346.56436705204,97360.70986282396,96131.79386158843,93436.71920444627,89975.9191462976,97380.53930397896,87574.28947144885,95472.96186993485,86359.44549560663,97348.75045806654,98627.84563595134,71766.78125,82025.7890625,98104.38675823406,88043.63323655086,94235.78390279968
373,125000.0,116030.9765625,112849.4375,118432.3984375,112549.890625,114997.4296875,114352.1875,122653.3984375,112698.34375,114757.53125,110989.671875,115842.234375,111081.84375,118244.05428691143,116761.78650236646,111750.40361933569,117632.39160603718,118086.36935186993,119401.89053261509,119873.43312929002,114118.72002049716,113749.33033877677,117271.81637592481,117167.37220463292,117925.86093045495,112736.07404982147,119007.4108533247,114970.28994920975,107809.67914577044,114572.16150796427,114499.99855287658,113002.35780459856,111918.60494582847,113304.95683648078,114688.60441876203,113209.3368880929,109687.17963229174,113247.98181850283,116709.80960255493,104584.140625,112640.0859375,119677.87927679102,114616.65603444882,109468.3215969512
1076,219500.0,188223.28125,183219.984375,185549.359375,187683.75,186021.71875,185941.71875,186427.53125,184749.671875,188480.65625,186734.578125,182067.6875,183723.953125,181774.48865568807,182624.83722747173,188182.83362591921,187971.19434838806,180349.43980560268,185245.13624285106,183799.21961469474,187560.10257907314,189112.6022910426,182729.17768556776,180509.805438407,186136.1796698875,193879.09124845482,187827.8774610277,183485.8731730802,185865.22494307195,186019.80441716535,180945.70301790358,190475.96648914425,184923.03599939082,195929.86139461998,191836.78838713546,188597.16587978322,186207.06475947596,187047.65248211226,169706.65405056896,179099.703125,182048.65625,177852.5307988415,159520.12760690955,180365.5042014802
883,178000.0,174338.1875,180290.140625,174821.515625,175816.0,172055.015625,177285.546875,175767.71875,171154.6875,173671.890625,172232.75,173523.078125,172485.921875,175973.364744155,174156.2023308786,177489.1404052653,177555.29925845977,176579.44941938776,176691.3618707425,178380.2791710004,175330.6155630629,177778.17320302373,175985.64551195654,178416.14161808122,175927.7716589503,177103.96440173456,173859.8820575684,174430.35906301392,176323.18630023373,176330.0690532343,177280.59363428297,175575.82748017603,173856.4530641114,177409.5816751238,175467.98028563557,179762.79353715526,173515.64743401753,176105.55944932636,176099.21133897116,177807.90625,176679.625,173514.68482185455,179226.92410247124,176750.654144137
143,166000.0,130855.1171875,125690.4921875,131627.5,129026.6796875,128426.9765625,130507.15625,129053.625,132802.671875,124893.7734375,123359.84375,132037.703125,134848.5625,132646.13050970947,137018.37328114695,127366.27948108887,131159.7110795472,131342.83061334604,131673.16193302485,134326.2145064598,135715.39101885998,133289.1181239618,135404.8856500981,130899.18067131593,132331.50822243138,130575.21124939465,129623.15837268891,129960.89796078188,134506.17883868513,131639.43176795702,133829.59178687198,130215.86328073587,127688.46647830728,138401.31009757746,135185.03605900917,136206.10260164575,134990.82104467388,134925.25624824144,131863.13360440466,132959.828125,131403.984375,119391.09677045402,132540.21855612946,133891.84125291702
526,176000.0,177747.5625,184954.6875,179297.1875,183037.296875,185475.9375,179529.546875,184498.21875,181535.125,184092.421875,181921.921875,182176.65625,181138.53125,181770.1344720861,183194.30020641178,179082.07351392394,181916.23645290872,179682.39238925444,181526.51342809567,182616.5037056114,180199.63766946402,179205.07757553252,178714.1386238042,181519.88241695613,179313.4676156434,178727.83366453942,181900.99035993952,181602.17849891566,178060.98238729688,177851.1946894989,180906.1055737083,178111.09558833487,178318.51394707704,177580.7225489989,175918.96282556653,182949.7364896182,180163.55176269735,179820.3073719074,183395.90580468334,191282.765625,198729.921875,179194.25579926875,182835.04727724296,179147.7980220018
1108,274725.0,236209.234375,236038.765625,229513.703125,236360.671875,231656.640625,223723.46875,230050.796875,243191.453125,252208.109375,238169.03125,251596.921875,243774.296875,235598.66389994964,229766.15272821422,222934.99456891717,234736.85776002222,230129.91312471495,221664.30056892405,220018.0354852242,229832.48351906196,227224.90554212115,224639.18180027482,228343.76720303932,240743.41348175704,231164.08529032083,229182.19275760415,225814.19058628776,234032.10063994105,222011.6987133558,235070.6561235588,217801.87751975888,237939.00031682086,217146.76764313492,241659.16994347042,227082.90125009528,221574.54726155056,228627.08068574857,239814.1979461015,237564.3125,222668.34375,224481.25905519727,249946.23877583974,236593.76994915528
1336,167900.0,157819.78125,156950.734375,162680.546875,160758.265625,156971.546875,159794.6875,160593.078125,158893.78125,160788.234375,162390.15625,161941.3125,163617.359375,162409.4744694206,161309.87714873493,156742.86307854624,161703.11333375823,158893.4368657715,158059.18168444515,160274.3126783978,165582.85309646674,160297.91398822947,158430.92735300123,161960.65247230532,158394.42963590214,163345.64002420777,155665.78301632538,159768.03961981184,156350.42655384337,158771.82140123183,160276.1307933535,158190.08631657469,161654.17164935073,158182.20866074486,155645.5382167613,160074.5056763964,157087.970841282,158911.94741722062,170026.8862341498,163947.609375,161904.8125,161151.69868184123,160317.4899230671,157268.74362251046
1092,160000.0,154962.65625,158113.40625,155039.515625,151113.15625,152436.6875,154172.6875,154352.46875,157708.78125,156908.8125,153223.671875,156309.78125,153002.8125,158013.86086501306,156252.428292536,153545.24160124184,154289.88764209242,160632.77267346834,155259.79883372606,156611.73163846933,156577.0692152378,153086.73476573708,152299.4482176947,157456.96220437615,157586.60679826952,157547.44223186668,155262.63616737703,157211.12934081224,153175.08764537386,157350.28342809284,152732.87756727182,155028.17035034226,160320.81719275037,149002.23005394812,150335.54207683372,151552.9026134619,154755.87046966466,151308.08563334605,158212.23857142858,160707.890625,160693.734375,159465.88804291643,160170.45329903677,154773.1414504751
1388,136000.0,165166.9375,159933.875,166010.546875,173592.765625,162910.796875,165449.921875,162195.359375,158370.484375,165729.484375,161367.0625,167771.34375,172056.5,161552.11938941292,167742.15235567966,149179.0313465361,152532.07166648682,163027.195744406,156429.10456775632,155239.99201386847,156057.82470061176,157442.94552668813,149235.07587446552,153997.33862717613,160062.59861358127,149050.142851258,161295.33947725574,153267.010820772,158162.88093536042,155263.4772979621,156529.58836577536,161259.61562736184,157249.28680808682,158272.82169040004,148961.58134036916,166202.0011248191,159477.80374161858,155074.78319653403,175835.27759398497,191883.578125,163871.125,166691.77794976623,195992.99393030736,166093.57572822712
441,555000.0,456359.46875,457735.96875,426543.25,444116.0,445120.0625,439023.09375,441463.6875,487764.875,467209.21875,477872.03125,471437.03125,438847.25,460289.41881512105,473987.7198251248,441927.623809628,451597.6568833135,457144.2010617074,460152.68305087445,490999.65490796545,475329.6797389249,440748.61409442156,436095.11112567363,436133.52878036327,455033.7103285227,449924.7397493865,442307.09313101677,441700.846329611,452126.3415080662,436724.5315771469,452644.8282817529,450486.2935789628,457063.7211241605,447277.46150215884,454274.9731122102,452414.8574439131,448683.69403642777,447350.5351383768,406789.82857142854,391977.5,426923.375,455243.63028518687,434750.0486297236,448467.4369077401
532,128000.0,130933.765625,126922.390625,133769.859375,132965.625,133611.75,128542.3984375,133338.453125,115243.4296875,120033.375,119214.671875,132128.9375,115989.640625,130079.15706757599,127128.4363992417,124638.40549742752,129193.77392358994,132818.78914307148,128359.36814864246,132331.68352769347,125334.40396804536,125113.72204229329,125820.2368699639,132491.6276958795,133434.5342604656,127264.106479494,128503.00749644783,125248.28222730893,131053.796376613,125668.87992237772,128000.98830337093,128862.84475172784,130802.72648506823,124559.22254408097,132234.91041287518,126100.17373078101,128897.27554446067,130494.5003793615,135289.63745421247,125975.109375,126292.3515625,128293.47671696256,130059.01735591427,130712.85521497569
1170,625000.0,436104.125,412423.96875,402694.59375,408457.28125,415268.375,392989.71875,388905.3125,452640.25,453125.78125,440762.0625,420981.46875,429801.5,428601.1808142624,441324.52356635185,444896.75701553177,454550.9677227967,433392.050264874,436638.172383722,432711.9779974702,444558.80803021154,448745.87124566454,459382.0854642729,432490.6095185195,436703.7230053979,408783.06228934,400684.2389524473,427502.1029371398,471858.5532415272,454760.0958776851,428978.1897844701,446008.9911340837,424392.938020766,438022.0751497029,464243.9344557836,454334.3407703298,474949.66359531705,451523.25130248524,392900.89857142855,448011.0,496379.46875,460437.3547356137,386811.6725396273,454414.7688082354
227,290000.0,263838.71875,265734.375,266716.6875,261786.5,254291.0,264160.21875,253461.28125,254521.671875,263417.9375,259547.078125,266610.1875,261066.453125,263318.89159875235,253310.63747889403,255409.4796963341,258682.56539166317,260842.00218156914,261122.1265374078,262197.0139769606,264203.51255509205,260693.77279403838,257832.74195180874,256943.61782456655,252941.11529017292,260793.1755023149,264719.2387502777,258774.8472845866,261898.91163006888,264044.68105260003,249990.70241059878,261703.1172812184,268803.2695843426,258337.47485450338,255592.20630056722,265856.63621033146,256734.98645704272,252412.55137574367,278450.0557142857,281552.6875,270203.71875,269239.56965386926,267246.2959694032,262879.5548679856
1001,82000.0,70112.875,67285.40625,65053.46875,69014.734375,72574.0234375,66497.3125,70758.2734375,63106.3046875,69781.8984375,62839.89453125,65459.81640625,69706.4296875,65176.912998681124,69522.49647745665,61968.613470251505,64294.48126647961,64425.02112776921,61478.07158212788,67205.32124794839,59115.42780886764,62226.180424798185,60662.43775765393,62953.208421722506,62844.10953265134,62493.987447657964,72705.90781059353,63605.151126934696,62949.29917725611,60816.777384846384,65021.33886279154,61738.72564894885,68863.15650011483,60937.583350646004,61535.534514605184,58630.1942315385,57301.89756112084,60012.761456280175,86986.71428571429,63664.0,72323.2890625,79753.0795546172,67052.78242592409,63800.24000915811
229,125000.0,123778.7734375,122938.671875,123004.109375,123923.2265625,133573.53125,121277.5078125,121382.9140625,124362.65625,120959.6796875,122031.8828125,118419.671875,122909.0234375,121792.94388124628,121961.7287154747,122609.88923398522,121568.10729529102,125761.60022952694,122020.54206943189,123882.09718248667,123265.01952319175,120684.39960254033,119324.80113367838,119768.53363993694,125519.68990918902,120898.98536360281,122498.2814937564,122399.16548527264,122617.74384106482,119447.81935454677,125911.68048463302,120437.02778537988,121177.92646370412,121694.39498400906,126170.2119608202,120288.52685323282,122744.16327406201,118638.33441517086,124907.18696941035,105485.9765625,111813.9375,113824.04705294689,111886.89416840622,120291.67366337836
1247,186500.0,193926.109375,190832.171875,190482.34375,188418.15625,188283.609375,192337.703125,189294.5625,196084.1875,195786.421875,193187.203125,197355.328125,194415.796875,193749.02231966564,192212.9893076514,198810.01569629452,196219.36386247177,201040.57457647874,195878.9825121463,193026.44284586862,190467.8262493254,195746.77148485946,193272.06857224938,197417.5759154122,191516.77956080032,200762.2528916382,197224.7699926604,194819.42552561956,194142.84625184388,196085.79186336402,195016.80630870312,194537.7682315158,201033.45385989244,193525.93016647248,193436.66703699602,192512.96566550274,189666.5984906817,191808.58984699112,192952.6300221458,204439.390625,199150.734375,191467.43427455003,194077.48417535558,193891.46664323375
1320,111000.0,106102.390625,108547.109375,111287.015625,108066.3984375,108665.2890625,111122.421875,105359.046875,117765.46875,111947.203125,111877.6328125,116499.234375,114953.625,112640.88640693473,114153.11378383452,114438.1761694871,113921.12203762501,116522.50059834895,115164.76794151358,111051.90030356456,113233.7286566747,112121.38095457919,116440.34813935195,111933.55876297591,114888.22898321542,111173.47348207871,109710.88756781592,110356.55387401998,115856.27095480586,113502.38954572883,116841.96025341937,114061.9282008122,110163.06066348273,109580.69660923771,111874.66462342007,113989.59306980268,112638.6628563393,114052.08143268776,117434.9834943038,78350.2578125,99295.3515625,115052.27625560237,118351.59111931473,116213.08773240537
213,252678.0,241538.609375,237532.546875,241070.53125,237696.84375,240268.8125,239926.71875,236533.171875,241128.40625,242728.984375,246088.234375,234783.203125,251788.015625,246961.85704639522,248565.831176007,245721.09927087591,246748.14887559094,254166.03604565843,241408.27132214094,246664.1820985078,247439.45054942017,245308.35565714625,250503.21155313175,253913.58515116316,249050.43986497537,246940.36034261764,243116.63028049696,237830.72482307194,249912.96324301307,247273.61978715198,247358.22580134653,250019.57850041543,250468.5462013312,251727.9997826966,251188.69466018834,250582.8832004536,250314.64737937212,244055.06323449934,217990.79892857143,244762.578125,248966.453125,239547.19890897916,243302.26232426177,248417.83469278182
80,110000.0,123607.7265625,123026.28125,125145.9140625,121597.265625,115697.6015625,123924.640625,123332.3046875,113611.140625,113903.59375,116280.1796875,117668.4765625,115579.2109375,125086.8818228384,119388.74711777474,122322.57644449106,123359.73991520745,121601.39014621371,122619.3413990515,123464.89170935322,124598.96203602942,124910.877491019,123744.8792428573,122066.91574647075,123019.35743646642,122062.31794802417,120526.49940453484,124964.13701332512,123340.09224776566,122823.54669187662,121837.03450115286,124112.2316243126,125650.74766027668,123107.57897045642,126925.76778556725,125942.0998031298,124783.81963126341,125713.78124090731,123928.77420931826,113903.5390625,116211.8203125,111841.522741719,120314.73334886924,122606.94297620584
149,141000.0,146079.40625,149779.53125,143792.6875,147991.90625,149599.9375,141524.5,147146.65625,141183.8125,144660.125,148119.703125,144907.90625,139031.125,144057.9518596788,149973.73024698728,145804.92137922568,144809.52930513181,147308.1807239129,144283.4804476958,144587.3558008107,146293.4772764762,146990.70866452268,144038.3452103154,145904.63628532804,146703.75598948533,145616.76156003156,153344.73072912643,153892.52298278286,145521.64041928627,143864.59487385405,145611.33620271197,143728.24370988502,149943.45403271596,143353.33181133136,145836.92775186017,145206.4103064571,148159.40155675384,145693.01537738132,142638.57193292986,159451.65625,150246.921875,149431.42550589357,141748.5485989413,144925.81518263282
815,116000.0,116826.328125,114693.2734375,117669.53125,119083.8515625,118564.1640625,115951.0,119125.0859375,115994.3671875,107049.1015625,111738.75,110803.796875,103301.15625,115434.42265785046,118035.62106347198,116695.59942036719,116686.73162838288,116391.49315831983,115779.60367362328,117268.22823877369,118271.25583292113,116046.81859691675,115688.59630628605,118346.3833012399,120148.3054212541,114295.59013457206,116685.1869262399,115601.46472152631,115277.43093012203,117983.22059612248,116933.45905738765,113480.04186580783,116858.93915135002,114027.57556399745,112958.214016796,116652.000137093,108638.40493276596,115038.62416515715,116441.73436385959,92896.2265625,114142.0078125,121624.20684513121,114891.2476579588,115004.63881410088
1068,167900.0,183343.734375,181476.109375,176522.984375,181190.421875,179702.90625,176121.09375,175955.390625,181851.46875,177130.1875,181318.140625,174265.734375,174244.15625,177339.8282098224,177859.6535155076,175330.76225833237,177886.73738527088,177869.83405681522,179760.644762036,175895.05574988914,170620.3424541969,179910.420988507,179677.94172145549,174219.8176756701,177223.71355706546,173818.95857248156,178671.1614968712,175706.34107033318,172237.8549213449,180279.89602774827,178139.67745527037,179578.95123007795,182936.31072579752,189767.62970612047,179884.61694168768,184241.46730701288,184329.00771206926,175287.29696660873,171158.67909602303,208905.03125,197380.375,173650.05223247936,177851.00904603495,173939.61695658782
870,236000.0,225531.71875,232732.609375,226663.09375,230865.984375,226971.765625,222621.625,225720.421875,217709.4375,223195.859375,221504.125,225408.40625,210694.796875,228230.25860518395,227644.15001296272,225027.8485610444,228710.06287980528,227127.03333515528,220415.18123245225,226041.60834619563,221101.94692916682,225255.79383705775,222843.0043778473,224838.88826642724,226519.6368731333,223004.89695786356,221977.17071628635,228894.18397763284,222869.90159632466,220938.18350646034,229302.2786415095,225110.8142623019,222440.0486774545,220073.07053134558,221601.4262046078,214229.50044816599,221646.24381978848,220547.61116154093,229462.98900656716,228944.765625,225246.6875,222237.93874498154,216037.58029715228,221408.26258311523
672,103600.0,120408.8984375,120452.203125,123978.4296875,122316.9765625,118608.3828125,118590.7421875,122833.4296875,115285.9140625,117174.7109375,111483.078125,114520.921875,113775.2890625,123869.6969753385,121987.76281640695,120756.31730691857,120122.5633470789,121100.67883558912,118224.48208114579,124617.17157209126,125148.16427652496,123826.7199255829,121396.77731180379,119834.26791243622,124536.51611988929,119233.84642725409,120449.21144293158,113133.86499478192,119864.7990207538,117677.69282518573,122425.89845203266,118361.53775020613,122497.92093754339,119579.50652222535,118885.49752117443,118036.09157639234,121263.12056178416,119098.16531758812,121915.7849071167,120985.640625,110809.703125,116217.84645494091,119759.69184837698,119848.43909840955
1125,163900.0,176643.90625,180086.171875,173675.234375,177026.046875,174308.265625,174733.0,165555.359375,167842.28125,170688.0,171571.4375,166103.25,169980.421875,173282.9371647132,175236.0726934135,173585.94937300336,175790.64691544793,168812.9989116031,171695.79616080693,172164.44316657027,175357.36887750527,174125.6810869583,171513.85039242604,171146.3617114532,171824.5154270273,173093.6186731932,170891.7653815814,171030.18831564608,172294.65423137424,171126.39147281667,175194.2702804247,171824.17777188023,174453.9049739676,168281.48959622014,170821.219816306,171999.8028402428,171147.54662803124,168317.38074219818,176133.5428071323,164150.5625,167808.765625,174420.8804089899,172994.06483442523,172420.19095802307
556,113000.0,114396.6875,116078.6796875,118314.421875,115250.4921875,111510.859375,120155.15625,116237.9765625,112850.5390625,112517.90625,115861.8046875,110741.8046875,113704.28125,118243.05165947421,115874.42966163803,119604.42381650367,117444.80517980235,116002.07619408783,115675.23998043763,114917.49762512195,112921.48182585147,116039.61704356634,117411.151757783,117656.3849252122,116798.30975857958,116473.73297172606,114040.06978333875,114750.43536962844,118497.04452808434,115510.28885127087,115345.7114955406,115904.96108011866,111856.30136622157,111393.5207176286,113515.1572953785,116288.08729678298,115783.75150565567,119471.12900593055,117938.97993548142,99945.7265625,108317.5390625,112257.3518906896,111812.51912109957,116913.6207477734
865,250580.0,196079.625,187195.03125,190966.53125,192403.375,192881.046875,188133.734375,193397.34375,201151.078125,201531.6875,201050.96875,198944.671875,197158.609375,191898.48394027908,204262.94842091153,200184.24575843386,193682.04306218875,196352.06400814705,196656.09755929437,194461.3231556567,197039.03418665868,198206.45477317995,194983.87826582292,201025.34224792384,192257.05663810056,194435.57771374253,193562.6387230316,190019.98090624696,197496.23799249556,196970.78766416403,198994.5939694088,196736.46085155447,194833.07633032752,195182.3445694779,196997.69041677556,191054.8952551457,196989.71693101877,196113.2632711833,199810.02185596546,218734.90625,206135.484375,206057.63614715583,193572.74571008503,196803.27281309746
134,220000.0,209836.640625,208806.578125,211252.421875,212866.046875,208972.921875,216499.453125,203866.09375,208930.78125,209132.71875,213874.15625,213966.46875,209374.21875,201702.82217960493,207434.58557249044,201286.33609996998,206939.9601507309,211761.29286307978,206608.34875267002,206659.17755303546,202110.31494544272,209024.02404785965,197860.41143827394,203642.77511327146,204153.62678258968,207799.1237473548,211738.4368048181,208364.6748334613,204482.00680970337,201804.53108768704,199148.81131642094,203088.23495607387,211836.31989807019,201128.86704914557,199717.32685506903,207238.9831374801,201545.46743279623,203376.83907750426,226950.0174489796,234905.96875,214122.90625,215120.69188059735,213688.04397148098,206401.0460503441
1080,126000.0,132050.328125,128848.2578125,128302.71875,132160.578125,134385.28125,131665.15625,126771.4140625,135614.796875,133568.59375,135483.84375,134198.625,132722.359375,131470.82125190884,133856.6565775792,129452.85774080415,128916.6570338427,129172.77350272595,128684.16879500111,130935.54138786293,131589.37652060628,131784.04113476333,128993.86995858932,129166.79360104748,133230.04990816672,132127.1493426787,134446.68801650192,132685.66327980653,128041.13047510372,129481.5396759331,127400.78649117728,130379.94271046169,132086.37278708004,130985.19551169677,129210.92701938683,132163.09946594594,134416.68523573264,129519.84062539975,134039.45175643745,128318.078125,134654.046875,134616.4435880989,132352.2308839513,129304.99043935532
824,139500.0,145170.71875,146425.734375,140268.8125,145924.15625,140363.15625,140919.65625,142855.171875,140795.71875,148865.59375,149645.265625,148808.359375,145745.953125,140460.46638209146,142415.4151532513,140989.85538538892,139736.12230564342,145558.82245678236,142211.1081545884,141922.39986619295,138780.71851512557,143910.30256374422,139641.18633539637,142813.9949636556,143450.4132048054,145028.80342629377,140995.92329223684,144186.0893410534,140371.41645141016,141554.43454867048,145630.371379117,143517.87408390082,146292.09011157855,143986.15228993277,134549.92412444446,141684.58288592723,137614.01440081932,137638.55045800895,133941.1173148701,150393.59375,142627.015625,146568.87434696988,130938.69074050433,138415.68111374578
409,280000.0,265864.6875,250244.5,264770.59375,258291.328125,262368.34375,265004.78125,262966.5625,269697.375,263482.21875,267538.5,274656.28125,264744.96875,266522.01815871685,267994.1348512244,268635.86040076404,262318.68838885956,274600.3587931244,266081.4874237271,267858.0487169327,270319.5393442184,268029.80303631735,265365.28206061694,270555.4201478714,278850.0882414753,276007.1593142295,268069.6099849243,263349.77963161794,265959.29431783414,262775.8985883231,269935.03452576126,268582.56644803705,269692.2611884551,271858.79266552936,265406.5566684365,270107.0091922683,274789.8988193085,263935.6993693399,276643.49254578754,281629.21875,281103.0625,257501.3137505625,281547.84932821186,269406.69191161287
983,159895.0,178992.75,177085.3125,180128.9375,182704.890625,176278.71875,179865.265625,181305.203125,173465.875,178573.71875,184269.796875,179696.4375,176088.71875,176130.35206071488,174149.77140288343,176078.99920866612,173417.16654312945,168476.5014922084,175385.38200837778,176461.31627522182,177133.83564203605,177824.70033724536,176981.9336194332,173441.48684512154,172663.47373278215,177185.74072961227,178971.3647244041,176525.5332525907,169917.1569506452,173395.09719877972,173473.40833324022,176123.2213098919,179461.96973241438,166377.3857696364,175529.652572799,168418.90714251823,171040.58470280262,175763.62454139808,179578.907925998,190658.75,180579.75,189524.60759081255,190050.1310929744,174389.06033767055
508,208300.0,184388.984375,180656.0625,187959.421875,184746.84375,195651.6875,190555.75,194936.859375,197459.984375,190743.875,190770.859375,192839.46875,195553.3125,191758.98226640906,196576.3562976375,191141.60470761228,190987.5113083811,193132.4560481096,195986.04546509794,191046.94359265105,190071.25352882463,193017.21383078338,191099.26445386666,189209.0049662799,194471.2953187821,189440.39076090997,186753.1918341202,195624.03421232905,192591.825104833,193620.06120268677,184859.07518569726,190433.09351666842,184857.22219287156,191070.34975195903,187814.28876562693,197441.99510857213,191304.56677854893,200566.94948261097,183753.37994202226,187194.875,178983.703125,188075.8427256371,193201.2907174743,192590.25956205302
1151,124000.0,124015.5625,123123.46875,120365.2734375,124247.46875,126973.96875,120675.375,120545.515625,123237.8671875,123038.8515625,122526.796875,126985.921875,121684.28125,124716.49805574182,124253.96265843051,118450.05289645257,124531.54943349265,124574.55330890729,122354.4898390087,123518.79035736363,128000.72241408892,119778.71794301353,122182.97382319026,129134.08492386724,127046.46425086175,127118.29219297915,130685.85507153688,124350.28567337462,119017.70279706233,121555.87769338195,123767.17312229551,120784.79388522172,121782.31497617724,120102.64463725136,120120.43827317872,122497.62426765148,118199.92097679473,118454.63670480464,124872.59283516456,128957.046875,128339.1875,125339.31441194558,125322.75574067447,120369.57022829144
505,147000.0,145263.359375,145627.890625,147545.03125,148581.765625,140168.265625,145623.03125,140775.515625,138421.40625,142535.15625,139659.40625,142262.859375,143043.375,145013.76690152573,144630.74498262774,143789.50777040236,143314.82343882832,145382.04219397926,143055.3488164918,140896.96081850133,143063.34544738155,141041.5930996808,142700.7318973224,144180.04195326284,144063.5214451887,146634.59613035942,146504.07188769028,144229.49716384988,142861.66813321132,142138.673885635,141549.37825347725,140024.81694961793,145046.63844212133,148213.5077117355,145238.99978504772,143221.75227073758,142241.04701497755,145105.86768780422,149956.43672251538,131486.453125,129155.328125,132541.6373414513,147635.03532876913,143651.8653872065
987,117000.0,126017.8046875,126768.8828125,127449.65625,122473.15625,123729.671875,125960.25,124816.9453125,126983.109375,135399.828125,126823.3515625,121486.1484375,113950.4765625,120941.66104751578,132355.5952115748,123088.38328689928,123356.75923862809,122896.58390458295,127405.91018262207,123820.10817271427,121176.89084075193,125173.94943606776,123644.27694996138,122190.97698698132,120590.8894835917,122395.16069406367,125982.22467672722,125094.5437501922,128271.50754160668,122799.14760151556,120815.60408079442,125482.44586017053,122288.65484013509,119392.15916288031,124281.68243236671,125747.36920193264,122240.03021029977,125620.93296352573,133900.14499499332,125203.359375,124322.265625,128436.25063071624,114018.41499364922,125092.36706854073
348,157500.0,170604.734375,186419.703125,170472.34375,171275.90625,175833.953125,166283.546875,167787.0,151106.421875,164706.765625,168726.234375,165838.90625,152681.34375,164689.24926158626,162937.2067242602,166819.69669961292,168805.7018037454,161229.6371276334,162377.84082400793,161901.83838842952,159905.8361227887,162491.57816503223,161954.56062367806,164170.28653447554,157945.91478444086,165890.90781363437,169694.65096418018,172049.2860356936,154420.61327782422,163040.3611821659,161625.65249206327,164158.77913898192,173604.27080155507,159797.62333663338,158306.09025698484,160593.96558117357,163115.7784671822,159709.97958868893,172627.17564105833,182167.125,179289.84375,186710.34727307738,180889.8063245599,160717.62056703476
387,81000.0,94072.515625,86842.953125,89939.984375,96829.3515625,97364.109375,90658.7109375,87491.03125,106521.0,100435.78125,100573.984375,103136.0390625,98599.875,89003.73551425064,87485.76279299459,88848.11408580317,88233.5577746916,84460.44243775505,89150.24090465436,92137.4958377806,92801.17518392783,88872.75202396911,93867.27749811398,87820.16089211199,88999.20824475242,90287.55076689701,95171.01302015624,88249.392984784,88642.37519063643,87491.41105136332,91922.66565199848,87912.3982774533,94908.60407872504,86701.32525076544,87392.99154819104,91068.99482205993,88720.04369047431,86172.089260393,105832.46679035253,70639.3125,85724.59375,81781.28601392158,94353.36443772315,89708.52212392353
1,208500.0,203896.8125,206179.328125,207913.1875,205589.890625,211742.953125,204328.953125,208569.9375,207837.203125,204182.953125,203733.296875,208671.15625,205800.734375,203721.43372466182,201543.17481830242,208460.92047284424,205377.39962883442,207737.79333250388,205312.01187409958,207019.603823706,200728.43284449086,205081.34296649703,208083.3273824354,202811.37207420747,212386.67334788048,207705.05986655358,206074.70795613268,203594.92349204954,204567.3005830731,205411.93167231174,206496.97959295142,204594.3886628715,204673.07335885684,206290.03542509585,203623.32009897614,206365.7227101292,205446.30225463753,204005.35088708586,208405.7797265104,212186.78125,205734.640625,203247.59179826407,209757.1803232397,205647.5695480883
361,156000.0,147282.984375,145216.6875,145430.390625,145636.5,152460.390625,144343.375,146118.0,153505.78125,150516.265625,150268.296875,150539.125,152694.171875,145945.77932470653,146994.47941252115,148347.64567240342,145999.8195819466,144915.7899644762,146834.97160434042,148811.9784725866,145704.96969501043,143567.14179556552,144757.54668239583,144869.89627280177,147388.9631607899,146458.295573329,148461.20273433795,145891.1446062724,146983.25764206392,145558.1481304864,144145.87856820977,144928.33692584402,146502.85246310633,141994.59531425568,147553.89390363655,144862.82683742468,144413.21585878666,143761.88577732613,143289.7496494525,169838.34375,162322.859375,152090.05352187238,162470.9216029556,150118.42600419137
829,185000.0,177740.265625,173992.859375,177148.65625,177242.78125,182754.03125,176330.171875,172897.015625,182903.03125,186089.796875,185947.640625,185601.078125,198120.125,179014.4273336568,177085.57968396854,187512.3303475099,176252.29393834737,186362.46092285073,188037.22577152235,181879.44713265536,178296.02215925782,176733.84578550956,189892.8756881576,185459.81931168688,183387.7472550879,178322.705166341,174049.60793383635,179240.10079917766,186106.36126784686,182969.4859011718,190395.41483955333,179352.69325465112,178229.78529261294,183192.0512725405,189146.58211468282,188007.84059003848,184569.07498279802,190135.7876136657,171725.83207893244,234187.125,225143.171875,189407.5768347078,197171.09396659196,188353.96655665338
1380,167500.0,153287.765625,147675.8125,151010.4375,154910.203125,152950.875,152338.4375,148853.796875,145955.53125,149301.609375,144314.703125,146602.78125,147224.78125,149829.8298591505,142464.08931139528,149253.0090507418,149089.48512469212,150876.44498386368,150271.57481640772,148126.5688219041,148860.25331196218,150969.54353104226,150201.16019423876,148679.46920730625,149197.1474049596,149505.8305578744,152232.82214118395,149396.22163162785,149058.09153333947,147851.2748953705,145727.37890892592,152898.89960234406,152187.86633154194,152370.26138888995,151767.033838174,145317.46484093237,152858.94613804173,150625.07279489774,157299.82763809708,139127.984375,148542.375,153623.59140789637,160403.91303555138,151617.31181881126
476,132500.0,136279.78125,133782.859375,135606.0,139034.09375,143325.96875,139077.1875,135502.84375,141641.6875,138500.3125,142326.203125,141879.171875,143430.140625,138035.72932309407,141636.6177429486,140009.50694025634,138232.10939964544,143914.8397834841,141093.7731572879,141934.30058317352,141326.95820803283,138081.06554139627,141807.725319872,144447.76716880148,141081.19583182377,135708.98850664243,136851.8199701793,133741.37413355912,142712.71522507144,141518.32667966915,140823.491765921,140801.2931303421,135106.00126227175,142016.31283549304,141505.92620379466,141861.9586870854,142320.86413781668,141734.6046964345,134663.97577088274,156754.609375,138658.953125,132144.49430256482,142915.85436016828,142573.9195484473
1248,169900.0,134332.875,136603.0,140149.28125,134344.265625,136301.09375,141565.0,130967.234375,133677.328125,137847.953125,137510.15625,138403.875,138029.75,134882.45423659123,130127.33581015578,129311.78550394872,133986.8157956449,131674.34534443068,135014.03772841248,133068.32036635917,133056.65063065814,133764.00681960466,131072.86898049433,129643.8312477234,131979.22163795496,132911.46443890317,132816.2827855943,134994.55933741402,137230.06924841527,133871.794174837,134847.20210509445,133367.8044496612,130115.80781327025,128590.02776577075,127168.40975169065,128688.58196105534,133996.06483114624,136339.78846924135,147922.27271260062,157997.03125,146643.171875,143798.29666532937,137642.21180649198,137273.68822203198
58,196500.0,194797.484375,196789.4375,201819.4375,196150.515625,193552.140625,196133.671875,196448.734375,191262.234375,191640.765625,191634.984375,192831.1875,192809.875,192911.39746662535,192282.98934416004,193355.67852351282,194201.3190879617,193623.8686318159,192606.73767399948,196202.8373657999,193048.98904375985,194213.49303126874,194909.67688561455,193136.4475479159,191860.06391630849,198737.90830185803,197597.85103350182,194092.06682006648,190462.35487399437,192048.17401410165,195351.8170678839,194719.62640798744,193275.82930710327,192691.69114250157,192449.906808006,195197.01235855414,190761.51346034365,191954.30042313985,198522.07730856675,195334.0625,196681.9375,192628.3887853274,200721.3419307728,192608.2550499052
638,93000.0,110049.4375,109452.5234375,111592.03125,109826.4296875,108602.8203125,110130.4921875,111511.1796875,109986.375,107015.1171875,103527.765625,104123.8984375,107059.546875,109317.90356884753,107191.09699452636,107539.02513071778,107132.40382119513,106820.87301319078,105376.1150875688,111317.47346315967,110469.81068258973,113903.24918864231,109821.68552403542,105641.54698641504,106134.43137283182,112457.82100754327,108216.53018536426,108164.46648445696,108921.10983740509,109457.51665702958,106108.11372382389,111210.01847728979,108606.02566865059,110191.51641888903,112572.03629745652,110714.0148771051,107034.21163413678,107714.8402020422,127902.51259329617,84585.8671875,104158.2890625,106787.39310372999,105294.195089102,108063.07098583272
1274,177000.0,156581.609375,156903.890625,157376.859375,155055.34375,158647.640625,163826.28125,156014.296875,154498.15625,159999.953125,169433.953125,167674.421875,173407.71875,162896.62382643844,160981.60657868834,161499.99892929132,166378.60277976547,168794.81820940442,161835.03086444328,160802.03889992222,157924.76786720942,163330.5663342482,165424.90355748733,156614.707504113,161296.1859513361,159475.33631259843,155491.49711913915,158491.21638060815,164771.20150211145,171497.5733350229,167296.20127131624,164050.54739542527,157242.5309105469,166320.6833379315,171807.0712176298,173547.1023939409,168956.92938952235,164586.28092807124,153921.40439273557,155039.578125,162006.75,168176.2223153964,160264.57885225434,164085.50374426148
1027,167500.0,144754.734375,144530.703125,142407.78125,140317.390625,134252.3125,142808.59375,140059.21875,144181.84375,141800.9375,139835.4375,138764.578125,147477.953125,142284.23516283583,140386.82235349494,143012.18867245445,145528.3677492449,144789.80094915358,143087.51771414047,139124.83998822607,144512.39768533185,141346.53566619355,142938.571834853,137645.30257526567,143389.1165324353,135991.52860900335,141251.88825683744,142773.76070654026,143329.77898793173,147549.51211179883,142254.8656903217,144942.9850766148,142827.7708296775,143433.78491445584,144297.4022704616,144663.7391093108,141128.85987042353,147873.32957811715,151007.50210698257,147284.0,143459.296875,137401.66437740825,144585.67171774592,143398.54382289381
910,174000.0,166647.890625,166883.90625,167721.71875,166865.609375,168037.609375,166983.25,165840.109375,170679.25,172348.578125,169206.296875,163892.390625,170336.984375,165128.83737905344,162956.6969777532,161710.79248406392,164570.68457846457,164297.87766361432,161709.31548212148,166140.83168999743,163892.56559284602,165360.78821938418,164286.14185458558,159662.61909252722,163871.2410483012,167406.48037937665,168887.4564150828,167001.70947051878,165067.79385115622,163049.09819655682,163488.6795170516,164190.50408072196,166741.7610979573,165231.8714570263,165696.67776024283,162960.41111879033,160998.20299759347,163927.77673478168,177448.31840749635,156902.203125,163342.03125,175526.55867691402,175675.20509073578,167221.03091328658
173,239000.0,211498.75,212365.828125,213777.875,208048.453125,201185.46875,214510.015625,205755.640625,214986.6875,213365.625,209753.875,203508.96875,209418.0625,211601.19893709506,214734.30051166294,220493.41702789316,221804.37196406233,213011.75390826823,219889.91649333466,209918.42951450983,207226.56583553855,214477.64785375184,215486.8557459766,219710.54667467444,209175.88764955208,218577.2994330123,211052.12736270047,217931.9170948973,212944.2701670938,213270.13470440672,214066.3695641027,208492.00940623513,216990.6868544564,216755.91374797918,212528.30033368085,212134.823325945,216667.65253755005,214012.05501694483,209544.18904824482,212102.53125,216849.09375,211897.2818203571,210263.4482501331,212543.14522471395
451,110000.0,112326.6328125,116817.6328125,112320.6328125,108816.6953125,110345.59375,111919.015625,111863.2109375,110611.875,111394.6796875,107943.671875,106359.8046875,108220.3125,109016.84430487499,111817.55265207487,110323.15498608348,110106.60473367896,111637.62008498178,113111.30343913898,108237.49624429108,109688.17605644742,112167.23987027803,111828.23654730483,113878.4125978645,110855.41693868003,112452.58128645539,109928.60929637897,110795.3183985126,111467.84724724195,111020.13809847765,112217.97531870472,111947.8063677066,112376.47208176578,110126.1345169443,112307.87537568652,114143.78938547953,114191.12962641333,114877.55988093089,109778.78115027827,110488.8671875,104671.015625,108288.59218257798,104107.73327721361,110032.32511133543
126,84500.0,88902.3984375,86564.625,88073.109375,86910.4765625,86151.265625,87105.0625,84909.2421875,97448.2890625,97434.78125,95479.2265625,98928.34375,90125.140625,86860.02818819598,82137.04405635443,91970.10141105755,87723.21314327576,87544.77133762899,86889.14817024404,85223.637603828,88720.7457067189,88709.42746106835,88808.02146051441,86168.37473835736,87447.69807654298,83718.98819858217,88040.60144051824,84371.206461013,84490.22573786683,86837.80986292177,88201.18417516717,91983.54812607485,87430.04781114882,91136.91800321445,100543.33779399401,90077.80937463063,84661.07836586726,88495.01529797449,95264.92561533704,113316.5859375,100260.5234375,91358.01422913779,102074.57629751734,88202.07338191268
935,242000.0,206446.53125,223732.21875,218526.3125,210618.953125,214340.078125,219647.890625,211515.296875,228935.671875,221126.796875,216894.34375,212528.890625,197170.09375,203630.42882482827,224236.26018672358,212166.1770417663,213463.7603854745,211864.3019399986,219505.87020079663,212044.83606872903,215185.63949098627,219578.65534793417,217152.20318360606,206665.82993317323,213782.2163954935,216956.10867173976,210457.49374844195,214777.37619827918,214197.60003122548,214785.84615559247,216066.88628204569,223549.6078957772,213356.11979451042,233556.87909083453,206944.8875960433,220551.36962270353,227754.06599362893,227188.21751338575,226890.07772108846,234616.421875,240038.859375,226614.32178554113,297595.4725223558,232050.8703952431
531,175000.0,188494.71875,189284.984375,188585.515625,183225.21875,174752.0,188307.3125,189431.078125,182998.921875,187013.359375,177381.640625,186943.390625,179894.828125,189235.60175273378,182259.00541406544,187526.44181869886,187255.77564647974,181967.75454528135,185990.33977121153,185590.5650142987,180496.14663152286,188719.39875803006,182697.21724045125,185156.56475958822,189393.0018957787,185769.3826845597,187152.76953952044,190013.5428017207,188274.27630634772,182141.47382231636,185938.2943122084,188646.97565925246,188343.89189090728,180665.12843014373,179525.0152965808,184340.62694928158,180426.77978907587,179616.65832971467,204935.49699670478,184909.84375,178931.46875,195623.41526031325,182899.1391101427,186942.95398690362
858,174000.0,160484.375,158478.4375,163488.21875,165325.15625,159680.4375,163913.953125,162830.015625,153241.09375,157633.828125,160181.125,154948.78125,158238.046875,159515.12925467355,158580.4549336022,158205.74210736743,158057.06741177363,154537.48536891703,158492.23848348824,157560.99977816446,157091.45473245636,159335.99248357097,159079.53323653812,154328.0507577053,154821.3473232746,160135.27827453124,160471.78147829202,164281.11909174809,159778.87777892765,157354.59450188032,159455.80206803622,158509.36184980348,163000.02920493128,152799.7806008294,153611.83267525368,148351.6032023771,156933.30071271237,154339.79546775672,171461.71250390477,160061.375,157670.09375,158125.86620381096,170949.30675676145,161914.14066676763
714,129000.0,109390.015625,112519.3046875,116067.609375,112477.9921875,118302.015625,121238.3046875,111875.6953125,111815.4609375,113068.390625,107230.765625,110502.9140625,109325.46875,107622.68518073185,106997.31977210964,110272.4888197611,103603.14088604445,105221.9592525264,112880.6289313485,111263.48586149974,106785.693792616,106366.37856276905,108995.84601037389,105920.65189038204,109574.2493612529,104242.31455769863,107332.2104446289,106458.3883934825,108234.70080366191,111361.4403116974,108641.76447977245,111948.65949561168,102903.84569840605,112947.36829686759,107231.07081200591,114158.74736171633,117285.61495252604,107260.93075915302,110992.00280077066,101965.3828125,116492.2265625,118282.12720805837,129388.20887414503,113116.22057973669
91,109900.0,104543.1171875,106422.9375,102597.1484375,102336.234375,102092.046875,103469.3125,103728.0703125,105009.5,104980.8046875,102808.265625,104033.859375,106356.3828125,105210.9627629689,104898.86117187764,102901.95461919157,103716.93327505678,101390.03639007724,103512.03851403977,103803.48317231295,102809.48680242577,102893.68414750989,101853.70522198541,104028.12970773125,104540.32555052327,103698.27373129303,107058.94091279042,106316.20505827422,105393.26087733882,101305.8169422755,104611.76916229339,103165.19403530768,105907.03124038268,102254.12930551606,106231.40220882096,101197.32204718053,102107.80120542356,104386.88760607288,103523.57808659482,109559.2421875,110827.3515625,95655.06178014196,101690.40847583435,104340.83185003263
1413,90000.0,91788.109375,94354.8203125,93562.5234375,91863.3359375,91148.265625,90579.7265625,92343.546875,89711.3671875,94185.5625,94430.3515625,93645.875,94145.8671875,92268.35165712582,96395.4610531504,93632.86065164671,92890.70905431556,92168.6655466683,92135.11999696566,92445.67477815355,90586.62155930717,94774.01512004194,92281.92548698786,91830.72037004794,90089.39203746064,90166.78410623019,91958.62189070368,90918.53540501173,90583.69620714095,92172.32614228009,88846.90939891263,93651.08132658456,92506.38756698473,96035.7066338074,95341.48902406884,95638.51679064901,94447.73692529183,92475.0522230819,94767.55023809524,88154.3828125,94719.875,87056.39358955003,89770.04919598169,90532.5465117464
182,200100.0,168625.484375,169040.40625,168698.34375,165365.53125,166717.84375,169574.859375,171650.03125,175834.46875,177585.265625,172965.84375,170238.25,173983.640625,174684.76158272114,172621.30078083844,174686.16838691768,171253.18852002505,171143.29711510526,169330.6751592186,174474.38749263829,181181.5396112104,174656.92649478343,177074.36053587438,171624.57895621366,171909.68090707078,170710.4374576968,173918.5870590108,168841.74552225717,181419.6880453784,170158.02538482117,170133.45255183423,177581.97391480047,178115.8894724215,174783.8523518444,175946.7854654818,184515.3947605366,171312.0742429579,175523.67000057365,166940.41226156865,166990.421875,162147.40625,162336.49258788684,156299.8489342846,175540.6068800941
876,303477.0,289723.53125,293041.46875,287727.25,296415.46875,311528.125,296827.03125,291413.625,295127.59375,299852.0,299087.65625,299392.875,303637.9375,293929.573746106,292591.3413627512,287401.1852333705,287931.6893076933,277651.84095850546,285963.7827047459,289547.39573064086,303655.811126998,299046.07776948775,295674.30856870033,289160.91050468764,290901.94542422774,291819.09493824595,307198.9172444811,294300.22549584747,289587.4415980379,300309.00606969115,291514.9248264278,303451.08085993415,277600.8068471537,308745.89458328375,294408.7203183685,317657.11735374015,298339.5625321278,306100.654723316,299471.02714285714,328098.53125,337953.03125,340958.2443226197,340879.2649521348,301261.0148991485
1152,149900.0,151617.515625,158264.109375,157330.9375,149494.6875,160072.125,162363.125,157561.71875,169909.03125,167667.515625,174395.828125,171828.234375,168285.65625,157412.61520305777,157211.97388646085,159906.26517653224,152353.41930602398,159727.01291150405,152538.9167515401,159628.73572382279,156635.3679592825,157803.92636591822,161790.2557193941,159841.64463614405,155978.9119119891,152464.62028778097,144143.24381495954,152089.60707410183,168964.14488265867,158582.063845998,157936.45715773475,162635.85200781966,146592.61127072165,159892.80949046428,163898.3844983324,154812.06748223622,158128.40459253968,161521.62443851554,168390.2458607745,146708.390625,150928.078125,149522.9568594313,166243.81011027808,167631.19430556067
787,139000.0,118063.6328125,125915.9296875,124586.2265625,122603.34375,123229.78125,124094.0,116394.9453125,120603.265625,124527.1796875,119516.890625,120020.6171875,118942.3671875,114099.81479440587,119922.61082617719,119316.0601093038,117879.5591550525,112855.40546678475,116530.27740213,110609.55856023707,114515.82155443224,118908.52314388791,120185.09338779595,118413.60193047422,115859.15494036308,122195.35808594537,119000.45694322704,124862.90629157082,119213.64725571059,117917.78147836121,115001.46460785823,119085.76525405928,129829.71272484782,112937.8081979409,109186.7843966386,114701.19697855157,119579.54693125775,114151.81545634825,136771.99360099423,135977.53125,131366.78125,134469.55709603132,130108.03798544742,121694.57676958146
415,228000.0,244039.484375,241964.4375,238449.265625,240160.453125,239043.53125,238035.53125,240091.515625,239561.8125,236374.828125,237036.109375,245018.671875,239717.84375,243618.78832036597,240773.6665217546,239097.6421111132,245328.73336411148,252201.62773677675,247796.83029126967,246075.10160330945,243011.7930657162,241585.55042651127,242694.73029390257,241666.9265260122,252464.28464788952,250644.9676224575,244586.23721415427,251158.02363119772,246364.60129522652,242063.95784248208,245310.09847353608,239363.1985542877,246561.29759974932,232092.36594017816,239208.78877210055,246978.45687241407,235659.9002070003,243651.62283383668,246876.78592006807,250461.84375,248939.375,231119.77443881278,243804.16714598984,245134.91041924228
252,235000.0,305180.53125,305656.46875,311529.03125,302047.34375,296453.34375,299977.3125,300449.15625,303428.4375,307537.96875,312680.34375,300752.40625,312180.40625,307473.4079527119,305808.20121788967,317563.91935603274,315361.59257940797,314299.9199182732,297166.1475856172,314016.60693335574,324479.37183045776,309446.77153142024,307919.27847245097,310681.8256297334,311124.2175976591,300470.77479123796,303357.52946838934,312289.36326993484,308377.23435667,316154.3672319411,307014.95351592783,304753.87230121,293088.4721440341,303826.7915348486,317303.5298162562,316902.45736065763,297496.0379316302,322761.9437921858,277435.25880952383,282139.875,283312.09375,279028.93918135855,300671.68622228166,305869.2132789502
70,225000.0,225879.5625,224625.453125,232195.890625,227136.34375,220234.78125,235123.03125,227121.171875,235629.203125,224306.875,220874.609375,235995.328125,227991.546875,238886.8215066211,231424.13390850055,242327.1130402894,228604.58415288196,228519.9628037806,231935.76246877154,239713.93899196383,237878.87752112167,234395.2438092502,230704.08802212228,230559.32582170476,235220.77740473443,227504.66630241094,224840.3748084471,238021.15695583454,234536.4853847355,225987.88449747802,227522.8499928827,225998.02802638893,230798.18086745523,228707.85534936585,222151.1687360925,233165.63947589567,232360.9914394151,236845.89810124357,237864.43703174603,239704.40625,228543.484375,212185.89306954638,208033.8515695594,228672.5677625434
804,582933.0,409969.125,404495.5625,394267.1875,411067.28125,405928.46875,406211.5625,388842.625,415092.9375,402890.125,379612.3125,395200.0,396689.71875,404318.2884050678,402880.275064938,397042.108273606,398025.92069199786,387981.19117130473,380212.4291427868,384151.55893275584,400338.04772315617,419727.37188481283,422049.6751224854,393630.8894456734,403887.2366884853,414847.5974772107,408701.01645353844,395884.2685760819,459613.0537676337,415534.522883071,400012.6044427702,413015.60257964715,422132.170991282,415979.06038585573,418349.29469529964,430133.3728167475,409795.9124052598,422602.021965444,385155.4971428571,389183.6875,417180.84375,393311.7170523738,386558.9717268958,441451.1879211274
132,244000.0,211829.796875,208138.15625,210411.359375,213363.59375,209249.125,205378.640625,207326.703125,208230.28125,209515.921875,207444.34375,206670.421875,205301.484375,208854.59363358203,213631.16984739018,206944.75614896754,206324.80069837664,205609.10491070917,208764.86781526703,208217.28006672033,210861.88256200292,212122.02114691076,209299.68602511205,210431.89815150655,210978.51911509826,208300.1408437597,210402.0790632201,209371.34730596124,203651.92885129622,209819.0974727578,209044.73161597372,206838.66360154064,206864.4821088799,209815.28825572072,211202.21581149418,206156.21341197277,209000.2266733476,209982.76359522832,214623.89629425283,211593.453125,216514.125,220743.5248975021,219520.8653153464,207398.09271579667
301,157000.0,155342.484375,154995.3125,152742.140625,155798.703125,158636.140625,149636.328125,155626.140625,152800.5625,157122.609375,155610.625,158016.90625,163631.46875,153570.7540473075,150904.04025932692,154432.8246173578,150098.09403892542,156524.96733676246,153974.08970808182,155762.57654580625,155851.56518944615,153421.2748201751,151513.21486646385,153429.387994931,155942.6624161657,151156.3605463947,157787.56203017334,155211.06232770236,151574.9631977091,153747.49480936467,154456.8861660531,152349.7245991854,151902.97459467172,153036.5329533759,151809.57368285433,153303.70267381793,154285.21307480012,153373.0894964826,152712.60933581836,143462.15625,158048.265625,153651.85274433033,146657.52723582508,150719.8590518131
979,110000.0,102600.28125,106901.2265625,107234.1015625,101534.03125,103749.2421875,109426.7421875,102436.515625,104521.953125,105282.6796875,107441.328125,105810.921875,114198.9765625,107146.63227422147,112155.29923676729,107386.9765041989,108294.92992791314,109846.01747365702,106610.83686856274,109688.47534371358,112200.96543579276,108169.40573305209,107624.55594901636,107224.01255420949,113756.22708198693,109082.49951734173,111353.23931734757,107333.19504211674,107554.36337343778,106651.15742362666,109581.43619936994,110945.82901999707,109203.07285786692,105388.82465827385,109325.11065174476,108609.79014247033,110181.86306101765,112256.06219213882,114440.67741717711,84901.75,91266.65625,114481.00732299764,105231.49928118159,107301.42231609943
327,324000.0,310799.0,303821.78125,297686.875,316802.0625,326476.84375,298110.15625,315529.65625,303881.21875,300199.21875,303143.4375,302894.9375,321325.46875,315225.5946959939,328866.4148406962,325403.02214085835,310158.36198379635,312111.1661433304,320525.5464915836,315729.96201914974,308755.6921230391,316873.0672138852,312030.755296739,313438.0462919833,320587.4147679543,301149.75125644234,303694.7073201916,305157.39844631846,321036.7701575562,314100.4992561436,320926.0747488833,326229.6149950994,305757.8332928259,318487.09809525387,320118.40584913397,333386.0088899893,307615.8684162201,330890.83531978127,268748.4577777778,296698.0625,311433.375,283743.5652035502,328616.1897647992,321422.28906421445
1427,271000.0,262796.0625,259915.28125,261038.84375,260801.203125,265732.625,258958.75,257453.46875,256428.71875,256880.8125,264323.78125,265435.84375,251601.09375,258955.92979506293,253344.8911514564,257389.70954607768,255182.22357887554,248835.46042502552,251968.29991314097,259406.88085300307,260204.74613911248,255299.26187603938,261387.31784208355,250576.9511879129,252075.44063317133,256141.52393590726,259085.83547584998,249951.78189420953,252588.8670058625,247244.34230257035,254641.9655258777,258918.22014555614,246087.6493972423,249546.36205854543,259310.7733286289,248377.52257687418,259646.92179725438,258460.1619650836,257792.31379068052,258611.90625,259333.171875,258465.12320600526,260815.38790809503,254673.14706435465
1084,160000.0,158129.078125,155393.453125,156055.65625,158274.375,156983.671875,153372.125,161067.484375,155608.375,156689.828125,162067.953125,160042.671875,157941.296875,152948.6882763572,162656.67018877907,156854.01260098375,156265.85523017615,158048.62150910654,157258.34968335927,154548.47415542952,153342.92374222365,155880.5973493901,155579.63157655095,157265.49483085002,155026.85245169952,155541.97259582733,156536.18620960435,158192.12623283197,156379.10631102513,154012.61248490636,159937.51691039014,154590.13604822409,153843.97050202865,155611.99593789765,154989.75656211888,154550.35676099212,156788.10258733758,151470.0717111688,153484.83637942214,161283.40625,158250.375,159423.5405983428,164639.86121956818,158134.49122949838
500,120000.0,132767.703125,126610.84375,126580.78125,127388.171875,125243.9375,133494.328125,127626.75,138202.203125,135355.578125,129393.59375,129227.3359375,136336.796875,131751.75168536455,131285.84383446083,132907.13396077103,129727.99169797277,134444.4245493471,136043.71510524306,130872.78632621479,129231.98601413966,132064.3870953496,135963.22002281563,130134.36021989776,131409.3255148908,131558.73455318477,133043.4001068479,131736.3538231863,135400.2489750406,138746.40171095295,131521.58905712154,136521.70218709813,132622.80566299893,138510.14112621284,134948.58132063612,136767.47731761215,134361.2942158671,133867.22478708441,127271.82762054993,100621.34375,113532.640625,130339.89531455238,128671.58598467633,133899.5758229343
969,37900.0,58884.7578125,60225.97265625,62165.34375,62533.0546875,62785.41015625,60237.8046875,63772.5703125,66067.890625,62402.578125,66343.6953125,60917.93359375,58970.37109375,61458.99707416613,60169.35674047013,55843.60757382847,58621.03656747627,57813.94106579247,58815.060968405705,60516.212176478206,58743.515218495406,59908.64956141555,54482.19214446323,57206.87175252134,61168.80634947456,59978.808230337774,58911.446748154645,58230.56799470115,59770.78581003531,55106.599326583775,56411.81830321729,56478.357401031106,57604.99563565328,54866.02247453458,53453.46995038186,58224.400025275754,55191.85771299348,60569.953109769536,82896.12380952381,57628.1328125,67170.1953125,77630.66832267024,72140.37420385293,62376.491792813234
833,237000.0,216308.765625,214237.90625,220429.578125,217193.484375,225311.140625,218470.046875,215284.703125,226037.5,225171.921875,220634.5,224581.59375,225333.90625,219327.35634424994,218598.46961698908,225294.56915364027,220149.9922116908,225658.0712067082,223754.7210343146,219367.94313080807,227520.37269535087,218861.29637411115,224723.30609680343,222068.90256464964,222537.18150676918,218895.60200239683,213340.17628900876,219914.5405972844,229277.89934374337,224922.14661621567,226803.96928970638,221367.09845105628,221491.15650316092,228841.17877653815,227865.6096835217,224279.96808777694,231713.84926985425,227468.84846127772,221173.74549084314,238944.140625,240500.125,222125.3323658884,227831.8798514814,228978.62597570207
365,190000.0,183314.53125,184461.109375,186343.984375,188089.96875,184640.625,184499.28125,181082.796875,175949.96875,177717.796875,178115.46875,177805.0,177962.4375,189087.12979380382,189962.0211006719,188031.42841469357,183111.76169218915,188136.49251144586,186518.27596382223,187229.2124144869,188751.67305031727,184272.90594369423,178913.96419863703,185955.8252875408,184757.96494468595,184692.21727796172,188955.80510516392,185981.50041961166,180806.59597656125,184527.49401084828,184794.4503577827,185692.7087703493,182231.72309828605,179830.1385378672,175432.6388496057,178044.94020757472,185357.2175318981,180558.58515129142,184382.55630572228,188195.1875,185533.953125,186240.25791288388,180951.97392308555,181120.19764011883
496,34900.0,70552.890625,68230.8515625,67079.1015625,69093.109375,70784.734375,67486.5546875,63528.3046875,75961.6484375,75563.9140625,77955.53125,67499.2265625,74158.375,68733.87513057418,67989.41392912954,68972.21922831917,66118.40359848118,64118.381905372924,67640.90985292988,71579.47516521034,69348.92186639113,68458.43638026208,64590.147665208475,68007.26363560148,71359.00722608378,68802.89783267265,67537.86596972347,61885.176524631,68134.5835630671,65605.07850052802,69223.75960614833,66620.76841838744,70862.6210794547,65069.70586608536,62409.81999326029,62835.63341295211,64251.129654363176,69369.42024333554,82680.0,64835.578125,73553.78125,87646.30007294279,83912.35193064439,71493.77362601909
1360,315000.0,381793.3125,365791.0,393300.15625,382542.28125,391429.96875,387522.875,390941.625,389680.09375,394113.78125,406633.28125,412775.1875,395222.15625,375980.85861029045,375988.7959609063,369378.8449058573,373401.0369061801,360177.0276664759,375607.7944797461,376475.23279317556,384297.97087035864,383996.24627808103,382454.8070707365,361459.3893949235,380462.6450725747,366690.1518584369,382160.50950648444,376021.5260598234,366493.5144587598,379425.8031475157,370682.2250810013,387148.2302286422,378666.82803509774,400339.0840431382,398502.2660443295,387129.4205096138,408992.4814744763,395942.45357055054,365559.51285714284,328107.4375,337075.28125,404454.88499877404,365447.3517505621,368733.02328834624
339,202500.0,213308.859375,210910.40625,212693.96875,217000.515625,222462.875,217512.28125,212619.75,208986.671875,211521.359375,213580.9375,210501.546875,207633.265625,216703.27705374762,207502.0676381889,212098.86772690434,212861.85101177104,220272.92627862142,215173.0020742593,220813.34985342348,209831.76252259803,213422.63319500882,207146.18615437695,215861.39197285956,215367.56612724098,204149.14757300084,209992.6815548351,209314.2175906483,216225.65370821324,210031.68859750652,218144.9101766282,210054.70033563251,211074.9073177883,204756.17185379117,217854.70610389567,206532.82577521456,216519.94297128715,214558.76104631703,204678.72925190386,231003.515625,230728.40625,215360.0876857898,207719.8758270283,214484.67018005264
422,215000.0,202210.734375,210965.3125,209618.828125,203657.78125,203478.96875,209051.453125,210208.984375,208955.65625,204156.203125,203171.1875,200066.890625,202509.109375,208713.59362964975,200547.26965563983,211198.83549633942,208106.81018802413,206517.54938247995,209193.5729927219,205725.64299057744,205274.6291863013,212502.93744988268,209776.49684531917,211809.84182382358,211894.45557071804,206489.6182188801,208914.64739386295,208191.6552711381,210893.52342183713,215389.22991135443,210302.65466222411,211009.95724306646,208289.04002203597,213851.53588153896,211508.1223582755,201169.94202375103,211646.53335348118,211076.328601833,211715.0795028781,217621.859375,213823.34375,229685.095837129,210292.50348927727,211093.71718065336
165,152000.0,144057.1875,146574.109375,144980.484375,145638.71875,148628.53125,143695.359375,145479.09375,137100.828125,144740.546875,139374.96875,136003.90625,138514.34375,146242.3490736583,140094.1022260844,144719.60642473452,144403.58865463064,141264.62737937886,145409.78846455866,137946.14427349225,135070.31554329698,140970.55054750326,142551.84372969015,141796.66564367784,142841.18363880174,143946.2052073992,144538.65965985323,143671.876956273,137148.27599183188,144655.9501579111,141461.71515703248,141743.83756671014,139302.22771189472,143740.29171563557,146929.18061358735,143488.97083390696,147036.3273519595,144401.66507611822,137929.48197278913,150337.65625,150650.25,146487.82118068082,135596.3598900218,137409.40032411274
29,207500.0,183924.28125,182575.65625,197061.5625,190247.96875,192970.65625,203159.03125,196889.875,205139.796875,197888.890625,213742.015625,213941.46875,211335.171875,200375.51273275452,201685.47563524713,199186.99273153336,198892.2579952333,204504.35569955167,197184.26320604782,212864.64785799806,200637.99005316268,194639.87583144923,196801.28268659223,202935.40951252417,197104.79895570612,198605.06536229665,197567.25448717337,197746.55304934186,200166.3810417607,207063.7541374134,205079.56479327622,195597.84934654334,199161.26089171958,197642.07962025626,194497.08968148258,188149.50227985045,197274.80900418793,194262.03478184497,172260.507810423,201892.28125,196994.671875,194072.43323277993,198561.26412599365,199616.7820483588
517,158000.0,173344.78125,177795.03125,181832.984375,176461.21875,182208.8125,178493.96875,176741.640625,191820.109375,188051.8125,197612.890625,192816.234375,187337.65625,173409.15759617666,170236.7206958385,176869.59470392382,177504.14933996962,180861.95606378443,175238.67919061374,170719.0362543274,179120.8048967865,178287.29848028548,179136.83612484383,179537.89927248133,175128.3974805874,173347.80223671938,169359.49789043676,170923.62865777654,185173.20092460766,179806.50177213538,173925.26063024672,179350.32032445513,168754.25950316852,174463.96296689732,180231.19153909973,177204.0080067663,179991.70828800724,179879.51059662315,187540.55849465803,180580.640625,174105.078125,177296.66398221548,175525.24337194808,182849.6338111885
194,130000.0,136126.234375,139149.765625,134021.921875,137697.90625,135263.078125,131995.0625,135664.09375,133709.703125,138495.609375,136737.40625,136017.78125,140286.484375,131375.5341788849,136174.27201500838,131689.79542054914,132014.06639806228,130610.09325456315,131708.13253282878,132912.63570303336,131021.12179677811,131510.17825683096,132514.40139467828,131432.42363945732,130797.23403408137,134241.9404279967,136733.03210413957,135874.31742561396,134459.52919923948,131573.14470111,131227.04671136203,134234.49403239175,136272.2210486367,133276.80774942375,133415.80457301933,130588.30843510247,136371.6725728411,134125.58630036234,141901.44142857142,146662.421875,140527.640625,146227.33904240228,134800.7022419883,134795.03435300596
1251,244000.0,224760.875,222527.59375,230062.4375,228099.28125,240514.796875,232637.203125,227432.640625,227610.234375,225185.890625,213725.4375,206111.609375,205783.765625,225200.69481454123,225759.74000428032,223511.21599243092,224474.7228208431,215650.48795380862,222446.08865597143,228807.004811977,217115.1704694031,227586.17074942222,225618.0772841719,212757.75470517762,227382.04656315417,216296.90949014667,225643.1032271371,222899.24959610443,232260.7999692511,224244.93453329243,225205.40857469136,230783.58186407687,227543.86945420026,233392.0157710054,219287.8922777122,248869.55124667683,214161.36958737866,223381.28133136188,262361.6011904762,279730.75,269257.34375,234089.01864985333,280486.4285088386,241362.16851167398
1327,79000.0,71766.609375,75458.8984375,69075.578125,73753.203125,76652.9921875,66707.046875,70198.1796875,72444.90625,83874.640625,77220.515625,74199.65625,68308.25,63469.66316599371,64987.5614019472,61573.07649440684,63801.77521307764,61630.244079247066,65136.43108051724,65753.8823437685,61236.56023142976,63654.55308511685,65844.26928309507,63813.98837921088,64475.8766647482,66665.14495930138,71368.17282381056,67190.37727753654,60631.96647995311,62513.70982575933,62987.860213917076,63114.8518392473,75101.74361189526,63134.78352323747,61053.758232538086,59608.17088754042,62927.719452836944,62070.89821472416,99177.55484848484,62651.0078125,78446.6953125,103960.62711537586,96713.52782263512,68785.16826425119
1326,55000.0,50988.8671875,60479.109375,60272.57421875,56771.69140625,55968.85546875,58806.359375,58127.828125,48169.5078125,50310.25,46638.45703125,39802.80859375,48662.890625,57578.769640362734,55831.13375810219,55535.35005391038,58308.91897536837,58327.678844687645,55382.50594034096,56526.99366965216,59431.291185118505,58754.59718956559,58230.55991113762,57514.612897404986,59978.98139637293,56571.208374862304,55462.769878561034,56417.01600834155,59196.68652189572,58469.53302984488,57430.71061979198,59645.18416207122,58666.373972978654,55351.74878538389,57372.354662095895,57815.933972320716,60906.81362706727,58532.487935057405,80036.82018481518,63787.25,65213.66796875,61533.7255751482,58156.77054690327,59095.113585960724
170,228000.0,223150.90625,228037.5,234080.203125,224493.96875,234253.28125,231285.5625,226144.46875,225509.203125,235014.546875,235704.53125,211235.359375,224563.546875,227379.7086689946,230019.31988339752,232783.39387710352,234179.5185892571,232350.18814201932,235002.879161004,229948.9481295935,232108.35671566744,234262.2229228618,230473.05334584988,230869.68849147978,225356.0424573631,231953.34585116635,227716.56458381846,238986.80247931107,227568.02274231508,234199.03769600848,231404.4795598033,230967.07338823072,224348.17074162333,237427.5642014131,233711.12305471563,230541.25815197398,227601.3553055338,227803.05372018556,240811.87952110393,236318.1875,229972.9375,254812.13235649298,208975.4368969972,224185.42693533906
168,325624.0,381087.21875,378016.65625,387176.75,382442.6875,386090.125,383368.03125,393423.5625,390982.625,390811.03125,382895.6875,374073.25,385974.21875,386567.8438787158,373348.9764403017,381927.30477806967,383776.464495432,402783.0583216037,395000.98328354245,392955.78462164453,402140.7871519336,390358.8320596865,383782.78858026885,388630.65350174066,397168.27290431614,382755.41417834285,372138.983417152,368638.16171994875,398244.9946916265,389639.77077031124,387724.1875114458,395337.2294681357,376049.94762515946,381825.2346028437,383015.08147129044,386847.6188731167,388335.4746711467,399462.08198621566,358026.53714285715,319657.0625,326113.09375,377552.58198595257,361639.6041783814,389999.466034917
653,191000.0,197417.828125,200818.578125,199961.46875,201371.671875,198086.203125,196974.390625,201861.203125,194818.34375,195010.703125,189709.4375,192261.359375,196203.5625,193930.22788107672,197004.57514644557,194148.38159658443,196049.7408774653,193110.87618491994,197981.47970543953,194736.9550045604,196141.0300789102,196311.15493101065,195830.0213720727,195328.38481786172,193275.35052384113,199916.20100377125,199734.70330795195,198052.98696574397,189616.19589533046,194072.83930025826,194774.6242503213,196884.70222956064,203867.15612582312,197066.2195682794,194230.64522724715,194156.95404098186,191984.76137419482,194020.71832028567,201638.5415490825,200136.3125,193261.09375,193110.11474697376,197953.15672801383,191480.2246950279
174,163000.0,149513.9375,147184.96875,150547.125,149428.40625,155605.359375,151402.078125,149167.703125,149307.328125,154181.4375,151020.390625,153071.15625,148948.421875,153381.87090072694,150775.83216913647,150066.50995728862,150974.26138590867,152432.05098114882,150634.1647012026,151227.02794402852,154119.9989436066,152351.98677014865,151506.4445581463,150739.50160561615,151566.11526125486,151293.25762477994,149648.95829923745,152259.85009393434,151792.87505864038,150271.55158656693,147873.99453548668,150223.95685284573,148981.501978657,148044.39629154897,154301.21893117423,152771.62051167764,148148.92796046232,150739.83538960872,158137.60673612394,166277.46875,154123.15625,156201.3167937032,136686.05523408143,148609.46317030853
519,211000.0,195387.09375,191682.328125,191847.296875,190029.09375,192975.0625,191804.84375,189218.578125,196939.125,193294.515625,195246.3125,194169.015625,194424.125,198493.20764491803,197311.8669753597,197776.0675515304,195041.66688019197,198214.50602975287,195575.7119096416,198871.25441424278,195402.29574181675,195725.61539317746,197176.27992666117,198060.2960924895,196757.5694378032,196825.6797429658,194370.14507691102,197624.9810567407,196497.56342220717,197693.94666324757,196410.41084024348,193444.2054173099,195741.46485266465,198242.76844738168,195749.9885830593,196800.68213430874,196098.9483929294,190993.38764623125,191012.40180556808,213240.21875,211950.03125,187165.15909421322,197433.37939366244,196527.47727942473
1182,392500.0,285618.3125,281330.75,283269.40625,289327.875,273437.03125,286934.78125,287280.875,288201.8125,279767.9375,277604.59375,280807.03125,292413.21875,278161.64827493206,278529.7254493818,295858.9816752413,283202.32948415924,299661.20648227696,287439.76223734417,284399.785973443,288246.45782242983,289385.0177237496,287117.2720644282,294133.9083028678,278034.5016648591,282014.3919000231,287612.0498450004,293723.8793481183,302998.84972257004,298683.30108836736,290574.0215117038,290361.60436514515,286071.3930949166,303669.8529198056,287300.19439872075,302492.3607835202,297946.84313144715,291677.3024346044,284254.9914285714,291387.5625,277915.8125,282407.7927900179,280752.1847168399,297906.596855795
1150,143000.0,143310.796875,146468.75,148368.796875,142975.796875,146733.125,143150.15625,138166.71875,135989.203125,134781.4375,138955.015625,138177.140625,134238.640625,135853.6711481974,138555.52593613934,138678.90944021608,139178.70824355108,138403.31852803362,139040.1045644882,139586.73963361845,133582.5172052875,138344.59583399197,136117.30871162695,140405.02501859178,136363.74494138712,142971.90641822258,145687.74556392914,138540.95817065684,142538.63455758643,135317.8611882684,139513.88616345977,139944.5212002343,137987.59464798516,136105.32921675048,139261.68304595613,139667.5545280282,136733.35531939188,138739.67406259483,146833.47345310112,166193.4375,154842.703125,145428.84802962907,146662.66513262724,143172.05410126827
913,88000.0,108316.1953125,108990.140625,109498.4609375,110080.828125,113226.09375,111097.8359375,106300.90625,109136.921875,108650.6875,106481.171875,104883.2421875,104912.3046875,108663.23765640383,112827.6874609863,104353.55312318678,108768.67543737373,109099.43989430254,109399.66331407297,110050.52007455508,110940.08762390273,107372.25987406803,103135.22487910511,106427.90981194717,108416.58654892643,106881.43845255004,111727.50798730183,103187.26474303243,107379.63360425294,106269.98568637324,107003.91755258008,107802.83658606383,109433.32851680876,106329.18331135556,102608.60099430433,110284.44815775604,104342.68315607702,109362.19361827851,104657.56331267519,116620.0234375,106723.78125,104988.92775704755,117193.57527728558,109217.51819270416
492,133000.0,163868.15625,161823.46875,159654.09375,166981.1875,165589.9375,159357.0,163238.46875,165211.890625,162578.359375,166991.78125,165353.734375,161931.109375,159363.79587372352,158494.37900834045,162131.47446452046,163035.04960552338,160774.0767212308,159550.47474317855,160378.889649148,165619.44189187273,161530.9671151703,160981.01921783027,162672.24354368367,163846.42333812773,163564.67121100155,157628.59402650318,155914.7121671925,163834.01068709278,162022.5760194008,160944.74824395968,158658.59177480312,163586.40033216123,155581.5400329618,165890.338837412,159707.3932714202,159365.83314999047,157589.10697232038,144847.75882657024,161900.640625,160770.53125,149206.53813105306,150304.70716020104,160643.32568758115
74,144900.0,144416.625,140839.984375,141164.1875,143182.390625,146096.953125,142224.28125,147144.984375,143949.3125,145392.0,144472.015625,143656.984375,149034.796875,142463.36473668297,144899.78130328574,145378.61947792073,143393.5382635414,148105.93006542305,146165.1109544187,141969.1205699224,144821.2031067989,142592.07642815408,147062.99616417586,144642.1115560941,148507.45105651347,142277.34847177856,143182.15387702623,142666.40522441475,147384.87061007865,145482.2610198195,146572.53925924847,145620.9446584859,142147.2982002677,144495.06737082428,149056.3035256945,148746.38376957423,146119.69115941165,146568.69922784375,144373.3389801116,140507.15625,139599.953125,137255.1528446872,139850.02804099023,145631.02881470055
1220,91500.0,102058.0703125,107443.03125,101775.328125,99254.265625,97721.140625,102481.0703125,94442.5078125,103494.609375,102081.2578125,98589.5078125,99169.9609375,99047.390625,100331.13518685402,107393.88716103557,101268.40930721468,102179.50482867779,102321.64397817788,101244.02529397879,101737.4603090474,102686.04036632189,103810.48055049383,103347.3961277945,102515.0065462421,102107.29328772084,101361.83935194915,101771.2202439578,101126.99609400613,102568.97768925106,103647.32164992952,97276.71383151475,100245.76866500037,99161.91292037966,102041.62422948527,102479.84646506078,99747.6958252173,102018.10937319882,98659.50182385353,104920.13693877553,96610.4296875,90903.203125,94834.04900611668,88581.98184787587,99563.17801490428
588,137000.0,133598.625,132778.46875,136862.234375,136959.640625,142439.84375,135763.484375,134653.65625,134482.203125,133947.765625,134538.109375,138775.75,135143.390625,134678.34887285906,129752.2548812185,135162.10052349922,132920.93274522264,134545.27156296535,133408.73095004,133412.9990211826,136580.6676300242,133600.19751659382,132051.36397465455,132207.26121386598,134989.65376151,132209.94769589047,130894.21742375652,133106.63136789168,135403.4279508058,134148.858056424,134779.27334702245,136892.02212510412,130470.96672121176,132719.6680920546,137376.09030877825,134768.17909898763,135812.08162211668,135630.5485096194,132010.9660795662,134737.8125,128697.203125,124987.0230269662,134126.49516407045,134999.28314718098
751,96500.0,88524.640625,91796.8671875,91503.53125,86366.390625,85963.40625,90229.6796875,87383.296875,89344.1796875,87465.96875,91512.984375,87048.328125,90099.859375,87693.58709781128,91365.69491657286,88615.0674013434,88746.52946225046,88917.64490774208,90526.5231859126,86901.72256608594,90983.98036583011,93441.3506043749,90335.90093028918,90068.91777156435,88719.60812872417,89073.21667154958,86514.61171969931,87619.26090482024,97138.04898354187,94705.63544806298,91213.69590865784,92646.39995789703,88791.20185635597,90372.98976618002,89925.30213057181,92543.73072706902,92356.03410547943,89387.6335815361,97621.1374098124,74216.078125,80392.1640625,94080.50268245819,73988.87128379829,92143.64808255082
658,149000.0,175660.640625,174822.015625,177184.484375,173672.578125,180636.078125,178377.40625,180964.546875,183347.265625,178524.265625,168825.96875,178173.6875,182930.15625,174775.37519679946,170768.09995567112,175812.88612374797,175984.1085376518,171817.48393943982,174355.09351291042,167639.55064159958,169093.4352680045,175693.94021443007,170594.41906981077,166375.15879259404,177381.24523926442,171461.9217745612,171031.52982624402,174783.58509909344,172700.1539911218,172561.08349292589,172140.1143337031,174217.51142909433,172027.95438633754,172313.91331401072,173804.74502316985,176740.6866051683,185433.43220505965,173729.8705369969,174373.63521829783,160303.703125,162183.90625,170941.2998687271,184114.633916926,175568.31736794132
843,174900.0,159018.765625,153297.109375,151889.03125,154900.0,159368.09375,156330.34375,150988.109375,161252.140625,159952.65625,162664.25,165132.640625,161355.859375,155351.3077871161,165465.12320568386,158258.307617849,157811.99897324972,159326.423087665,158088.42281243755,159879.71919490185,157342.93798423652,158342.5758731588,162362.28746834668,161290.28081157766,162560.73361102355,158945.21164051627,159377.72808382128,159140.7929805534,158032.8197691571,162673.3272483198,159629.36336126085,158082.32315921452,159978.5676815258,161113.72512779283,163774.0655628941,159806.17318272096,161574.7542274075,160753.0756033433,151461.94619559826,167645.890625,164987.15625,160649.6548801054,163858.19435316138,159420.92028953222
235,216500.0,211477.375,202451.34375,203944.453125,211908.0,217714.84375,202214.578125,208714.0,211833.8125,213627.328125,222147.515625,221113.9375,216500.0,211681.21297984425,211515.56738483827,213447.7728591746,210231.55314911815,214439.28910318823,215302.3685737672,215068.5290613828,214284.93658140517,204718.61926984368,213180.05490887046,213704.45297430432,217320.11874037754,205767.7539048222,214551.94562021285,205031.47962443752,215250.81905755636,212639.0978869309,214240.5823233568,207718.25852338612,211402.1689366004,211376.82882786376,214244.71566525262,216939.8842243906,213628.21564896728,212901.25249783805,212431.85474686124,209989.3125,211769.0,215485.97871683908,219459.04030468897,216044.28237376417
733,222500.0,231024.5625,232805.421875,235511.265625,235180.4375,232597.9375,228553.28125,233149.15625,230954.859375,234229.1875,229433.71875,232162.28125,228477.34375,228741.4206585381,231322.35534606443,229905.00542287467,227257.71241754937,226700.96224197448,230229.21749705603,227195.10879977935,226370.66821263623,229525.96484888316,228090.82584012396,229026.9215141777,232341.85017209363,233497.08213725002,230006.93836401287,230838.02197633812,229239.88568443715,227277.56150090517,233652.4326742414,224771.4115573039,228496.41335406626,227039.71957795587,226486.98967906195,225501.1874382281,233756.3796341058,230592.25681787124,235548.50120632877,232851.421875,233550.828125,233933.58846100818,224711.36820592528,228584.13645307985
215,161750.0,148679.84375,151605.671875,147898.78125,151995.8125,156157.796875,149055.9375,149940.453125,149457.25,147692.828125,148733.96875,147163.4375,146295.0,149794.9338323129,148369.82055439346,147091.73371646996,151498.39975234965,147542.80738466582,143557.66963474886,148924.82495199848,147440.68781507158,149659.61483201556,147313.75680894143,147201.40765500872,149337.75609790575,148404.66503638733,147406.80153661044,146526.33785725682,143854.7874218451,143587.78168334052,147516.83678410543,150955.51483215322,146351.45748412877,146640.55863666764,145803.74165549266,147865.74919094643,150002.23513474403,148937.56378062264,151150.50993447346,134413.78125,146309.453125,150966.50833606807,157457.91285841432,147018.34915632033
163,220000.0,231786.8125,224333.875,221520.140625,230321.921875,231843.625,221194.625,228568.328125,226019.96875,224430.875,221511.328125,220588.484375,232812.53125,232324.68995311347,230716.10118492908,235216.672274058,229559.1864808191,227683.26288949995,227247.56431081516,226295.64056527647,231379.37488702376,226684.96580365632,224675.43693046976,230465.98302717798,236082.0588713447,224418.7025582472,227630.49616972764,226890.87426694855,229460.42818855797,229235.6282138121,228162.6977494045,230829.55579044487,237339.4493614082,232079.18827547177,234708.45138928483,227098.7556388624,227231.49451504945,231731.74897666954,222023.7483739775,234970.921875,234123.953125,226519.9574143971,227458.3015465471,228907.38840079098
133,150750.0,153903.421875,148597.0625,151366.5625,151702.71875,159860.84375,150388.265625,153086.4375,154341.890625,154086.703125,157354.59375,156351.78125,157634.703125,155918.20863691802,153067.50131691786,152647.42859324082,152869.0503098938,159757.04215408285,156195.94826407573,153785.2178489245,157612.468782742,150831.35574174632,156584.03663323313,158712.97513790723,157155.31938166474,154299.42629797576,149065.88083996848,149981.99218690637,156986.1581484237,154212.04555167077,157547.19548881627,156180.5932536248,145160.16004747388,157913.59715865742,156626.78221278888,156480.3564645077,158031.45929379846,156315.87618598336,144609.02048943128,154610.25,155783.25,146074.139723823,146319.74171046162,154680.9509945202
1099,128000.0,114856.9140625,116478.5625,117823.0390625,120462.8828125,118077.9375,116822.3125,119248.9765625,112350.953125,113912.0546875,114053.40625,114752.6875,112801.5859375,113368.92960976921,114034.04307105776,113469.7989811775,113088.7370380195,117326.79807197086,113479.96834345865,116602.81392713453,114947.21774716034,114733.12820694986,112449.63670084669,113956.55555777442,112898.22204742835,111210.38389283181,112406.49616115465,112201.18122887537,110882.03605251349,110877.71436360135,114569.1837250517,110293.20179333408,114196.15132173034,116288.13077444058,116319.05622559272,112801.86700637946,115923.25923233226,113640.21110450532,113272.34089742905,107899.59375,112892.4921875,106704.91434395457,106593.668571685,110161.5460052884
223,179900.0,171443.734375,173267.921875,170524.703125,171727.96875,172397.96875,169624.515625,174361.125,163986.265625,171399.921875,173244.578125,174632.1875,170879.515625,165928.20602376244,168817.93782232926,163539.9925477251,166230.35729315053,166254.2395756971,168270.48241097946,165436.12464486313,163190.0199190773,169096.32760967145,164613.4884450085,168071.22552580893,165890.78113870192,171103.3966980637,174261.65835262818,173264.56327181414,163030.3909899698,168508.67756761657,163146.344564835,166720.47014639663,175189.06885008916,166324.35912523704,161023.52469608132,169646.43536229583,170445.3114813681,168359.57162687855,174902.10820957154,162108.03125,171128.953125,174543.8538597384,175705.4620781885,166127.6918235672
1313,302000.0,347612.75,320406.875,299949.84375,344848.0625,354126.21875,303501.5,318405.875,310136.5625,329109.71875,329313.71875,338407.34375,333666.4375,329255.8218211081,332500.8558461625,338283.1991280822,343094.0035280102,335462.2163935189,331531.6584327164,316711.86624376563,346096.8505163845,320900.2427595672,336072.47593570553,331402.76494706667,346904.5151566424,340563.9944400277,333771.7442858696,339125.01971490285,318443.35352760315,336751.57422441436,340266.53734578437,310309.7708053389,328279.615451135,327603.5618989225,331608.39681459527,321506.30977873306,335144.64572514145,332912.52142979583,337138.6228571429,338386.625,350041.5625,326204.3728144184,320157.56527028786,319647.86323514255
186,475000.0,332430.0,319355.9375,336028.625,327283.3125,343354.59375,319965.625,310398.53125,353766.65625,350997.125,348309.53125,363410.28125,372088.46875,330193.5866915111,334790.8375196455,332849.5537586955,327027.9970112116,347408.80198139383,319255.86772084056,354541.00968634314,329475.0145755102,352931.2648651697,345162.8480944965,332411.2430839986,360108.0384686073,328152.04920128174,319437.8247496722,353028.6981998762,361142.2290234893,336660.49129224854,337098.9820506488,356326.3202015786,317168.3183257201,359605.8089568505,335032.74723339046,341231.71136101993,345818.661117525,348705.9889600809,358888.1257142857,369785.375,346075.625,308159.882463114,295838.68192397454,346287.7575942326
42,170000.0,167411.859375,161747.703125,163860.8125,167776.59375,178441.890625,164701.65625,165922.21875,173981.03125,172815.859375,167035.375,178087.890625,175129.140625,167064.01216947407,167253.7082352509,165989.49036827692,166558.01244126732,168980.85129975766,166496.2860979731,170794.1441954194,170044.94604090764,165899.69409591198,160535.46334385133,172835.35857310105,170593.6797907479,163191.06656562083,162766.730305535,162093.5776671913,161659.21110247655,161358.77982181916,164984.61891968737,164511.88970225435,158955.00868736394,159424.2626450457,174214.2489902465,167431.54363336673,167060.8437277847,168845.98582946748,164477.62776818423,153467.34375,155009.65625,182092.17364424706,166290.12983700185,163159.64325684423
693,335000.0,283296.96875,289840.4375,280376.15625,284867.5,282493.8125,279959.59375,283925.0,261710.734375,263514.53125,271269.78125,273160.21875,269559.15625,283709.9079473523,282431.4568102413,264076.4731036408,276964.23856153566,281212.6857468152,286196.2583798955,274561.11827672727,268839.72951987205,277846.1336532755,279462.2322475423,276187.1226158532,280325.4742719195,289253.24670229794,279431.43455820484,274728.98388786707,265931.8032838636,280841.4126393393,270183.19781597063,284866.42466053343,278018.7362237627,281765.4116664262,273964.1013217688,266152.5801479881,269768.3633523902,279508.4480252196,283927.0218095238,297510.71875,297560.0,288663.9099588614,290123.45806089323,271401.703904355
109,115000.0,121625.4453125,123129.34375,119522.1171875,117665.046875,118358.328125,122067.6015625,115257.421875,116954.765625,114614.2109375,113769.1484375,112640.875,112298.421875,120565.0822369322,113968.47579148097,120439.24830509085,122572.40995071118,124570.768162043,118545.71777820165,121926.21079542751,121758.20827081143,119945.91341625109,119290.71999469995,117857.70128618336,122241.82780280773,121491.87173688126,116351.3454681671,122576.35438428399,120646.30234564363,117392.9246529112,120550.27809407574,118508.50473867977,121000.59018110797,120974.48981385528,121524.62475703233,124818.32919770441,119785.50119757873,115771.52771503998,114827.40443239798,132249.5625,112891.4140625,104084.8577012008,98336.74987134381,115787.56452306808
39,109000.0,133537.359375,136962.90625,134146.59375,134766.578125,130653.984375,132675.046875,134088.78125,134669.640625,136873.8125,134839.953125,132893.90625,136556.5625,131848.12870272927,132597.78312698362,133880.56187728932,136974.9557128236,134120.19275370167,131094.7073561757,136811.95937868077,134878.52881184602,134451.36613519874,136775.1966012878,134407.97107064122,129603.28216137821,136617.2047835346,136267.64287044658,138530.29788879995,132085.20682983063,133535.49593693143,134085.22698545933,132359.0618262549,133248.53999582175,137538.71676679837,134112.95555059065,133698.75111684983,134680.45455648302,134901.49724642854,136779.88021749136,137193.90625,132671.765625,131081.14049928726,130475.3931489897,131854.3324627716
569,316600.0,292404.6875,299817.4375,301082.75,295988.90625,293666.4375,285150.46875,315387.0625,292633.28125,287971.03125,297441.4375,292418.4375,299812.65625,286118.7722981251,281614.205865363,299112.81524303043,291347.81706017454,286919.6286417559,289967.20885690424,285403.3757570268,272384.55073675525,283847.1327297796,286770.8085670037,290328.9212706625,300180.3548846261,287466.9970072453,299314.0592932406,298945.179788603,300263.72410406906,284238.70766724215,291019.2246407791,291026.77097974,295930.1554935701,274411.97384503105,278861.9932419926,287150.59544328967,311104.3079395453,293088.2634457052,283695.93366300367,261210.875,255623.9375,290458.53565331385,272184.83347394783,294842.89710103173
948,270000.0,289967.90625,299834.875,305715.9375,291803.53125,303396.15625,303535.0625,325803.15625,318172.09375,292200.9375,294242.84375,310270.5,295645.09375,304006.26444243826,298835.0765882442,298550.7174260388,297305.2666998785,307188.90690879454,297554.2849893004,287167.96215109545,292506.960693907,301908.89744105015,293847.92741942813,298963.10687697254,307795.34652015014,310016.27156474337,296389.38456457277,308826.85619737627,286409.9255028381,287942.50748100237,314211.6307038191,294175.8034098981,311511.64922382776,286628.6515093477,296519.215050808,292483.2730578059,288311.8122360307,289499.15571452235,272082.24538006505,259519.6875,253697.0625,290178.46854675986,276165.6607870411,284455.3742053751
1234,142000.0,130695.484375,131657.875,132572.484375,128705.7890625,121517.15625,133499.796875,132181.109375,136562.515625,136920.109375,140216.984375,135714.3125,134809.0625,125774.76721278846,125050.21053739337,127343.14925939133,128810.8397140691,124723.10413734782,129625.81438964145,125035.02384869638,124006.36234691132,129769.63143668706,133596.58344621878,123609.917933736,127421.11533396039,129165.09807854723,127368.60789319022,132502.5033486697,128858.87266002898,129561.163170238,122475.6136600234,130886.86629729546,132089.15349748544,132095.96308636776,129958.10160236152,131884.98907486862,131112.55843200418,126539.85044174218,146126.27619545767,137406.796875,127504.734375,137234.58273095853,135135.42164341902,130371.58894480932
1404,282922.0,242116.546875,253138.296875,251914.40625,244929.671875,241880.0,248436.828125,257750.96875,252947.546875,234674.625,235934.203125,248904.875,256094.046875,253601.03286802475,257278.3466460246,251800.96121708618,249367.82493026357,237022.3874310243,250277.8328583641,243806.3867577891,252373.77060126443,251779.6173636915,242327.40253130335,246894.8364539367,250714.94765693674,247325.32020573673,254101.51598439334,248366.05865740762,246834.84272878245,253549.1594450197,242057.4379348906,258230.7821295032,238884.00995972188,251400.4941819539,243968.21180529217,248363.4769413217,250630.98994407445,251578.16167786467,243051.75380952383,265574.75,270034.46875,232532.1673872104,271624.47768503404,251853.61550135992
484,164000.0,161069.640625,155844.171875,158757.375,159161.6875,164092.71875,160024.65625,155220.890625,169401.5625,161566.9375,162854.21875,156421.328125,166536.03125,163326.80763737028,163825.0732264099,166323.19081043368,163620.4058880297,161944.31772718162,161995.45608279813,160768.04064500701,162557.28411866433,163518.9999592177,165754.39299850547,165369.43158702794,164008.38799737007,165635.77680590271,160109.70380139965,164084.9789283431,166493.23487640615,163323.09899365957,164419.65170093073,161387.97447218338,163686.07582476042,165485.0183644494,168911.84691222402,157529.5197233807,160407.44267324678,167237.71940390393,168422.14283008655,175207.140625,156648.515625,158326.71008363628,140067.26651435188,160692.13615662896
469,250000.0,233101.578125,243303.046875,238795.625,237159.515625,236580.328125,239837.5,238868.0625,240753.59375,239523.921875,234582.453125,237060.390625,245375.28125,236976.58336596593,233833.78938348842,234509.5962744831,233914.59617731936,231046.3843676408,235268.29776442613,233931.03708900695,230792.2024823337,234936.30255289812,235115.87677897612,237807.50238156618,229916.4616637786,239573.64860992267,229605.85297531023,232441.9364836501,232833.595701424,233955.49849704962,237957.75567734698,234728.88239190352,236880.31669169932,241901.86999333216,232021.70127613202,229768.14389345772,236487.8348198463,232440.90193025803,248657.37876914153,239693.59375,238529.09375,244334.80450271582,227164.53720286183,232011.65428012237
891,122900.0,116204.5078125,118861.921875,119200.203125,122972.4453125,126486.0546875,115592.28125,113936.4609375,123518.171875,121225.21875,124368.09375,127486.7578125,126713.734375,118865.84821665821,125350.25348773968,115081.94958332797,114760.05233862657,113848.46416991008,115727.17460351219,118323.60685198453,113892.9515516334,113142.15224448453,108378.83613827263,113787.64227612784,121929.20063639761,115933.25626518413,117430.97177529169,113627.50557392761,112742.6466813733,114190.0811258279,117603.5405741356,112946.16947516671,114572.43765749551,109810.66820163482,113719.10467549718,111716.86380998016,115390.33484734873,117911.45587915981,119807.72772855224,107858.1171875,109800.4609375,121502.53214242871,129636.81878673255,116451.31220494703
25,154000.0,146652.125,142500.84375,144026.421875,143341.6875,146848.765625,142435.765625,146095.140625,148688.65625,149482.984375,144077.953125,148275.09375,150266.640625,146458.35883628673,144840.78684479796,150832.96152499074,148896.68812684866,147673.7011005718,151405.34229077425,151401.70328106522,150319.0122495021,145677.97172647886,149501.46315360797,148416.11590778033,146991.54940399714,146991.3238633555,145258.50383900982,147232.9710288067,146459.65290506498,148879.33980232975,151821.74783630032,145481.85881929292,149619.15915408896,148753.18798142066,145722.2529783769,146752.22221978588,145558.01196269886,144594.22762765604,140446.15464960152,159653.953125,156086.765625,152402.30615391553,167145.96741478474,150744.8503685504
963,155000.0,162273.640625,162007.0625,160388.75,161076.390625,157923.96875,157810.75,161096.0625,151951.4375,161403.578125,153086.09375,155919.109375,150886.140625,157503.67403654126,158083.27594708468,159123.00652921328,159233.09048701433,153950.0130471474,157768.96297090247,153740.75164575173,155946.36387588002,157780.46715089976,156218.25771316286,156136.67794625205,153621.4763802686,157151.48036880407,160273.2908061104,159646.34185414313,154039.20527609935,156874.15641139552,155231.66545654123,161024.19182081422,163927.61499971474,154025.54671508662,153974.32812564375,153916.58797118568,159945.18639174005,154894.4391746247,164589.1101784765,158382.859375,158500.046875,161989.28131040398,155083.97713182354,154635.2579589722
1101,60000.0,65453.1171875,66570.9140625,66050.453125,67834.9375,62875.29296875,62414.3125,64266.5,65156.6796875,72219.9375,67524.03125,65088.8359375,68214.265625,62029.70840078162,59174.622471521296,61362.07235774543,59353.228626090844,55801.00166898893,59987.57306251553,63108.30284152177,56997.66189836087,62196.32203751495,58238.21532204479,57572.3941525841,61248.06178297249,59800.159353857496,63084.95999214887,59617.933882031306,58834.148617493694,54429.811331828394,56932.089579355474,61141.75156670957,63792.33576252953,59055.076560517366,57628.856665422536,58651.67220075342,58247.70035308342,56717.205369772164,87171.29220779221,20704.375,51424.42578125,82121.47315341402,62580.27012363389,59934.44779978512
69,80000.0,80281.8359375,82422.734375,82315.9765625,81714.8046875,79237.921875,85058.53125,82174.1640625,84781.3203125,82290.1328125,82486.2578125,85092.34375,78570.09375,80610.23615455467,81820.30821417147,76329.86915590658,79427.78127532352,77604.72347422295,79130.89461262332,80368.97546083602,76255.4095136292,79565.74546461565,81821.97739699138,76895.4602173421,78525.4294696083,80581.73543082032,78035.20002679259,81591.84181339722,84080.96880586624,78941.98608845283,79914.50781266492,82060.6835909899,81505.56218841179,81118.80515520634,80578.9298874588,79003.86823012162,84199.6440726239,77884.96831962655,107945.43012839285,66571.0390625,79644.0,88822.21065702135,89671.942588684,85303.46763542102
885,100000.0,114316.53125,114043.6484375,112526.4921875,112246.3203125,114623.9453125,115159.3046875,111244.6796875,117114.2734375,115195.9296875,116056.09375,118176.515625,116859.3984375,117333.55819748697,118047.99758835381,117878.81610846244,114852.13370838072,119352.83111207746,115446.1299733965,116592.98954818952,116985.69976090264,115414.5650144095,116411.92591628619,116111.28675491865,118527.83259577649,117501.75976889204,115801.18918087344,118106.27716059276,115645.13045506387,116614.02592871145,120031.85514012194,113972.63910729655,115948.1118181566,117688.73252238527,115905.72457568168,116832.4276481181,113842.28152279358,117832.3318635983,121761.01567198438,97733.5859375,106344.8125,117131.61447242575,118334.3005931488,116139.14384553835
1232,132500.0,146286.5625,142560.921875,143739.359375,143754.4375,141673.046875,144389.5,144749.203125,149416.859375,149129.8125,149544.703125,147726.828125,149881.84375,144061.67141684098,144522.64921733428,146359.47744752132,144487.91340960568,146664.06765279899,147427.50288205652,148398.95453847494,143465.89360008886,143497.78796654503,148091.51226926025,143823.9347005024,142879.75576238128,143839.10780527518,143931.33643988005,145399.82560575847,143646.0504995224,146032.34397969488,146790.27457803267,146754.24449477345,144765.41437264075,145441.704766091,144261.22210680883,145808.33416299472,144042.0583196668,145572.14869948267,145819.1664336213,141637.171875,136863.015625,138135.12502957843,143069.95604876988,143460.49134344666
367,159000.0,163476.984375,167337.953125,167456.40625,167087.90625,158358.921875,165155.921875,169718.375,158418.109375,161812.859375,156766.96875,166667.640625,162040.515625,161271.5358991222,158173.35320926807,159839.1316919352,163129.75431687356,163135.33807242746,163196.966950952,162758.45603838735,162585.42596283994,165744.51909782406,161704.21892016166,164919.35111113967,162826.12909490557,160652.4725501283,165506.10070880243,162535.70380634788,157793.99885819422,162839.31585456833,161722.7102869884,166066.00960295065,165133.81378634143,162108.00814350354,151738.85331227395,157838.78798547713,156707.60724369338,165257.8135658754,166092.6710070244,169408.15625,170316.1875,164290.46432200455,172951.4862340418,160948.25252247133
506,124500.0,118842.765625,120343.1171875,119664.8046875,116760.3828125,116236.5390625,120010.9765625,114065.1796875,118893.4453125,121980.3828125,121041.34375,119578.890625,116872.9453125,117833.5500903048,111085.1395917079,114643.00654004046,116405.88973142773,117074.50326346981,115225.44447862323,116445.76253004327,114765.56584017303,117761.06184689276,117622.602419767,116469.3262193594,112943.43658275649,116353.1016402385,116908.85791683718,119008.27086294089,115479.8571327056,117539.95335845531,120313.3492991446,118764.51533587373,114316.18396377156,116825.25830035911,113245.04033620236,110607.24079414162,114266.71765510848,113347.85473689692,125656.4968009768,121764.6484375,117787.875,121352.71088780081,102474.48370233818,112855.89373691665
851,131500.0,138796.8125,138497.71875,141083.96875,139082.765625,138329.6875,142209.640625,140094.359375,138524.4375,140431.171875,141431.515625,142885.59375,142008.140625,139365.24182848106,142242.27339935358,139980.24739449902,140852.9385233458,139682.90401367497,139637.75396579056,139224.81616194133,138703.0938088099,140409.22861323276,140327.4765931368,140487.76017890882,140865.2952554726,139618.44441093455,136559.80387593494,138979.76193072394,138258.8588107465,139429.7820481453,139758.84208940883,140163.20177223865,138860.0440927416,139624.24807677986,136753.60208036628,139942.74963105208,138817.01461576574,137988.0711030906,140681.63014652012,136002.4375,133400.65625,142008.0656147443,135802.42523989707,137838.59926571287
1282,180000.0,193614.734375,189090.671875,190011.875,196633.921875,191558.0625,190429.84375,192125.953125,189321.015625,188776.65625,198263.75,193125.359375,190146.34375,186142.14061453618,193299.26286433157,195314.37682601734,189097.4564757427,190318.39838046837,186156.01924776574,184421.11125867546,194018.01513234555,189484.6029743753,194710.43631138367,191069.67075346096,197817.20516987977,191329.7866626681,194442.0314991121,194936.73652279977,187231.16019031292,193295.62480655522,190998.55839124814,191591.22111695298,189758.29034292247,197689.92976913348,196733.82926034648,199117.84644273564,194724.6464685397,190448.5278293561,177936.8988045288,213435.203125,210996.109375,193340.6405103545,190211.65034307915,188264.66974545963
384,76000.0,80751.6953125,82096.8515625,80532.9765625,81122.5078125,79237.6953125,78977.8671875,79620.234375,80584.75,80606.0234375,80760.078125,77295.046875,78943.6015625,81122.40933247411,77156.26267329784,80072.33643585446,79423.6441180806,80374.17195929961,78869.41497717168,79346.73622699727,82202.36173784007,79999.24117392211,81131.0901463863,80873.19420991099,75796.6795471503,83354.06376222664,80658.95032177928,77349.25407492253,81776.65615580462,82383.49969445045,78399.45912980617,79791.22967357084,78249.61149011036,83320.3404485053,84315.18290505178,83057.88127145052,83283.80011503921,79801.18503982257,92539.7861904762,87514.828125,88431.984375,82800.83407950135,79941.49566733185,81483.16390070751
735,108000.0,117905.203125,117603.7890625,114488.0390625,116925.75,118693.4765625,115917.28125,118688.7265625,117175.515625,117814.6171875,118718.171875,116338.8984375,118458.6796875,116352.46404911611,121217.5683031463,115484.21043746303,115600.87488222372,120741.95868400416,115845.44046954847,116799.66574784085,117078.67196916783,114900.3449073461,115150.17840506462,115789.59135384065,116184.99729860708,116554.08739766575,118508.23260552449,115452.53354041747,115327.93617869515,116214.99073525492,117421.617666373,114392.71579936583,118473.2170313968,115808.7369195309,111304.20361250083,118121.30746271214,116013.08890588029,116131.28088775917,120878.87752954279,108375.078125,115890.1953125,110693.92614458641,124628.00037431689,117189.5977108095
718,157000.0,166367.625,165767.21875,162100.09375,159657.890625,161443.34375,157753.421875,160837.546875,167535.40625,164987.671875,164722.546875,169679.84375,166428.09375,164521.51733924638,163524.59953967028,162420.59695492976,164550.17813626406,168013.75387923614,165149.3357543905,165288.4899122594,162037.4059448018,162348.595486043,164594.79613015548,165354.10796898097,165765.7988858109,158049.26362893745,162235.4559012074,160142.16098720595,167353.71169706073,164297.3693223336,165832.05120371602,166118.9090809627,162568.19120245078,166355.6580437675,163822.95580285744,161435.82830839365,164555.37040800785,167331.70943870166,155458.93264680743,151002.34375,154157.984375,157391.96820069378,158700.79674386606,165306.296743832
1301,225000.0,225783.5,223692.328125,220661.5625,223517.890625,224980.703125,225327.046875,229318.09375,221212.515625,223308.453125,225021.3125,222274.03125,218420.734375,226064.05158977196,223110.29685533248,230871.39771694777,226595.45690841426,226061.249326976,224802.6238718778,222987.0453524109,224437.72916013483,226500.31486247625,223773.21532120026,227408.4120780383,228515.68419865431,223730.98826246147,227688.7820854614,224927.53982332483,222434.31593265047,226504.8934313717,223883.97498332508,223864.9621448063,225230.15282316087,224038.82010735018,227748.80158987717,226409.67242821332,230958.9051637047,228227.73392551087,223745.722736131,236547.4375,228464.8125,223878.570618192,229508.9194015945,224278.90375192143
455,188000.0,143556.46875,143254.359375,136902.171875,142759.84375,145007.296875,138137.34375,134030.234375,163444.359375,160938.546875,150547.71875,147577.625,149726.34375,142272.70974434496,146399.3694294254,146038.07275020028,141324.37485372013,145040.08315125722,143508.24219647906,140447.0820288135,142372.7613136037,145371.05259342867,141007.1735299988,138755.65754479915,140501.32800971743,140912.47770384146,141181.78232895958,152622.88031324916,144671.00429482333,140747.5221096342,150949.83819701336,138245.31655181435,140956.87449200553,148942.04774931454,146176.29968448562,137905.0435361088,146068.02054279268,142474.23732131138,142284.46872751456,146058.359375,146136.953125,166405.35823597282,141510.96332175203,144421.26938812813
265,73000.0,80677.7265625,86415.984375,87511.4765625,85772.765625,86943.140625,87316.0703125,87103.1484375,86531.1015625,85017.171875,84583.4609375,84701.3671875,87875.4296875,82655.26580158176,83872.76650385126,83063.35934547347,83552.37829647868,81917.47563052806,84614.09759587694,85471.31026541932,80947.18095053596,85917.63833209351,83693.01885428776,83365.49150822357,82126.64836233217,86494.94045857602,83957.95736938667,89415.01376565619,82729.59282045635,83180.73670428988,84797.79031369925,85407.6933793279,87260.32418917838,81814.39214668985,82103.98525524445,83127.53655515406,84636.4236216776,81838.25611820571,95579.25587301588,58993.375,77993.6640625,87822.68607146655,76616.24789997344,81641.02435443999
76,91000.0,89762.4375,87397.4609375,85612.1796875,88489.3515625,89315.578125,90697.8046875,91451.796875,94834.6171875,101495.3828125,95661.1015625,97284.4453125,94769.828125,88724.77255649789,87983.69362814294,91259.79532524252,91845.62382054728,93537.17375884033,92470.77856682465,90851.67027167189,92458.6139592575,89885.61650627376,91857.4744389232,92104.91503856552,89407.22576907452,94453.8084181954,93521.21005033806,91466.4217976608,92092.05883150412,91754.64720588211,95549.8714862845,88744.2156493361,89710.74125442338,83997.3501796111,96783.105858492,90933.834369457,87398.39608733128,92175.41596235873,102811.01984848487,83110.671875,89224.0546875,98855.3413776506,92683.74914053894,92111.28722995047
915,173733.0,162157.3125,162106.90625,161237.765625,160648.53125,162024.0625,157475.9375,160761.171875,181481.375,176552.5,180199.109375,180301.953125,174276.09375,166595.84196323485,172721.22407296652,164604.08445070873,170708.94682688723,161178.71444805257,169476.8080999378,166401.77111555953,166318.07486383477,163662.58151695074,163728.8511616565,166320.89907185352,168321.3837293632,169209.6232033113,164235.22281384873,163642.56425670534,161081.4573570146,165532.95907642663,162693.06761620854,162798.06087984148,168625.79446082117,160377.00153156652,159704.838414162,165435.1387052789,161542.47178554145,161105.67184164928,160344.12285714285,163823.125,163659.96875,185413.19062887147,167182.7163264159,162725.84519210472
233,94500.0,91833.7265625,90322.1484375,88265.75,90472.5,90711.640625,88845.9453125,92331.125,94543.2890625,98083.8046875,99906.0625,97197.046875,93063.5390625,89014.37275622252,91930.27876497191,89148.06279701006,91516.80130780296,90246.76389461583,90133.34555846009,88959.4072001099,88819.42220568442,90698.25967881952,92526.94334995042,90084.50814546958,88510.36744953637,91205.63879769655,93469.82962348533,90731.45732610584,90110.5345922736,89074.0487539676,93382.90843406116,89599.14530212316,93355.12462443962,92194.88074933451,90172.954835439,93829.73125420166,90302.52663389953,89035.09424835096,110009.50003044574,72131.0546875,88679.1875,99861.04484045535,95167.19988743283,91304.24834462776
445,210000.0,219233.3125,210788.953125,214994.171875,215963.921875,212018.5625,214569.765625,212342.53125,210769.71875,213419.1875,212813.515625,213221.703125,211974.28125,213437.43184573267,209132.65870571372,215242.0671328196,213865.4958185163,211023.15925539166,215166.06418443666,209966.78135193046,209429.1841338825,212383.9820184025,213758.62635389814,213159.3941645719,214732.26579817463,209246.08792994742,214183.6470637653,212831.19140642427,212358.47014394446,210777.09180025384,216703.41288510358,216485.33734142882,216691.28559800895,214552.08531033152,219267.52491626595,213265.86244146156,212512.52235516073,212153.15362795204,216847.66397477817,224631.125,218673.5,213673.57936945924,212330.35702368763,212379.7887008643
396,129000.0,128089.7421875,132078.296875,134639.140625,131660.140625,125797.9453125,133263.328125,133522.328125,133144.546875,135418.328125,134680.703125,128281.578125,129472.515625,126332.54628727993,127866.35961263314,125856.78713464468,128595.02937228877,125306.08595964698,127287.725297116,124648.35549585361,127339.80831418117,129437.88409623392,128239.1496693829,126186.33515106289,126492.60482199256,127740.77028553661,129047.2414769229,128225.3338177492,125674.39946138734,129505.80604257966,129059.86619715938,130998.73260917216,128698.16249874039,127442.76605672925,127720.35510465619,126061.40723517002,126175.85037911922,127481.23704667485,134299.36563439944,135015.984375,131232.296875,134471.60705093874,130182.48250357463,126754.73812653721
612,148000.0,157006.421875,154364.25,155003.0,152942.859375,158870.671875,155800.625,152898.515625,156174.5625,154938.34375,153405.875,157368.09375,151542.078125,157774.74862678294,157345.6352228327,154854.41614154432,155138.22993347124,156632.88881309156,155683.41162871438,157537.36508262923,154569.9942041421,153300.45422647317,152930.82034839952,157216.4756592768,156855.41535111534,157252.94455737667,158326.93981203114,155604.41629235196,155120.2794420311,153934.77747730244,154929.8364196909,153820.44104450583,157244.26397986923,151726.18149704946,153199.21176639677,155147.7467460165,156978.9569504331,154857.3210422459,158859.17074889262,143697.53125,148805.109375,159110.89994553835,160992.14343921497,156465.1320712724
177,211000.0,220712.078125,231796.53125,220518.09375,222563.25,217932.125,216256.171875,214373.8125,221751.65625,219666.78125,219524.6875,220798.96875,220227.03125,220476.35463843905,208204.59593476646,216728.87554972642,221071.48798949784,215627.9905326876,222394.92789478044,221908.0075159136,217668.55828935496,220366.1688576158,218921.44857391098,219858.83346986992,220823.5428034043,220686.89041002226,215958.37630299915,226660.16115445277,216344.101794644,218131.11062710686,213943.75768279887,217230.64157572424,224631.25579127469,221938.90528923387,214623.59775913638,222012.65566571118,217478.53840371652,217344.67337036933,231563.09552944865,223167.34375,231331.890625,211995.85991606658,234916.81699978476,220127.3984683271
19,159000.0,156241.8125,152367.359375,153498.5625,153818.75,154368.515625,155851.609375,154536.734375,158346.3125,151216.109375,153661.25,156965.28125,154487.375,156330.75430211553,157939.49382941535,157219.48759153418,154171.70579369037,155671.697678832,156437.1348200663,156138.98426791886,157653.47931826432,156306.4124580432,157497.82420705905,157326.3564899516,158552.8582366969,158060.53541623324,156133.12958662113,157321.35716956266,157462.01654563984,158606.7634151229,158008.14249482678,154088.10150307274,155293.16445172697,153855.21458661012,159385.14378275955,158462.82184918967,157002.53931954873,156273.39692380247,147997.1203303265,160336.4375,155029.3125,152867.20427192276,152787.3039934295,156414.2983681233
1278,197900.0,187507.359375,182369.4375,187702.015625,184970.203125,188304.4375,186095.171875,182691.125,186531.6875,181581.234375,179805.671875,183608.984375,177551.9375,187851.5773489443,196938.94554182576,189507.84284716117,193811.06526854722,192335.98261057943,189445.56991344236,190861.72800282406,190282.91846945678,189534.0627756409,189154.42615753255,190790.30703695552,190532.28499351157,191519.73782897144,182826.57794633278,190365.3509489818,179519.3188037449,185852.73401056658,193020.20719102377,191046.03085596388,188006.70309513574,184007.32976602693,195918.2926367518,195202.7572901194,184906.95603302072,187430.88482467254,185280.21826225435,185916.390625,189929.625,194248.34605105565,196093.68223519102,183375.0925368959
1030,118000.0,117685.359375,122375.5546875,117872.9375,117675.8203125,119267.859375,119362.984375,120417.3984375,116622.6171875,121949.8984375,120177.3125,120435.3671875,116711.0859375,116461.97918776426,119653.38098252876,117918.07115026262,117049.93386517178,117393.25433839255,117934.68130285264,114621.41410165594,116010.19242463935,117010.91042654912,116891.25840351656,118101.5363768407,117629.0638145111,116638.83071416672,118859.42499202704,116777.12600940341,117666.425044561,117629.00345334756,115810.33384387505,115521.99497979273,116689.58383506756,116167.30463245903,118057.82327391935,115275.89171654319,118644.93274676857,115444.86594848675,112528.50495531547,112668.59375,117591.90625,117779.8873215052,116375.59622736461,117447.03114175341
342,82000.0,81618.5390625,82505.078125,89608.734375,80445.6171875,75812.5625,87820.6484375,84823.609375,85256.1953125,80586.0234375,75975.671875,81674.671875,88460.2890625,89477.80377788558,79921.81332423734,89808.87648408047,86118.328670222,89580.77308339375,87871.38778080071,86950.92312506973,88047.1496471172,88290.84568167324,91101.84018215262,87254.99901739851,83248.02007796941,83646.64522864948,81379.62215760775,84273.08709600945,92139.52191594346,89898.06753137126,91029.12975070748,84573.54425832898,82407.16501213083,86249.41107897057,94275.34447669194,81890.49363416863,83172.72619888178,85245.61973753519,107043.541068631,62835.2890625,77226.28125,88884.8194377285,77870.18501397861,88775.28126601389
1098,170000.0,153875.234375,158355.75,155088.46875,151802.859375,152033.078125,160756.890625,152711.109375,178143.765625,180965.515625,178088.5625,172423.03125,182739.265625,157098.88892756155,153453.06439215224,157836.69382963603,155418.0207790865,156523.19914243123,156587.18816225298,153915.13214295649,161089.68348149382,157952.1646166242,160636.0169048553,157744.64640986768,155405.7785972881,155768.58937170642,153622.2157073772,161922.46426159807,157848.83882971387,157037.56871052357,156648.7414270834,161143.71674835362,155678.65878979754,155164.2922622408,151883.8488960605,153515.58484610706,162581.5709628559,162726.4899267116,174532.22758396488,163978.796875,163946.46875,170636.23938952078,155210.78252295553,157714.3856324273
880,136500.0,126355.0,125397.28125,126484.0,131122.203125,128741.1484375,126279.5859375,127027.375,132298.78125,132701.53125,130831.09375,129717.3125,127421.046875,127431.64591221385,125382.73974392182,124283.99120564273,127631.46287922582,124712.26522792116,124660.58177630551,130124.96178243411,123467.94803386368,129129.1691459986,125612.42585755169,123822.83233164245,129592.71921670408,127889.9484594012,128523.79060444373,126007.51431548859,126708.43177982979,123698.31681044516,123121.74408999455,128462.50277960923,127029.67462038998,125494.53477623436,121344.13914094589,121821.44736203406,128847.5693914961,126206.79114710921,132225.96704768392,144068.109375,136065.234375,128789.1482949871,134006.96191698997,128328.0665237231
596,319000.0,304663.21875,309668.53125,324732.96875,310399.125,316987.34375,314041.84375,308575.09375,335333.59375,333514.59375,337896.09375,338686.1875,350720.09375,325688.3099818698,349403.21258469427,331928.85276754457,331988.0392216161,336360.20478591253,334125.8712753088,330987.24248400965,342340.67422467994,320673.5179598218,329412.30332370824,328753.4398114506,341839.104241158,330884.0796150409,320553.4677727147,327273.8734039811,330391.8365984005,328203.9374810938,339039.6048811671,328147.6766834116,317454.8482168837,317779.60357904166,326319.9150700169,339354.8043392192,329524.3288046561,336208.81463657157,303684.5004761905,319874.125,338877.375,324172.3301219286,343723.8321462817,332985.85441007465
62,101000.0,97235.21875,94248.4296875,98659.6171875,99460.546875,96866.296875,98966.734375,96407.8828125,103823.0859375,101711.2578125,101442.453125,97382.0546875,104235.359375,99753.57168901351,95105.53789874021,101158.42325117206,99307.4865944091,103442.70431941163,102455.03692979852,96938.33061765454,95979.25470414937,100822.7981569436,99587.24253447403,99971.08131294347,96565.48226728317,94746.66393156344,96195.55430857933,95218.08935004077,95895.03005462771,100084.36707476422,98675.98500659862,100149.35917061352,97837.2115149885,99012.65901938156,102323.12565770159,95909.58621502544,99522.3457599567,102139.83685298197,100284.38688028403,92431.109375,100435.9375,104587.25696687968,107604.12482617004,98584.66729942521
1228,147000.0,140943.4375,141860.171875,139708.5,139382.71875,142445.6875,142957.9375,140313.234375,135798.59375,142752.046875,144321.265625,145677.765625,140465.796875,140620.43105124394,145531.85783317752,142402.23589788072,143204.4341254094,142459.79410166523,142181.12364408182,146630.26580638107,144895.20972593524,141725.7225322285,139363.19935062435,142353.7871762384,140507.68886122317,141255.4357477054,142554.89276424402,142546.47717567947,140911.8282851515,138146.30778203395,142647.3625703858,139524.6519792307,142446.054511523,138484.94570094833,133889.92614894116,140502.00935860685,135183.51746596245,137739.56498348078,134458.60560619918,139965.84375,148736.015625,137722.90154512943,149852.79536889895,142440.48346265306
273,290000.0,299911.8125,290926.5625,287878.78125,295769.375,299771.6875,285018.3125,295798.71875,285403.71875,299911.8125,297793.21875,298006.28125,296089.0625,285149.69518438855,294336.7034182956,290422.1086117031,302859.7771300718,297267.5106375563,293837.99822776916,295375.17610881315,285011.89634062035,293392.4220704613,290992.6664934193,291712.57360367186,290646.9855353284,294610.48716596566,292313.9461715117,290547.1841160901,293305.8850243747,287080.5381282107,300780.39881782327,289065.8530918823,280534.76180962456,288372.2193984807,296700.5600634566,287540.0564964603,292003.5648305023,288765.13387502474,278420.72931972786,300159.21875,315627.78125,289881.2543560656,304280.78913236375,295441.6047722148
1177,119500.0,132273.671875,134161.4375,132104.625,133026.765625,132243.53125,131690.28125,135684.78125,134036.328125,132041.859375,132200.25,136592.109375,133350.15625,131039.08374583573,132199.96489440423,135571.1780075568,134321.99183628216,132993.70912825392,133139.29589211429,130204.84609207495,136029.09639007476,132228.48424081597,131997.299672771,134321.18696671713,134519.2798917157,131800.1525633711,134633.7065347438,134967.37216125915,134352.45935267583,132481.17331971112,132658.58713478703,129774.36110158125,131900.39616665812,133761.76093346375,132542.42262755477,135656.33443341887,132680.70209459457,132296.22975748064,131373.00327932904,128307.75,124032.0,127603.69477010475,131725.09564611307,133637.17068878608
873,116000.0,120513.328125,121833.25,117853.15625,116833.8984375,123667.03125,115660.4296875,118453.40625,129798.0234375,131251.375,126919.53125,129447.875,128695.90625,121140.59483609756,119148.86938606178,121781.86166896643,120770.58831350812,123946.5659972537,123953.65613390642,122181.03744217154,120424.09476489841,120314.36370176866,121950.83655760497,120767.11453774988,121873.60503308607,120888.54226056379,118111.11442079437,123389.28755951129,117603.72108211492,124036.39149928195,122172.52853124637,118348.22195865371,119260.50843238088,119558.2462466832,123416.48429378487,119361.78243155208,121145.96290492584,123566.40060044231,125559.92985003744,121185.109375,118919.0625,132235.173899987,124218.75161412034,119338.89742573707
1091,92900.0,84176.265625,80181.6796875,86787.9765625,84249.90625,87614.4375,85668.203125,83886.2421875,96921.5234375,96792.4921875,96672.6640625,93924.2890625,101611.09375,88523.68777130781,90631.92900903754,87545.12444132399,89849.47978573565,91915.06468732629,91389.68527585502,88548.24770749945,92536.15693821259,89440.53709712884,88336.0610900066,91258.49094276836,90642.81952037913,93923.55489506359,86694.23743133627,90101.8894522437,89569.82827048493,90764.76772609155,88121.29053407336,90726.05565800933,87150.43493057125,92703.33874769208,90577.09924788996,94011.65239966408,91330.37313739439,88310.117039108,92601.41333887042,80953.015625,88277.7890625,82647.55626707332,86936.58430552165,89001.4861601149
1371,105000.0,111601.5078125,113703.8359375,115711.1796875,113013.03125,114547.125,117583.15625,114620.1171875,106053.7109375,109439.53125,107943.359375,109706.5703125,101119.0546875,115379.27363854142,109638.64127474102,109585.17422580312,113262.21879823231,107737.59142873042,111269.23846088492,110376.3453548987,111607.48586457256,113637.60826226124,111347.15897372918,110984.736910392,111011.11208479939,110453.76516065442,107392.72181112209,113097.34995909197,112968.46860139287,107818.03607381013,110772.9735947548,111737.2668308479,108166.25012827812,109647.57585265991,104842.4683699816,111070.68679017093,111124.57331748004,111099.39219934856,123394.16301731601,97460.53125,113945.5859375,114480.35306717403,116755.26735901897,113685.6802308708
279,415298.0,387939.21875,369209.875,374249.53125,387349.21875,390199.28125,372629.8125,350890.84375,381157.5,388660.34375,376451.59375,380188.09375,366435.46875,384818.88859117735,356528.391458427,403410.73508259613,380337.28773117525,376535.1533290624,384184.5500812533,370082.5173033646,407142.0551642714,383053.1441125502,394928.61346355424,403721.6970498681,370836.0424973814,380106.1158667963,361070.03808547545,384722.44383143797,406651.70721911005,390935.39558931615,410404.50637079286,373236.1935817079,374013.40859656024,377039.28071478003,393833.67983314925,391275.1141884837,393410.37392932025,382519.1259878304,404949.45285714284,375820.6875,386751.25,396035.1938625531,394149.10842376336,403347.51161343046
1129,215000.0,206998.53125,212608.59375,211439.65625,210032.84375,205432.515625,210085.734375,207882.25,211512.375,210018.8125,204912.046875,209400.671875,207418.5,206019.8680690214,212632.59837547588,210248.64859389368,211192.40750128884,206510.51155815073,207878.3218516855,209329.12575628204,208343.97103139493,208116.55576579523,211476.7494213921,208789.65344865547,205909.45523333686,209948.6622036042,213702.38923844445,213401.44930042885,210034.4970084036,209713.77372008128,212924.54723509605,211356.3072410112,207431.75247345245,208236.9892299062,210421.54213282652,212017.66626608098,210985.66684762834,208843.84609430196,214189.87965555085,221427.125,215476.546875,210632.0105349315,210062.8075980856,210091.3122652519
695,141500.0,136565.09375,133323.328125,133189.25,133534.296875,133729.15625,132040.125,133502.59375,144803.15625,132071.328125,138504.5,137784.296875,136287.109375,132890.741864244,129174.80910016481,132705.17107860904,135804.43308515666,137258.72457920815,134584.31464974696,131989.45841125768,136147.6871823786,129271.19908378116,132079.53063611395,129931.17300786318,131322.06643703638,133709.20995294125,133987.1828357444,131688.42307735424,131807.83022421657,133156.23829761046,135033.4790565047,130150.28257265605,134353.7283336076,134714.3170396778,133738.9218454761,135244.22901061273,130966.28307304677,134038.54826779218,133160.3653177162,140588.0,134312.375,125784.63540996246,127394.29045774534,130774.71634064673
369,132000.0,145429.421875,148449.046875,148539.265625,148138.484375,147881.15625,146545.171875,141002.328125,146455.53125,147665.140625,145354.140625,142860.34375,146574.84375,145172.44800143605,137390.98259864605,141714.43799654517,145299.5054496226,143119.4840297126,145221.3782345993,146728.34026571186,144518.14977498754,143824.2951676197,140463.0097064172,142294.4972115347,143622.5797004297,141879.86210118642,140809.8931414731,137556.93378953612,141568.99811922244,142528.88319696925,141332.89330371548,145252.17322283908,139542.7750207591,142889.3204414717,143507.80207152572,141573.388069393,140713.23134801275,138559.19570303403,146173.54217335314,133194.5625,137022.875,146346.80575239734,144842.40550026804,142274.99268798518
1346,108500.0,90456.453125,93040.125,90040.3125,90649.8046875,91962.828125,89212.484375,92220.9453125,80661.5625,86579.5625,86719.6484375,82846.5625,94775.8046875,89485.99766380058,95898.02161996832,93568.53968376046,92245.22870748813,91777.95193688519,92195.08393604832,90199.60502332478,91755.08121761866,88642.84840208942,91677.78721059316,90951.44419183336,90008.6693586645,93573.28590799941,91762.88583673975,90606.69027553868,88992.64453888441,88816.15421295397,95239.16153573633,92225.11980969961,92380.50303425486,90983.22348181717,94611.09372136065,88369.10281746331,92504.4256311315,84870.60385394705,108529.69965697656,91567.6328125,96234.0859375,92214.65671757978,95732.47165669707,90575.88849974079
37,145000.0,150923.328125,150024.140625,148198.8125,150224.4375,146862.625,147999.671875,145691.09375,152604.15625,149301.59375,150897.390625,139061.875,150282.546875,147906.12474773527,154964.99041353562,153292.61922482186,150565.87615818018,152682.91941709036,151071.89848773752,152962.39284427272,150512.24646811048,150807.31999277513,154881.41640665516,152693.44285022852,153541.64420441564,158634.04923197927,153232.34507669526,153964.90965557806,156795.4058071916,151173.21308432633,154613.36218116622,150039.90781237194,154681.14058514513,155558.02652747938,152139.8184955127,150959.68102606636,152612.3760873732,151463.06598275102,147560.54503378618,143567.46875,150700.96875,142865.46832840628,164360.2147364015,157944.54816564528
736,163000.0,167088.390625,154018.53125,150050.609375,164742.03125,167542.03125,149646.03125,162704.4375,156476.359375,164849.5625,170946.203125,187464.546875,166744.515625,165774.5525794441,180780.71525022353,163698.24289338186,163405.50002803243,164001.38761348822,170936.14680577355,170369.99999354358,158450.0155261799,156936.34923574797,153765.02290496638,161623.75338047874,168280.93095571522,163817.67128909344,174698.8138957225,165624.81196451889,156851.30771249265,157828.49373209313,164913.9799134644,157636.88590052447,158301.2817662529,159683.56843228164,154168.86862516624,154574.12154934063,165005.19220429278,162541.1857797166,164572.650736038,197254.171875,167531.96875,168905.53922599083,181293.37275951362,162397.33204773438
1412,140000.0,147833.640625,151667.703125,155428.421875,151976.828125,149426.703125,156086.328125,155040.25,149862.78125,147954.140625,145880.859375,138690.984375,139515.984375,148141.65888031112,145258.54948705377,147899.9824445526,148602.1781302402,151125.50201148185,144857.7257538737,140903.42155643657,148338.9428739711,152119.65461164206,147595.78614495046,148332.04045291143,145794.76440326238,147589.18406734415,144860.2413165177,148513.3159803175,147990.69517839293,146501.38733316466,145575.84372073822,151005.48998672498,143697.55868626756,146874.26293896293,142151.73399723048,139395.69143000996,144504.4488762381,147424.41623779302,145249.37916434804,150333.53125,154954.375,139334.774956103,141973.1512398253,146472.49053079094
663,110000.0,141129.453125,138654.453125,140068.4375,139698.78125,142922.21875,137989.21875,146997.0,136631.265625,139232.671875,136919.453125,146638.5,130753.265625,133227.8247628508,133048.33407220125,135574.73385326756,135061.07007823762,129489.71980745389,133782.78762625137,137041.54494223176,130237.46672264187,136114.7388342596,132318.6639560781,130905.06486974542,126683.07429835029,129415.79486720744,133521.27059331132,130455.95469537214,131459.92190108466,136419.38295234233,131284.75417552638,135696.11318730118,135588.56825188853,137522.46351601585,133835.79707960086,137798.84290109962,136884.31788119455,129560.01127158434,159000.37154439808,144492.53125,136386.65625,131723.75491136638,148953.7787076491,135282.16481567448
1286,132500.0,120212.8125,121042.7109375,120223.015625,122686.96875,121818.03125,118887.0859375,120910.953125,119357.5,124169.6640625,119965.6171875,121322.015625,124617.9296875,115255.33346234735,112914.25361108477,115409.05538424179,114706.17971608123,109298.33487661657,114683.84076610983,117133.40079836627,110698.44122688979,118337.21220277456,117526.4073822706,113532.17135781466,111587.42921706455,114149.8541262982,114497.48662989818,114679.46835252753,112018.02206805978,116453.18198332324,114563.08553592277,119073.23815804407,116605.11375905378,119111.81983039966,115381.30238714785,117850.8294973204,114821.43787549494,113861.0259333477,126997.5499709543,126344.8984375,125802.140625,119380.80562393878,125479.49227468495,115009.52295015121
1317,295493.0,288869.375,274926.4375,281137.625,289167.875,292890.3125,274196.65625,292146.03125,300739.46875,305313.75,291296.0,289887.6875,286023.15625,295793.3929143055,303290.79391423904,303778.4372325004,295973.7254138765,297118.6462574205,294962.18239213,291283.0091992939,291888.8390075109,287324.0758205449,296216.5785166284,298390.8059530552,283748.09465679864,301337.5451077754,285324.4648573886,293178.3559887814,298437.3294771248,301778.48363364284,295362.20304504986,282395.2281829132,292948.4876430586,288693.5352947268,301831.89671240596,289580.17716831743,296902.45341139,294427.2415808343,287824.8742857143,291201.4375,283113.3125,287096.3328880787,265759.7012073107,291507.92068646953
978,199900.0,189539.328125,188587.859375,192256.28125,188392.453125,191122.671875,190391.171875,190368.296875,192482.0625,192714.53125,187766.359375,190715.546875,188975.203125,189325.06475344207,191300.7011622099,192427.9453676735,192781.9118202355,188191.30683254477,188572.96230480814,186815.99374381342,189073.1903611334,185801.85138005624,191009.72702024216,186743.86536964503,186343.25854857333,192427.82209922816,190501.34397157136,191888.07274837067,191168.82338539604,193091.0586088294,187769.89797559002,191196.43699988007,186862.64389578783,196355.2277376907,191559.71843111215,193696.43215668722,195121.91047670576,187930.97138312896,183778.39810696692,187624.0,188794.265625,186590.34603082534,185384.42514299895,190088.18501616467
548,129500.0,124895.53125,124208.96875,125083.15625,128260.265625,127558.609375,129129.5859375,126464.9453125,126009.890625,126507.0234375,128914.3515625,127883.109375,130471.015625,128146.33687228337,132471.15363988283,128337.9068408549,128313.0394228111,126920.1724545004,128889.66937024517,130591.53904828054,131018.2482264708,126026.30919699582,127927.54056084588,128457.86969742882,132495.16636352276,125878.93348998144,128248.40414731034,122033.6900396021,132658.5884596253,129418.30120456356,128027.42645872224,129465.3767432806,127060.9085582676,129210.07338298949,132117.21822604854,127304.24154106496,129585.43903133635,131906.63378074727,129522.45123971137,124338.828125,124903.75,124458.67574473559,135945.73012551793,133069.61209982642
1162,224000.0,185369.296875,181391.328125,186802.515625,186183.578125,185070.953125,189546.5625,203887.671875,207692.390625,199693.484375,192414.203125,188676.828125,214166.296875,188774.9061695467,186745.96446547023,194376.94771436547,186933.40181261898,183014.71798217023,186770.8836057459,186554.61840181815,198642.15107300231,188659.42543974804,187075.4217245497,188061.85412165284,190646.95204466363,198767.8191150264,201568.19678480303,196742.25557055886,186562.51117718886,187142.23551128356,186985.43629396753,185325.962240319,187179.25158923416,190594.1619802615,182427.08903169227,190606.779160322,194326.95318496457,195557.30710435685,191787.80103445164,210151.734375,218273.25,201149.88661669218,215659.84682218486,193083.1438694687
689,392000.0,221548.671875,221960.84375,216124.828125,221775.28125,216374.984375,216855.703125,220923.296875,223280.03125,222057.3125,219465.96875,223462.046875,224762.75,216360.94042177318,218485.2498022294,215588.1016895463,217876.87899708218,212365.0789648814,215669.9482659698,214716.21041093394,220323.15180024414,220992.6047922351,219789.74181807193,218127.45878861274,214365.9190986454,220091.3868434528,218855.16974531228,216360.11703002744,218885.2664891168,212129.29415712607,218521.3134986239,217788.97929648543,219028.46073919963,216960.07677380808,222063.1022463314,220584.65902789927,230119.99644909837,215679.37296171658,223659.43018517195,260753.3125,266217.09375,227194.542527758,253997.84798010526,226692.39105275157
739,179000.0,143277.734375,144813.96875,145459.796875,141499.53125,139825.671875,146546.296875,147746.953125,156846.34375,165067.375,171540.046875,179040.703125,154780.875,151169.94125278405,149653.10705533426,151234.23183337264,152430.955624219,146296.9150500631,149989.0202354205,146889.15017786456,146662.39037371692,147707.4198590921,152527.31770675472,150627.43400381538,148299.89803399498,149575.8325621622,145524.03234328158,150874.29674190015,140826.6510491167,150105.3300787701,148884.21652804688,150498.3268054533,143116.63275977893,150824.23693300088,146492.40779940513,159629.69555044145,143528.21329767827,146626.62520038555,142548.60687797845,176112.828125,153811.71875,151746.02614557502,152678.59238476824,143539.21935395934
192,184000.0,181512.28125,180969.375,178068.234375,177266.28125,175789.6875,178025.09375,175729.34375,159150.6875,167447.15625,165570.765625,162108.234375,161031.234375,174831.21952950678,176770.0016342192,184339.07473416763,179549.45857645606,179615.96899233648,179113.92693616325,176364.44089630147,172584.02632250002,178181.43265257738,179026.53232113313,181011.29661710022,169961.2858788318,179925.6988408088,180503.06250746947,180186.15996877974,173566.01760502098,177741.99775879667,178225.01277398496,178680.44655254937,173753.61591751332,181682.79874131415,174282.42402666845,178875.28163726162,172445.13560543943,175200.55940267566,168631.5585582275,189830.0,200617.203125,176787.85904196883,185728.8588662885,176055.40401622883
920,176500.0,174811.84375,172167.125,170993.71875,165416.3125,179088.1875,169560.140625,169677.59375,171029.6875,173187.671875,175091.0625,175348.140625,168069.25,169381.4423764378,170252.6234005112,171620.73571120723,175033.79879422148,171616.79208742955,169210.72573021217,169495.27348993818,170466.32635938123,174453.03598223347,177281.8400880024,170059.41999355433,163157.09841542778,179029.35282351403,176924.62026357435,172727.53325840205,173385.0949718365,168143.622253389,174050.6457686289,172401.71023830766,171982.44262672134,170927.5113802173,180527.3859967396,171194.43397189205,181013.76867775724,168441.8883707235,176164.2617233083,190455.71875,187786.875,169152.0835460009,175694.82913694283,174127.6267286783
457,98000.0,89888.4453125,92708.5078125,96539.7265625,93162.03125,90478.28125,94519.7265625,97749.1015625,91461.328125,93020.0625,89094.8515625,89893.296875,99515.1875,97700.12020658888,92072.71531303939,93601.9422341332,92831.09582185427,94877.05134499042,98247.10704972685,94497.0284574656,95682.05152494386,96166.82241091155,92814.83769861508,99018.7984444809,95390.64108554844,92056.54757326392,97349.2106504945,95412.00920796105,93777.44530542649,95276.86602995821,94282.79944326192,95725.80442223369,93928.80755352926,97777.85096598249,95165.87831219212,94529.81916131068,91003.22119068346,100994.92890522187,107887.55879120878,103975.5,93891.9140625,105233.68749700462,98015.04784390944,94699.53784822709
869,169000.0,166193.984375,177890.859375,177549.328125,175834.453125,183645.421875,175764.375,174779.84375,169907.96875,165984.765625,164943.515625,168104.15625,158807.921875,172142.86606117888,170996.32504593296,167344.30063197546,164712.20088539107,166125.59382944411,166092.54913684953,168665.41106787516,166578.97280353936,168847.77683218525,165762.1062574737,160107.85440647326,167831.0387119581,166129.6110694402,175192.2893471488,167631.7544591272,164062.58892619913,165459.7946966013,163917.90382308958,163357.34201459863,173025.43958692826,163065.6887933629,156325.42796182592,163861.77552415177,157014.8897060259,164403.658135018,169325.78152978737,146408.171875,137452.15625,152483.92600661734,150878.53908432502,160876.26536802223
394,100000.0,69170.578125,67758.2578125,72371.515625,68053.1796875,69826.2109375,69868.578125,76374.171875,79346.6796875,83359.7421875,83964.7265625,83455.515625,79224.3671875,70055.97459051978,70545.63073919096,69572.27631359632,70486.04262349503,72829.11161835982,74547.89567267736,64624.15522319962,65709.59627539401,71232.48803211858,71938.55825172453,72612.78648970717,67294.7982233557,68864.7648958767,69705.93582701367,74635.9953023138,68019.02662337162,69852.82910046919,67992.69143338753,70945.14826811374,66164.24172420186,68028.31839483135,65277.275414712174,70091.95975828616,66693.8809108863,69831.9194470346,102882.38360544217,77373.7109375,79502.09375,91958.99955774794,74274.15555042167,69610.36280468268
676,148500.0,145653.59375,145433.03125,146658.84375,145951.703125,143100.609375,146497.65625,141499.671875,141535.5625,145610.484375,144366.515625,143521.9375,143540.390625,145155.04020405211,144469.67440467348,143645.95494236366,144382.18540031317,143246.65080835953,144337.60542109626,145709.6993525696,139594.01864342528,144348.41857530165,143774.46118114205,142411.79654207834,142826.21572835205,145844.58978737472,146793.9589127872,146652.27783738097,141034.63085038066,143906.1276939005,140937.66618276198,145546.08718597333,147288.39376528483,142762.48119606823,139547.78945880587,143059.3602903879,138838.99679142993,141587.1087143802,151735.28077062164,150144.46875,148824.546875,144957.95449760562,146902.9893415828,142199.5654798466
761,127500.0,124685.2421875,121599.5859375,120277.4921875,118158.25,122879.7109375,121602.7109375,119331.0078125,125666.2578125,122416.25,125256.4296875,123131.28125,123740.1640625,121702.2487094739,121411.41175860704,121550.58253161272,125508.81425939722,128636.11762424977,126135.07544585504,125347.40757103152,120357.13029506803,121689.34084090126,125264.29945196495,126509.87696250371,128920.0231237877,122341.97298380216,125581.78743267081,126085.25608823885,122079.01898154852,125303.86582789975,120922.81725835493,120031.45761398264,122247.75011017748,124625.50629390815,125888.02222476888,120058.78711794976,125150.8408320836,123158.03260183835,110696.5513739372,120409.4375,118174.703125,126933.66269481136,125964.0725661779,123083.95512569715
1437,120500.0,115340.546875,116510.4453125,116495.5546875,118224.078125,113473.96875,114902.1640625,116905.34375,117394.53125,119055.265625,118191.203125,120244.359375,118327.7109375,117307.63782629743,116539.02774454297,114291.11352225531,115658.68953762631,118247.51660646923,116014.7156405552,118929.77834744842,114397.4046614055,114110.6015656024,109691.2375901311,117431.30568065999,120562.55827817881,117590.33036177486,112994.63507633052,116136.82813578346,116448.1363749065,108681.78338789706,118120.92755362793,110811.12442186232,117849.44688275518,107948.82953961949,110886.49050640297,107871.22199471529,109519.59222382808,114445.3798154934,113810.1663444756,118750.40625,113648.3359375,117512.31588485723,111168.54530384939,115079.72515264389
729,110000.0,131945.09375,128465.8046875,132170.53125,134793.1875,126213.125,131313.296875,128672.40625,128738.1015625,128432.5859375,125653.6796875,119826.8671875,130848.046875,128250.26041578052,126052.78420146285,129018.24855396857,129746.67703458338,124537.90275694171,131994.72125743434,129226.7408686572,127392.87770145135,131685.22394371903,131142.71685378457,126558.74231591077,123378.55451053315,135103.20027659013,136632.69130422515,134730.08532161798,126391.02631636837,130938.18865074155,130782.00208576523,131937.83292103806,131487.95452672045,136068.7757348186,126733.91067514438,128125.11936810697,130499.64020350302,132035.48941272925,150218.32234437746,151579.3125,149853.96875,153496.4581235021,142199.41300255625,130224.9101535724
420,142000.0,135848.3125,137789.71875,136933.78125,135996.609375,135285.015625,136366.109375,135423.65625,133456.71875,136968.84375,137836.25,135531.0,139429.109375,134877.8700620467,135969.0647777499,135190.0338015402,135246.63317943268,136877.3900900695,136283.73518747743,136055.03955946522,134450.42342732684,135402.2422042637,132524.0735381878,135234.47855849224,134183.88144159687,135026.77678752923,133851.95746007856,134407.3622064309,134915.90428983525,135953.63291477517,135594.0733028054,136154.8754884296,134805.9070962738,133870.59396343373,134936.00156937033,138314.332923075,134242.86081512176,136647.11030967362,134339.3642228557,134963.046875,135577.421875,133540.09525683074,135266.02276839473,134936.734828245
376,61000.0,66034.078125,62173.05078125,58346.2109375,63868.5546875,65898.0703125,56702.484375,57857.65625,70457.625,71241.3515625,74194.6796875,75232.4453125,62215.19921875,59051.08688058613,61834.82399525037,57089.25596715781,58036.20377601426,56979.28188758008,57566.93952590127,60917.94520491538,54520.36640695362,55435.718529986865,55994.34602985213,57443.30705297346,60561.377121630474,60513.40409215009,64887.835954013106,61593.505181510816,58930.972606925236,56222.95863893371,57535.828001835136,53961.52867732483,63525.89526239135,58666.466160738324,54526.77119749623,58953.47863369842,56726.004047140166,56949.06120154074,85484.45952380952,64721.1875,61021.22265625,86068.08771983912,61431.17122933127,59764.62274165151
413,222000.0,254664.75,229858.921875,231710.5625,239707.390625,259701.703125,232841.625,247132.40625,261638.3125,243980.5625,263359.03125,279529.46875,265160.78125,258749.68112951305,266570.5078084272,254985.90151361286,255820.5792059788,271381.60719617415,262839.24263186834,262371.1878227147,265978.34523795615,249413.76621632758,256325.96017118127,261616.35968245871,264512.922313204,256556.54427462394,256431.71317420664,249993.27056632846,252957.41503294065,263354.45915407984,261193.86676441977,257242.92486563176,252336.70907487956,279156.2518932543,260075.47840285246,266250.70780676015,271619.44434755965,264589.1971997819,251526.79972772842,296491.6875,287246.625,251763.58869568456,298273.2808541971,263032.13847738557
75,107400.0,100977.328125,108177.2421875,106814.3046875,102477.359375,99493.1796875,107254.5625,100934.8671875,98237.359375,102597.375,110214.9375,97965.015625,100984.8359375,102515.91012266293,105597.36059701983,104774.0142331788,101033.09100524693,105049.97357158714,103781.34815746263,105123.50710215513,109035.86757480266,104655.81500729104,105580.82630185431,104835.04373824316,105561.89647671695,107217.32906242064,107902.01329752099,109694.13211120846,111759.58563777857,104938.14009987681,104353.6044023698,105420.7430802655,103095.75038679267,101703.19039666631,107344.93278433869,108409.257073137,106648.80225243978,100930.58640404641,124894.7242124542,97499.15625,103169.171875,118650.3339582924,99328.62488444631,109097.60176853013
1367,193000.0,203726.15625,205216.921875,212445.4375,204183.828125,206243.640625,209973.5625,209644.40625,211941.171875,204439.203125,202885.4375,205626.203125,209367.3125,205311.4385092282,203494.01257508734,205970.56255058086,206627.351061947,208483.42058088348,205916.38568236813,208805.52666608588,205745.44531583367,206467.9622136578,205476.15958964452,208721.72636449017,207149.47298447337,205329.90120600484,205058.51540512446,205967.9073964334,208600.86571496425,205748.6711926432,203517.83671478028,205948.1382039752,205695.8258572552,207239.0535656503,209745.84085418374,208798.5210897309,210718.3351062989,209001.5341774073,215981.39283173156,212361.046875,198318.328125,206556.21414986657,199059.24853550596,206709.83190503943
1142,197500.0,177878.640625,178757.15625,182852.71875,178036.140625,179123.375,179470.3125,175439.984375,183566.3125,179518.90625,179533.609375,185991.15625,178193.625,185117.30564040958,178325.9360974856,183573.48554033297,182895.01605633995,185809.48370147345,185139.04800159912,185408.30104658625,180979.69930123512,184170.11025009264,183838.47110102803,185212.24275366834,181534.63650309137,186068.96403339447,181733.7707585958,177283.46568878947,187392.3984157324,185188.35904003473,187522.504484746,184160.88288131967,179989.79309619486,185312.0070427543,188167.92642269738,184047.97726051303,182599.24626069944,182667.359047753,187514.66407387366,181133.734375,185003.71875,190467.8918927411,187339.87727731775,187218.49906479364
501,113000.0,115210.9375,114987.4453125,114862.171875,113481.9765625,112876.6640625,113724.5546875,113829.3671875,114970.765625,112987.1015625,112760.859375,114419.390625,111808.0234375,111975.77871835434,114317.29355284324,113924.80345584553,112836.24810094974,113818.01930768325,113680.0949616616,113191.3592703904,113550.01687459885,114285.82278418723,113743.61687216403,114362.10593884444,113916.00275937567,115850.95334110735,114508.45100266546,116583.8641830453,111240.53459526325,113669.48419634537,111613.71423232509,114777.28081841664,116115.70479970753,116319.1060833981,113804.32105763431,111287.76210600104,111070.37539231063,113246.88728144215,114741.99768315785,100981.328125,109863.515625,111586.90435550622,107328.62226507068,110437.9020316556
826,385000.0,395637.4375,403929.65625,381731.78125,389164.65625,363096.71875,361151.375,410138.4375,395129.5,411263.34375,406679.71875,389627.0,424902.4375,376277.785562396,391565.26678089355,404674.4027269666,388830.941957366,399664.61532855296,407434.5377594543,396454.1892671171,404765.9752920426,387703.34749907674,403960.63826627104,403413.31084591395,373985.8047733459,402618.03493680526,406742.91862438514,394316.3601853823,362468.80028534576,386630.47600389033,385441.52846649755,400708.4660695608,386795.1161205142,421617.5502104596,399889.29091211455,411175.9618186986,400600.0585995361,365411.8463904626,385710.91714285716,353758.1875,332915.09375,419690.19364037714,383683.9137299732,369369.0663863127
196,148500.0,153480.703125,154345.25,153772.546875,153591.546875,151544.375,149918.71875,149352.90625,147429.328125,150123.390625,149466.859375,145659.125,150066.65625,150242.6285611501,148910.57299471126,152824.4437466811,152051.6156007881,150170.90475885992,150526.3727016827,150114.39806999374,155399.71873259215,152339.91709106724,151465.96784403597,151290.3617992379,152982.5082886194,151453.0067288925,151518.97130110633,154409.08509913608,154451.55325455035,152740.20172964223,153216.92319019444,150487.42125619756,152458.48429984093,153823.07745546446,154900.82039631897,151472.80550186054,152999.68679118674,153751.17502344522,157887.1512627284,148017.203125,144024.21875,144809.62728568065,152958.36846451688,153933.35397838728
1460,147500.0,146188.390625,144676.203125,149858.40625,146510.9375,148541.234375,145887.96875,140400.375,138417.75,146934.859375,139737.484375,132630.234375,146127.890625,145191.40762446585,144796.20029316802,146494.28127273105,144512.45270259876,139658.62076258575,141373.28785709126,138481.90079020642,144289.24311396378,147620.2296821974,144658.76801604207,145997.67952607325,143537.91390855188,142479.30534652807,142880.37974800813,146629.18774699146,148795.41535229946,144429.57410800637,140807.52152650867,153566.7439756287,141556.24334634645,142876.9324274865,147166.9100573011,143394.04357508814,143616.60981501607,146373.18675794173,150557.08548534798,155461.625,147801.640625,158579.63757318736,145576.23919175414,148060.13501837855
617,183200.0,186323.90625,181064.84375,184396.90625,182243.390625,188302.828125,183190.796875,183762.28125,190654.609375,187825.59375,192567.78125,191434.265625,185917.8125,186986.37491798113,187480.03483417764,188006.06040121455,186252.35760933743,188245.50126964907,186166.19233741265,190614.8484491879,187208.764023939,184500.86990090887,188181.64812833662,188822.38260072254,188095.07827833624,186990.75158431765,185043.94170097462,184695.37049057704,187989.98725417655,189277.81671921452,187365.36787693482,184352.91526189639,190380.74688578874,186169.20906099628,188650.01658492908,187700.0552858904,186273.5141039094,186659.3761454369,185570.0825305282,183875.09375,185767.671875,190615.07035212396,182377.71605376518,186806.63333035802
115,259500.0,219935.6875,217107.328125,204731.546875,212802.109375,200943.671875,213360.328125,218998.859375,227163.328125,221505.390625,218859.609375,220696.65625,218892.671875,211991.0873579013,227279.49238529007,217707.266426826,217485.30419197155,217553.97105249052,213350.93977152935,212136.85404446407,224479.56320696167,214800.2052803661,215855.69945285577,227586.1311496893,217682.34423530177,213790.60216796625,210035.14050667276,216312.913739868,219812.85165594044,220824.4181518094,226834.27348724575,210352.03061162296,212188.2605014551,228213.65296718595,224961.9848832332,224322.9851153139,215481.3672077901,220275.5485405255,207641.12418650792,238290.421875,237643.34375,216561.00958279928,234790.2157055199,222637.15694482476
418,239000.0,258101.484375,254827.515625,263799.21875,261369.65625,244408.40625,272235.6875,260672.890625,253978.578125,255334.015625,261133.453125,266930.5625,281059.34375,273867.3568391351,272752.26061076927,268923.09294245014,263452.87312266964,258332.22571377817,262439.95906299393,255192.90195618322,271591.97215071326,263827.37358181976,267008.316272357,280695.45985774527,262870.58553145995,251461.76883075258,260328.9150276592,246237.36640001755,282359.5234566121,261719.50668366242,254447.407021964,258221.47977834824,248346.4337080383,276313.83450818906,275896.3749295573,274933.2838947555,271922.20404305245,265891.130837194,230696.56197278912,240447.9375,228490.734375,230103.56223151027,254938.46241879114,275482.95170300896
602,141000.0,136366.75,139504.390625,133818.34375,135996.875,136059.140625,132318.59375,136487.234375,130578.8359375,136854.6875,134666.90625,129382.84375,132094.78125,132353.9594779027,132113.81041726845,132053.47647305837,131980.4516770637,126568.90065433485,130059.66091314371,131464.21429426168,130299.2234096135,133888.96550052165,129246.77205743495,127489.10434705834,131697.60313071485,133915.6684276385,138100.97470376868,134278.7200752375,130566.78886599286,128460.71882488394,130636.9171415378,131664.06154954532,140440.44975043877,128323.65622281453,126870.85084318438,124051.26060176079,131359.2089849957,130858.67277396882,134274.91912234388,141101.015625,128131.1640625,138720.41528424167,134881.00625963963,131610.30754866244
970,140000.0,129151.6328125,124893.2734375,122451.8984375,125941.2734375,126298.375,126592.9765625,128169.65625,126944.0078125,124734.8828125,131730.296875,138714.40625,129356.671875,130104.2856761567,131952.77076689232,129083.42029071845,129498.02531092476,134501.65714715942,132605.63445457388,131795.32655159786,134400.67779025206,129905.28836786274,127386.12366269765,135993.4930998584,132390.47410398436,131397.15949056012,130056.70872581504,128024.95833841956,129457.95754857724,129671.59029576632,135759.60562393372,130334.43837658074,134708.24104874782,130107.40679818866,129337.24499060854,131884.0034315872,123578.32536531749,128986.25387237532,130780.99466225418,130328.1328125,138595.09375,124229.66506815172,138881.59824924177,131047.25118208345
922,145900.0,160816.375,167934.28125,173488.0,166347.796875,159406.09375,164913.53125,165321.6875,158712.953125,164164.625,158987.546875,162798.34375,158466.390625,166233.3767471632,166798.7026889624,170374.43551116367,171804.32661913757,175767.55412640635,167516.43625830146,164236.94912416107,171477.3476892955,167507.29113278992,179795.35377045028,165268.84748410183,170829.2784840075,166624.3938229468,164758.13694215362,173889.48364212632,166157.88972340833,170259.30490066815,170675.0869271003,163106.93112290607,173308.93255050058,172984.39841025192,180787.95926483025,168658.97938495452,167921.98743923128,165435.70071283277,165362.2776923077,162063.46875,151066.46875,181501.4498410544,159037.4362060065,165015.20219564438
605,221000.0,212138.90625,219051.28125,214750.3125,211415.671875,206151.21875,213210.625,209235.34375,211021.171875,210153.046875,208719.75,210252.296875,216138.796875,210730.03048481423,209694.79790281723,212439.82900446682,214176.6670668123,210948.9252907157,210943.99469970967,205731.71088558625,212282.3691798552,214127.38757100332,214550.2087747556,215522.5380769035,208335.5689024658,210684.53400310836,209254.19005125074,221824.51436393167,212962.42210802663,215059.62012159062,216018.843657382,215717.08222969554,211851.08544352488,215849.8168837004,215473.8837621981,210999.7575606197,216523.7485066863,207703.5711904529,213725.41165012735,217199.46875,218009.25,217505.80177240004,222075.72642429709,215053.93085513558
1449,112000.0,99135.5390625,104242.15625,108106.390625,103151.6640625,100197.8125,111432.515625,107440.8828125,100377.90625,103921.0,99903.6953125,106966.5859375,94433.9375,104348.31846734579,105236.86636327636,102121.19107182052,104913.61372906948,103615.98410839523,103457.2828514866,105330.00076904455,99741.17167331048,106531.52033346731,105519.98628064511,103106.42480633281,98161.00026818384,104575.07702469571,103226.81833547636,104332.07950930648,103661.04296916697,101697.78072560724,101619.69503942966,102185.97568540838,102207.14173457498,108056.06284375198,104758.3618741609,97829.2656067722,103417.70108726545,102238.02011056,110195.33558223522,102246.328125,99398.15625,109019.05495248071,109947.08759599121,105019.38835855018
90,123600.0,119970.6953125,120127.3203125,121702.8359375,120676.984375,117925.4453125,121123.546875,118845.8203125,116656.1171875,120827.671875,122832.8359375,118643.5625,118812.390625,120517.63871480897,113531.40577637167,118493.71075619251,118477.7132059446,118063.23667228183,119130.3479771181,117836.6589446757,121996.63026189547,119625.68179613868,118073.61237451495,119153.56359927956,118412.78990487511,121837.82763205435,120089.01017002187,117692.40683186744,121506.98833149529,120428.43092512272,117522.61446526839,118637.91642499341,116070.77111720141,115170.52414943828,116775.54048602116,117085.78263990374,117824.10857441406,119447.45239278027,117544.59235312307,124605.5390625,120710.9453125,124397.26681138549,119096.12693677333,120896.4276204677
849,240000.0,225964.671875,197443.625,206794.71875,214092.484375,207945.296875,207163.640625,223938.21875,237075.125,218047.484375,223432.859375,217994.6875,207719.5625,216525.4332377978,228340.234302881,209068.31058620627,218068.50709273168,217691.98748418636,218080.59603955067,221774.3871926415,224433.0564150027,208906.64441496873,214417.93911216775,212268.02481061997,227056.85534411637,215838.70336535407,218165.6294569603,205839.3381335755,218145.36967644186,213317.18436417397,222392.51581717364,201184.81158617095,227306.36632924646,205459.29045390754,223245.4253477625,210080.00754900824,201761.2072500812,209553.57438184452,197391.78738279582,254674.484375,240192.75,220077.3845396526,231471.35459230456,220182.13469834835
1115,117000.0,117851.46875,119526.796875,121272.6484375,117542.234375,112565.0234375,119329.0703125,120303.6484375,112771.2578125,117423.1328125,112670.1796875,111106.3203125,120926.234375,120288.96332508954,111819.59356942824,116149.02138764702,115161.09884685371,120777.57498269327,115677.9374995414,113085.06293455855,116233.41060247894,120604.6315683239,118484.71441097015,118342.17305526457,115222.95880323421,117840.35464838285,114779.93507949772,120599.07346789738,114902.9961976176,117671.06434152334,117745.29147813933,121066.53192672161,120252.95646670253,118064.37641215026,114574.56346744677,113130.91788084286,115330.04105605822,116260.21364406026,120233.82945338107,107346.0625,111521.28125,120871.75577022927,127319.83602611827,117554.7856374416
1396,281213.0,293477.46875,298422.5,293991.21875,299362.28125,295929.90625,293891.15625,309132.375,298327.125,295092.1875,296016.59375,289781.78125,283520.84375,286609.2985356659,281957.9802208269,297034.6680116363,289673.746275978,280380.17403085215,288028.8930717688,288567.0221419395,286983.95208743215,286185.97092272365,283033.23046496575,281755.8145722969,281921.3361732684,293129.1910563693,299208.22668934066,293104.168133024,283401.28492552676,282206.7517801208,279510.3021664415,278539.45082970016,304494.8898322524,288269.5680359422,293125.6714004619,292434.54420114664,286427.2359438164,282131.9462937232,299468.51952380955,277564.15625,276261.59375,294651.6236873653,305660.6971530187,288262.9180817539
754,275500.0,273077.9375,258490.9375,269070.96875,265188.5625,261261.0,268074.625,262625.6875,261343.609375,262993.625,257592.75,256344.875,255610.421875,259442.5385103294,254116.93170124193,254575.22481215652,262537.45694093854,256328.91530398856,256872.46243206415,256552.47361826565,258453.2904258689,261735.78611122502,264663.62913550256,253905.08602632937,252450.95703002525,261765.46774135032,266248.6506108351,266329.4043084998,265773.57796403527,255174.93789547237,265175.99369723164,259937.86398945813,273952.48754396127,256341.94881774965,263530.50426567893,273382.8944312745,262845.73246081575,259743.3589673666,275343.54777777777,279002.34375,276593.5,261042.61879269872,269953.25325877895,266427.1790282028
499,130000.0,128448.53125,129577.0234375,128037.3515625,129543.0390625,129919.53125,127936.2890625,132738.71875,130094.390625,130942.8671875,130226.9921875,127814.359375,128924.046875,130083.765703264,128563.21376563945,130745.2594247362,129606.98939864349,128685.52921581104,130161.0711532411,129901.24895716608,127942.46620831896,129134.83099592011,129266.58270646045,128690.70571237769,129230.28438673807,130426.79425134361,126748.14284276223,129280.25549404236,129664.2299004706,128903.35578548949,130437.74931245836,128950.3793649627,127515.51945174081,129781.45765871822,128426.8984280953,131865.88892710285,129186.25468938843,128604.3119516515,121666.6019514216,126098.71875,132026.78125,136154.73286709687,139757.52255299434,131808.83172807933
12,345000.0,356229.34375,352387.84375,363292.4375,345878.3125,348959.625,363155.59375,334450.84375,369854.4375,350378.9375,362292.34375,359369.34375,378129.875,351899.6444503991,358085.1636566531,361930.7690522112,346755.4094868896,345336.6475572639,359429.9607043012,354607.9587403445,354155.6244871646,358847.86796251795,358336.6892320043,349404.93540129805,348380.4770312123,347440.339324639,355327.29151968216,351101.74987867835,361181.3712941546,363603.82266780885,350004.9222082806,357024.7677707627,360384.63788854267,348039.4620463904,375930.8130182543,355225.2374942449,347558.356028696,362681.64847828844,355619.0485714286,376781.53125,393723.09375,345371.1945363773,385008.59875514836,365214.469132185
397,123000.0,122905.734375,123206.046875,123156.8203125,122470.46875,130009.8828125,125249.4375,123623.640625,125167.109375,124649.6875,119458.6953125,119018.9453125,120259.015625,122210.81599871173,124838.36663745476,122301.4833428565,122798.58407713608,120388.38484465738,123654.03647200644,124358.64922261232,121340.70873286175,124563.13382839755,123688.04752419221,124753.62439261486,123210.43178256165,123119.00983808254,125237.43276053121,126856.49376216198,120691.00735251556,122301.8265171558,125925.45700400589,122082.87995253608,124314.86556504962,121761.51047792936,127442.69916489249,121453.87292880697,125148.68141116705,122088.86162170766,124076.71032376435,135877.59375,122848.078125,129668.76557741937,130169.92665175073,122965.17642367716
285,179200.0,187484.640625,186044.78125,186955.078125,186866.125,186950.796875,185498.9375,186460.25,189893.59375,193656.25,192499.25,194191.921875,197160.71875,186098.76274840007,192167.13391420373,187822.47382630876,187209.7857820843,182374.600998174,188682.35937167823,188430.65075797707,188450.83644120244,187014.57610839378,189689.87818184428,185789.1418531439,188948.69822600143,185047.8542768407,189480.16466325466,179768.48244374004,190789.6478118878,186839.6396873643,186307.7961644041,187045.63554181933,188335.76105864294,190261.84125749508,187045.68659199213,184535.55450147556,186201.391543696,185833.29178295526,195159.7450667388,182195.53125,184513.1875,192927.92339055092,180654.2273129007,188547.00113454528
691,141000.0,145683.59375,146356.765625,146007.671875,146091.390625,146809.546875,144711.25,145479.359375,154008.40625,151209.1875,150807.21875,153019.1875,157041.65625,149354.17334506597,147724.04444052043,146148.19638714593,146730.09281224062,147599.52351113892,149686.1903863848,151839.4602383019,150958.17450616884,147134.08641364943,148819.79688387908,149785.35116133114,151478.6865615244,147240.5310922434,145453.83319083098,146950.21814182296,151468.70444592924,149383.8881018662,150639.94302249412,148662.54432525422,145834.01465810134,152786.19036525197,154748.98719565358,152106.74412868204,154329.55909471703,153439.49143672953,151773.10096459097,152108.453125,147512.671875,150063.5566442714,157314.4074766581,152768.94695561728
1198,144000.0,156735.5,151627.359375,149133.421875,158310.609375,162670.46875,152719.5625,147806.5625,164212.0625,156848.015625,159663.34375,161859.953125,151603.40625,158693.72504809152,162873.14411794412,161593.22218512383,162373.74000574602,161714.81631706445,158368.60605194213,162424.15026499372,160424.01037948843,160892.56379637844,159912.6237354527,156028.34464061673,156382.91589929615,156379.0326601431,156533.61291949573,156308.12795688544,159381.64044700845,159194.5517126418,160071.52027807717,157228.86063505357,159006.98153188123,153311.9283782918,165757.7936110156,160381.44744332827,157647.26771535704,161773.5861339884,154041.14617664745,143280.6875,143378.609375,156630.15366625966,134533.9291881943,154178.31501302205
1368,127000.0,136036.828125,136906.875,141185.734375,139110.875,141582.828125,138126.140625,137196.78125,132079.53125,133804.828125,134575.90625,135869.34375,129480.453125,137017.86562204192,133405.09012459547,135428.0517934356,138061.8151153669,136023.12938525074,135505.21728091897,138026.4202426534,137717.71772153728,138124.29693880232,135642.81083683512,134824.54571917496,134449.23314770628,138501.41044757728,141412.42669924398,133071.53066636666,134245.7649085749,134312.4260597176,136577.90761966287,138119.37574598452,136515.08794360273,131091.1056088312,137101.46877360792,135300.55981856977,136774.31072456154,138854.7150600284,141351.7140561491,125930.96875,135603.9375,126847.33314984446,132395.58628453323,133864.06120000526
690,194700.0,182868.234375,179694.671875,182393.609375,180126.53125,184956.96875,179934.234375,181171.765625,191244.53125,186374.1875,186719.53125,192519.59375,196360.140625,186203.7602613079,187471.05785830022,186382.5043549441,181999.21955028607,191184.9197009374,184927.25243785136,191127.06544399392,193345.51352561207,182526.6515038101,189259.86283703928,190341.6954271975,196177.23129495833,188316.78899918208,178864.98263270812,175940.5792762289,190955.44931692566,186691.44958760616,192531.30541131343,182716.93886164555,180645.43192624295,186680.74502243457,189752.39115038613,191895.42039889272,192927.27888714874,188445.75376970845,188529.4631559086,195595.0625,194408.484375,177099.51797971356,181921.05099441265,188979.474205219
852,215000.0,201378.578125,199799.8125,195633.953125,194196.875,198663.984375,191950.5,197524.234375,195629.0,193087.484375,191650.71875,197208.25,199668.875,211926.05268178217,204137.88742324448,208281.1086886236,202560.92546645977,209665.46472271057,205446.64575260424,210948.316868106,214698.26106757717,205258.23078110866,208701.13008582324,209752.72721858477,211977.8143806118,204195.8867566672,202667.13928405897,205168.95509694752,214960.17798000993,214194.08052727414,210648.28579955507,208420.279241261,204784.37682881646,211141.33545398642,219833.68919864032,207573.2247573586,218014.96137404972,213813.84510934426,210120.92302466635,199281.65625,198798.734375,208343.53577539907,194696.65094509715,210845.70896713645
160,320000.0,264887.03125,281019.96875,288880.9375,275903.25,277946.5625,302433.03125,278972.15625,266077.90625,265016.53125,262033.9375,263869.28125,267276.875,282731.7538893896,281493.6121877599,269671.2799671436,275572.7568468766,281584.79958732816,274332.33269009273,274563.38541964407,287098.90218783636,284655.90900409844,260533.93792537248,268968.95954554004,274696.47881949734,277895.3412911916,279883.3290486719,278676.3518201982,278990.56658725714,275080.99844552757,275593.57229707023,277330.2554398928,274362.2138134361,272503.20359136316,261553.49170728173,286772.13977731863,261663.04588291838,275569.9072921639,288904.33786848077,299180.3125,314843.4375,298420.95545557525,355129.00857264415,294109.4388105145
896,140000.0,170923.28125,169326.0,175969.484375,171332.75,178762.109375,170810.03125,175498.390625,171103.421875,168673.296875,175396.65625,169161.625,167448.484375,173240.56040568443,170406.09970843952,172210.04288565597,170164.99180233583,173632.62477632664,172057.50334747345,177206.3555861301,172638.9027461805,172267.62496172523,173028.59489754477,173632.58463643727,172380.71974284694,172403.9464939894,171444.57482376983,171403.41017226822,176997.78127614502,172843.44378992438,170580.0325067038,172798.11089373028,172182.82826809047,168806.5756420244,174165.03063073586,170677.46695591224,173085.91961086856,173218.8407984119,175032.8777423869,180891.171875,170551.875,160160.57800844256,172691.7202685933,175684.8004390032
1193,125000.0,133090.59375,128543.9921875,127628.2109375,128486.265625,131666.296875,126082.71875,123485.421875,136905.1875,130681.65625,137202.015625,137106.328125,139060.609375,132061.209408527,125707.36569316448,128060.6274145995,127850.72650958654,132326.99381064746,131331.16864354152,126431.64566094914,126715.29912200221,128840.53681911205,124876.55761625293,130757.54106660886,135098.31913908842,131863.10623363662,127561.16550785002,129268.22501406872,131030.62940784678,125521.37572659562,131031.46142928599,123935.28029402162,131620.73251012352,126084.78284946264,127231.47094538795,127197.95708706722,122394.22779541361,127999.66208002521,123871.0170408715,133969.28125,134684.21875,126469.42688359608,118311.76560262521,127978.01495698605
258,220000.0,225536.875,229692.375,234684.390625,224716.09375,227887.28125,225603.78125,221756.25,221603.890625,223572.03125,228876.078125,230164.671875,223253.734375,221333.93648707942,213789.63698831364,216273.78451600648,224158.13446957036,221074.01722673516,222232.3530985101,218733.947908741,220358.70681525968,225065.91168863705,222520.04001864354,222495.6644238555,220855.72486272425,230685.0297794474,228740.72536974197,228591.26488527624,223753.19752989433,219967.496584597,220342.4688335519,224062.17003440624,226959.7444206046,217959.40724465708,219501.80980543763,224725.16011377345,218363.30370057118,224333.38565565163,231800.40927819855,226625.359375,217047.296875,237908.3406933984,233897.91006490577,225810.79473761888
336,228950.0,216087.734375,214901.515625,213924.515625,216188.53125,217112.71875,212400.265625,211442.484375,231197.921875,223481.890625,230794.828125,226678.640625,234558.765625,225872.1160210701,242470.77153921968,224584.49538393534,232289.20643858967,225268.69762021635,223678.33498347466,228291.35911304786,220162.8410912694,221885.6155181573,217621.05512562848,222515.62506343782,221210.34222139863,225860.7844769975,224927.824666415,214815.47270267914,222625.6701679953,220108.06892288776,227415.98547513917,222928.93389315027,213530.14104036163,216294.37591783667,218892.49095167205,223351.94075205477,211752.33785085336,231304.37973367245,197518.88478441557,259887.5,258101.0,243202.33277065028,276764.8408319209,233544.10601229232
1372,165500.0,176427.890625,178398.828125,177887.625,173994.859375,173013.46875,177000.046875,179283.515625,168111.71875,172707.109375,164630.8125,169768.65625,163037.53125,174581.45756773686,177546.8479915025,174430.73284840325,177342.1021327391,178753.9728522088,172054.77930828813,170740.92833448338,172585.1078094582,179160.568805873,178714.1568971288,173334.05357585155,167831.81452522712,180020.67284726107,180252.59370561622,186519.33045785822,178838.8718231511,175770.69578477024,175619.14111228217,181546.08086697184,176170.05416865478,176382.0878199716,173403.2780708706,174825.1722029245,173927.81173163943,177546.9488048611,165623.59341785198,192852.4375,187851.90625,180873.61512289304,171376.1888742522,177127.36909111444
1040,80000.0,74417.84375,75546.8125,75522.3984375,76060.3828125,77321.421875,78924.6328125,76745.890625,75080.6796875,78432.8046875,78263.4140625,76605.234375,73191.4140625,77526.98601795392,77179.67082639995,79178.92774222892,76864.38945328958,77077.16976820042,77039.01155056644,74266.86469758156,77279.07464112667,80358.50620310436,78875.0146401477,76066.50234048895,75301.03631488829,79295.77809387138,74293.77415451735,77592.55243974738,79002.18200287536,78773.48452581276,77306.06379631035,77812.26643019031,74123.08233464224,78931.27513689049,77334.24382907349,78811.11755731307,81249.53666576349,78983.7651465906,94909.18585550887,55717.8203125,73450.9453125,83996.01351048697,69552.66223369827,77244.35723004649
516,402861.0,413054.53125,420936.3125,410282.03125,414705.21875,419183.28125,405153.8125,416834.46875,413090.40625,417820.1875,395495.4375,406455.25,393134.375,408599.3612276001,423121.36815719504,389729.298205115,401958.8086885598,395897.70422048646,394999.34352966753,409702.8981795072,387794.87930919527,409583.00848588883,403749.94262296316,398698.1022369427,404440.2442359802,412577.9561862145,420613.7615565255,428538.51646059426,412872.6488483114,405181.7615257045,379763.9015564144,420582.77498265717,408677.16669978725,400510.9138358615,413337.7181070585,415700.8718513174,428160.74625523045,402830.06022515136,384794.1457142857,375966.375,380402.78125,426115.29897233867,392272.32559892995,409533.4129005913
1016,227000.0,212230.984375,206255.640625,211877.6875,212757.0625,204323.890625,213165.90625,214659.40625,210517.40625,216007.765625,207483.375,211801.84375,210929.765625,208476.04594702006,204511.1462783594,212137.55830359322,207669.62339547323,205275.7647772487,208129.66280803058,210601.3413067406,208745.65774511767,208874.68062239027,207487.1549915062,210472.82134276093,210547.17114326966,211083.19295706978,212421.04471945355,213480.22656591926,211432.14899173722,214874.6156963555,210975.41553124733,211787.4769385185,210456.1646715341,212354.47104542787,216446.91068904393,215150.1272763754,217007.5364718614,213813.83267762815,210823.75142314663,221696.90625,216964.515625,219096.82383291365,205469.39276538603,210575.30435836804
769,216837.0,223926.6875,226449.84375,230602.140625,226229.453125,226895.59375,221076.3125,229342.375,212509.3125,216021.15625,217505.765625,203477.65625,204971.046875,218970.639803564,214260.60629377444,209218.71788887074,218102.72126644463,207790.55873669113,213797.92175260806,220681.91688751662,211578.64623776972,211675.69448426168,207619.7566487874,211677.94573263737,216480.03653062915,213592.40366586891,218893.21863516123,214954.46751419624,204518.04060127292,204384.39941085852,205168.48182838576,206442.5485422521,219595.68677963055,198552.1383144184,201936.51037314808,210584.04514019584,196991.22005833522,205103.55029892517,237050.6193827609,229769.828125,222165.84375,223692.40536793158,220774.23507152658,207809.8208069023
1293,107500.0,102462.1171875,101914.609375,106845.4765625,104573.03125,105296.2734375,106686.4296875,104435.8984375,100217.7109375,108320.03125,101913.484375,94960.9921875,83137.78125,97664.03807533912,100960.73370482537,103389.70560401163,98009.40272253187,101858.10400767555,97061.7388039373,100651.34864778856,98908.03003250108,102543.39983273068,103272.58739290509,97849.48666565183,99343.19902506657,95273.51411785731,100772.62343797737,101555.41914695287,98755.50105561451,98159.74923438004,101075.39238736776,103256.5070977302,98307.43540499025,109841.52392304479,102646.54139508595,107457.42476073543,102167.33457573068,99184.39297408659,131679.905037594,126572.09375,114331.03125,125291.72117566166,122166.03430939221,104105.62050316732
762,100000.0,115818.15625,113995.2578125,113831.9765625,111764.5703125,113924.2890625,116025.109375,114536.53125,116467.984375,118764.2890625,115524.703125,116421.546875,113749.546875,116204.56040738865,112052.38951581242,115492.84642719872,117758.70490900721,114999.1108643577,116450.32087858228,112116.43910624726,115241.22232786939,113457.94813645749,116709.87964947552,114626.74265485368,111903.26093197349,114300.96874451073,114986.28446465422,117682.3778596162,116994.86855418871,117619.56744189322,116026.7904945761,114720.15047354941,117725.42292794074,117301.40158405823,117111.84297227721,111424.82825279063,114770.51831952122,117923.2185700473,125497.74576514478,126679.3203125,121435.9453125,103020.8084332022,118978.81767843937,117087.37948067753
1075,194000.0,186736.25,184422.578125,187873.21875,188297.796875,186543.84375,185961.9375,190756.65625,190844.3125,186822.65625,187594.8125,189254.296875,194109.46875,187104.7812238748,186019.84788392164,184087.6661371609,185016.95433124955,183513.05214852284,186802.30310992358,187544.41125238952,190916.2463757084,184171.35780940772,186011.40970294038,189373.33505140597,186704.42276076952,187479.23109098728,184452.57672267428,185470.71634335612,188542.88407445597,189253.57012578688,185867.87361160145,184920.81203076377,186284.38762540257,192789.3759447467,186455.56390919312,186334.16116059013,187526.6002509162,189667.07075917564,199082.2326793187,194624.875,189043.96875,187748.17168628046,181847.10511486809,187115.7863616645
522,150000.0,155207.71875,157055.546875,156852.578125,155328.40625,159787.828125,153846.921875,154986.453125,151809.5625,151016.171875,153182.03125,152591.109375,156037.359375,149592.11125992858,153792.5645293046,151526.86351319557,152266.20373319444,155591.93835403406,149302.90440099733,152900.5189332527,156273.75927518387,152999.69731710962,153730.4842940707,149800.41964280326,155253.503793837,152222.7199281996,152485.41806858953,155023.1701881935,153660.56861078076,153833.86041254376,154159.47146356272,155063.67831003264,150010.3514286593,157302.89911840027,156065.66663828562,161066.73599007173,155526.79912514344,151104.99355423023,153152.52177358817,153054.078125,153532.8125,144135.5637692811,150216.5269118928,152890.77640698815
23,230000.0,240815.234375,239493.734375,232988.890625,242902.65625,233316.421875,225604.421875,231227.5625,231075.59375,230573.3125,233516.390625,231294.46875,222699.5625,220695.97023608795,223191.864367165,219876.6659307278,224642.76380851667,215520.94507248834,219934.25606950608,224695.55264704238,219580.7396101715,224523.77118959054,221489.30934319677,224069.21082593713,224039.00896172042,226917.75796462066,235037.01056491534,230637.3571343407,220404.3838610831,222976.3133499165,219190.5630982428,223079.13407827256,225548.0303946351,221156.4926207442,218079.53478915576,217931.41440923777,220562.71348673195,219664.07832867533,241680.4536716466,225823.78125,222393.296875,239206.90793124735,229507.67949567427,222564.42694672418
357,173000.0,170143.9375,167873.265625,167165.84375,165412.21875,172722.5,167489.953125,167638.5625,164840.09375,167017.53125,167587.90625,165224.6875,167912.09375,169413.12977729703,169065.23959319046,169193.37680961937,170875.1508062498,167530.0835246615,168587.7757833243,167734.85595395183,167421.98569959955,170348.4455909667,169195.63257278653,170376.42943915675,169987.47891872982,172713.07123797562,167532.55843282994,167760.63811963703,172920.56408709678,171825.14336159502,170637.07192778986,168301.8060812937,171559.69200675463,168460.80454181216,170438.12050141723,170163.84717044284,173808.15113033575,169792.91785852148,173344.4369917668,166482.578125,169247.859375,172689.79876923986,170833.68176812585,172528.96287568315
1452,287090.0,253459.09375,256584.78125,252970.578125,252741.484375,243850.109375,254377.109375,242117.25,258351.84375,255632.015625,257483.8125,262916.375,254716.4375,252013.51682248473,258489.62297157227,254905.15514331814,253095.79671738332,247561.9081004466,255019.57101675795,254474.3453560434,247178.54814600962,251649.80534489427,254486.4705767531,254159.29846774682,247505.01052169,251916.50783038215,255639.78448308542,259935.62842795867,249588.38944597874,257209.06184795272,250538.64707598079,256988.46525941676,254554.48347014966,252089.93200591425,248569.07901593435,248093.22497063404,258738.3108654701,243468.74860523353,257219.38178571427,266345.625,255753.421875,257319.01457753507,237824.98980261106,247702.64462210552
341,202900.0,219378.890625,213557.796875,221608.46875,219463.421875,210874.203125,224072.15625,218913.25,213932.859375,219705.640625,214738.5,205940.59375,210455.453125,216869.45608272357,216039.588866396,214556.6224606315,220236.71812826965,212533.92429839514,209542.86936837027,207717.01328282207,215395.15070408603,219889.33723448578,214528.44657103147,214054.95138759504,215071.2274768959,213796.38100872881,210479.31306547535,222233.88118058504,217278.41502036134,220689.12028571265,217619.45842733394,219469.4433865061,219731.6543873998,214309.48489074688,216327.94767272746,225386.45825240228,216580.40398482658,221261.33897596603,224241.79066403836,220661.25,218355.703125,222247.73689516244,218536.79245979106,217581.95898579946
432,79900.0,98685.96875,105025.1875,101464.4296875,100053.4375,101946.8828125,102632.3828125,101894.7890625,105109.3203125,107090.703125,105151.53125,104394.6796875,104064.59375,102215.83105495611,103270.2898438332,102508.05994018915,99660.82621357257,103765.31575375027,104015.18611012014,102414.85951109958,99300.48226272222,102241.76280575067,104421.88242485821,100976.04575956873,100823.12096793248,102350.09306895135,106635.64229571467,104820.55282771493,103091.66233097287,104573.89863707416,102337.0921080527,100753.95606868177,105040.08408559367,104007.56655268291,104812.25413346746,101855.08610126878,107404.0944684383,100794.8133915978,110648.24402071197,104479.140625,106302.328125,106767.85767554442,116712.48101773426,106125.1718390266
474,440000.0,362159.1875,349697.5625,342127.875,363264.71875,363290.6875,351268.1875,359395.3125,355083.75,349417.65625,346871.0625,347852.8125,335172.59375,346837.8492863089,364666.26166487456,368073.21767430566,348103.2120709759,352220.2963559437,364475.2804034326,344459.74160746444,347082.98204237944,348571.99820431636,366232.3562276919,358289.5097979427,351166.32324193855,343532.4610023336,358973.428670143,344299.42093331687,359258.28402096115,364664.5572202672,357449.54894683236,356904.77878758695,357372.7316638956,366587.2072688271,382682.8508516715,370615.84930158325,376344.90846471034,353299.6384806135,337475.27285714285,321963.6875,326932.375,351156.5911235037,328797.5324851049,353650.8242833702
218,107000.0,101390.046875,96124.65625,100223.3359375,100816.5390625,104407.8125,103416.234375,105201.1171875,95762.0546875,91652.015625,94950.953125,96404.6953125,96672.9765625,98467.3752814764,98720.12335156817,91410.12939337868,97498.12612646897,96085.88834847402,97090.23118132928,99305.60450210005,100001.5940578935,94841.34752476493,93614.02596401637,103056.93136395254,100028.26367526654,92621.27329511604,96183.0186190051,91548.58009188928,97765.18097943657,98679.98401460968,100140.29130924896,95279.58628518214,93304.17930749955,98517.2971532163,96067.55808540423,98289.84306987493,96687.62531866983,94667.2252414349,104900.83511092313,79986.71875,89658.65625,95060.64877904937,100080.12603348758,98149.79004011957
912,143500.0,148623.28125,147846.75,146800.03125,146940.234375,151389.53125,150048.609375,146301.078125,147668.796875,147093.515625,148084.78125,147124.0625,149229.390625,150187.55291622118,145948.95622279,150347.4520053864,145241.9258620208,151160.27882366965,149480.7567024378,145517.71514659494,148548.14976969155,149968.70197283945,149084.14487286372,150803.03390396966,152938.09798671672,146899.7032223462,148965.7173104597,146171.65812354986,148372.04070335452,149419.53146180089,145628.3612589421,149739.07523227864,145382.70193030272,149894.63989692132,145321.0608576454,150887.07456871084,149624.58092412783,154654.61567114023,145199.88414607017,151849.34375,160157.640625,156700.0007044226,152304.55490136077,149360.36138695246
1173,171900.0,156512.03125,161070.09375,157014.8125,158506.25,155722.9375,155878.359375,160403.890625,158040.796875,156944.59375,156070.1875,156987.859375,158270.671875,158881.44133178706,156751.37764643578,157376.53259014586,157913.096814189,158715.1539727002,157701.61240574002,156327.11694118322,160709.6743549406,157172.1579367013,154845.0246626294,160189.0295521739,160568.01164709456,156378.91221429053,157441.75000415774,158086.8317062875,162698.8700594485,159180.147926969,159572.91539339983,158272.67326860962,157836.05500642286,159042.23531162957,160896.9130272066,160230.3754888876,159427.0535077322,160362.34043296473,160014.46142857143,157876.9375,160711.515625,162118.96812565194,162909.64253829094,162589.27271654212
1012,100000.0,105699.015625,103299.5234375,110633.6796875,103611.109375,101676.765625,105317.2578125,108708.6171875,108858.4296875,106524.765625,102014.5234375,113574.609375,110190.703125,107538.79046839356,109094.4187153651,105058.12503158573,107621.12729021577,107894.29268968338,108457.6224807495,107044.47932662438,108871.98530637026,104452.95895470769,108921.2102611078,109420.83506663998,105518.23288208507,112904.00117440298,105773.97232511638,106242.17732292145,111048.54602742921,111114.330783563,111228.6668716487,107330.89556753026,107232.16433459439,110425.16749632251,112200.84684368737,105720.90412082299,110655.63046048711,112115.45857892495,118638.05445206276,118886.1640625,102700.71875,96384.27813173186,102107.78584884256,108975.33787735234
1421,179900.0,170759.859375,168078.796875,165970.171875,172081.765625,174452.609375,166920.6875,171585.390625,170987.515625,172711.984375,170651.78125,173116.578125,172651.90625,172177.35730620404,171060.92244752086,168214.94569531156,169840.14512486724,167991.17472944973,171205.39894599526,175068.2551633128,176211.05029397717,169533.82221973332,169961.41369887916,168940.3039078054,169119.61784051522,171616.98163379592,171778.90582464042,170648.3424138309,166868.42403943473,166587.188510577,170617.5779048257,167735.347584341,172004.9430436078,176685.88569279172,171231.84349187027,162635.80623648944,172573.73097753176,168986.02584197675,168924.60404888453,168496.640625,165789.828125,160961.30554199856,176095.10782698743,168916.0207699688
94,133900.0,202464.28125,190722.640625,202490.15625,196007.265625,194574.3125,196503.0625,210064.296875,195636.640625,207311.828125,206339.0625,202237.28125,196837.203125,188382.8617872907,181046.5741862044,187719.04183995715,193339.64182533196,196357.0935410736,191386.2248978791,193314.07644119152,192198.80571797703,198012.13009460084,198962.98620768278,189172.299218113,194365.11896804997,196986.65755604143,191840.5177468618,192402.1764533973,188519.75075607374,193443.4025597008,190207.88713615548,201954.19886587813,195160.24374158843,195368.91187649337,206807.80006931617,193691.87293812443,201690.7434148402,186483.63250642526,187261.13156462583,186170.421875,164000.578125,182450.88616459328,167803.11750618555,184765.5624461562
1009,240000.0,239532.109375,234195.859375,242252.359375,245368.75,235306.75,237965.609375,250733.5,228301.78125,232861.5625,233080.5625,239351.03125,237065.390625,238621.15512049515,232791.7347193142,229751.78358920407,234089.76190485383,241511.80574098244,238696.50971044807,234212.9600408311,226700.28507971106,233132.24331704187,229460.48160615665,232454.58394389582,242235.79399462527,230962.0330115397,233809.38543895856,228979.9422068453,228249.7067642959,230721.75185291632,229884.21683996802,231298.33282767615,232408.11213537148,224470.83661286155,222515.81205973538,231490.3755621124,229195.59410625946,227266.5292818807,234649.35820578234,253501.78125,240351.09375,236242.19046782557,224576.69138828834,227663.03895786885
697,89000.0,86471.140625,82507.203125,93088.4921875,89885.6171875,91217.921875,93512.921875,86058.96875,91693.421875,99649.6796875,93083.578125,89017.296875,93930.015625,99140.98323301703,88470.66962157248,95347.3745599584,96247.20800623165,96781.20358050465,93787.16749870995,91463.28914721032,102756.92114373724,100824.00434957694,95747.80454861528,99367.40407620417,97610.50008749012,97889.75522886023,89928.55500651288,98992.10424929147,101205.91822280375,92510.45863367611,102686.02816151202,94438.09050378481,98718.09600364543,97257.2406834242,97113.40770954223,90429.9145074228,97359.09378956238,98963.55853543535,102114.58408136142,76993.7734375,86126.4609375,92016.70608621984,88315.50152777653,98257.22663675321
997,136500.0,133176.796875,133532.390625,132955.734375,136516.390625,134276.640625,130913.9140625,132474.15625,126380.75,130047.625,134515.0,131057.71875,125549.3671875,134784.1298545403,133144.31211379607,132995.45885760596,133973.00958952346,130794.79779088985,135418.0492429424,133830.7207830809,134414.8945281743,132748.87217175073,129120.68413370357,129823.24458834973,135400.6658251142,129144.54492455277,131115.73656180926,129888.52485949598,134859.02115305644,130079.25530361444,132176.19501314292,130861.26510091858,131223.64672913618,130262.52310481049,131742.2836667234,127152.72831527644,124836.88012917229,133462.26899053383,133974.41119249444,122360.84375,123863.671875,131008.183460681,132271.33256823267,133829.64007840736
154,235000.0,198970.1875,197064.203125,195267.5,200771.46875,203461.890625,199500.6875,195754.890625,195825.71875,196117.796875,196186.78125,197101.65625,203068.75,210316.04736811583,201900.85637579628,203405.79432967727,202463.34862702666,205256.81639890026,203773.908084468,208810.55953736504,206849.48050481852,203840.44571683282,205276.59447289456,206543.09728249916,210676.38138211658,201379.889275416,205356.38265239281,194798.5687425661,210841.00565116925,209145.90595932386,202637.09870572345,204362.34239334095,197875.5792784977,213404.0062573534,206856.0574281686,211359.97437978748,204222.95322716975,208470.61265795134,176771.8782498454,206909.15625,217991.78125,187676.81974631676,185508.6618891201,205008.7842138409
1308,138000.0,143779.9375,144159.71875,145482.5625,145395.3125,140208.640625,145441.359375,146264.8125,139974.8125,138911.640625,137576.46875,139859.578125,139472.515625,142802.1011214123,139644.99628255132,143498.97981597608,141105.71736778217,140845.6162337038,142765.64270854113,144044.40769722324,141536.34812078744,143270.15550756123,141071.98943143938,143571.31353087784,140618.29381899367,142223.48150483094,143383.38378401604,142496.72972999583,143609.84134853267,142570.32593826033,141985.25290885716,144800.96060973624,146343.21276454974,144019.94303657944,141973.93686962215,142005.3208820725,143015.22837579256,139955.91659261993,142359.15994514676,134887.71875,139925.71875,142975.06516463548,136473.36393950047,142113.56146199562
1459,142125.0,144211.5625,141398.359375,139804.859375,144383.15625,145125.3125,137753.71875,143500.625,143260.109375,138855.359375,144027.640625,141379.734375,144374.140625,144762.29932509133,142713.8208254744,142900.73737630772,144569.59228785883,142962.86068719736,144689.18149124127,149169.5579732863,143716.03767229486,140473.8737465003,144822.4090370466,142349.02996182215,142772.7385780977,143054.65640991926,147812.37322548352,140915.42212657825,142444.3202931212,145234.43899183263,144429.41007012074,139501.285426455,146776.39159657076,142850.54098216534,142140.7905935983,140800.3335960564,142976.66391713743,139490.1318700843,134576.76666668997,149956.03125,143910.40625,139439.752975513,140641.9866669873,142052.51601957734
790,187500.0,218198.953125,218684.125,224990.359375,222454.390625,217377.5,230995.703125,217758.859375,219005.25,223919.0625,221872.421875,222221.140625,222704.421875,223554.7700001418,215935.97179987066,230828.372201783,224652.6918164994,234062.28357793737,227463.99384827277,224650.11821433945,222189.62212925463,225136.99460572982,224381.11238397832,228058.04518217093,224773.84120644003,215194.7939485656,220052.11481097565,226424.4450661959,220738.88274994565,215420.18618699882,230494.95050316828,226039.54819907434,210228.85094116966,222253.06316690124,212407.6917676792,222786.33319053432,223072.4853023667,222539.2806678175,198868.82046753244,215844.53125,220865.15625,217722.43994701916,215474.02738500136,219717.50679341584
581,181900.0,188581.5625,181870.96875,177199.515625,186196.1875,179700.5,178450.21875,183708.84375,182117.265625,183982.375,182540.234375,180790.734375,181239.265625,181252.83889512144,183990.24484543546,180235.83524695598,183551.64168652103,185306.52087219394,183823.91978698847,185759.38870806032,181548.40185308986,182187.8953645518,181520.4416662322,182218.25693634915,180027.43705416386,190047.18841613742,184182.00290932204,185534.95410303038,179133.50963050683,184252.4895711444,182809.5842569982,182311.50563410428,186507.59028434774,184322.41607169638,184216.60613850853,181147.11036835425,185455.55743659427,175160.90275129103,166781.8493553368,175020.03125,181188.703125,180493.11638408038,175336.81269527992,178655.38759950598
704,140000.0,153393.203125,160345.921875,156670.484375,151321.25,153085.5625,156256.40625,162978.390625,151271.578125,151016.359375,150209.78125,152214.78125,143847.65625,153172.08786581652,161095.61774964433,149257.33364368553,150641.4242422802,154272.24677707927,151707.14261781084,158577.95357604529,154101.14409841184,149312.20639896666,148539.72020111003,152277.85620689526,155151.63964701866,150483.4478659822,150710.65706944955,152045.88466802053,160620.89834874656,150238.16078388042,149947.9170589897,150602.9160896474,153582.17862229722,152745.80742998637,154102.67081107566,148537.29202090477,148363.23192548673,153194.02066133413,158086.90989121774,124405.796875,130775.0234375,145319.0543741012,142461.7870965051,156130.09680907335
1226,145000.0,138144.59375,131129.203125,135112.890625,131930.375,137501.453125,135250.0625,137423.984375,140319.875,135752.71875,139763.828125,141797.8125,139371.578125,138552.72786764926,140472.02538590442,135757.45222824384,137004.85535084194,136778.1328150208,135396.72827298503,139536.3374994194,137164.06428010378,135287.4540868276,134481.66101703644,137427.4320557248,139001.52667784618,135574.55784665467,135892.7747565671,132775.9337668632,134492.13964191987,134752.00282296745,133424.776918889,133276.90961773257,132735.23283251192,134634.72022398276,137932.14562007276,131059.19088995739,130238.50745505323,133421.0146234811,137265.97724108386,142183.28125,144546.96875,138176.8749230412,140486.883588387,135588.8173869084
488,175000.0,170579.515625,172390.5625,174234.46875,171513.5625,182189.34375,170040.765625,174764.671875,176197.109375,175731.828125,172503.625,177916.359375,176464.5625,176334.54154187543,177052.27627314,176775.78124387478,173634.91620554423,180300.73326657014,174158.45224226356,171742.71377167793,178525.39794386263,174193.75504777592,177280.42956652082,172906.08754491608,179027.50198173334,183683.37044623072,177341.04993678522,176883.20774131257,180599.07025004353,176829.38209024008,177920.89255351035,176242.74940642534,177368.98263857505,175958.5969204574,170113.02688678715,174723.3522070301,176233.88217014895,174378.61399038607,173251.68276707127,181112.671875,180549.78125,180222.55275992907,174633.09080565145,179180.6051105004
560,234000.0,186085.421875,185221.390625,185345.96875,186262.609375,189394.046875,188550.09375,187322.90625,192042.203125,187467.046875,189171.34375,193382.96875,198720.703125,190958.9689894282,188244.91397599215,188361.92839559552,188344.18766770957,191685.24066581953,190190.27271720985,191886.16386956978,193894.21222009385,188033.58494744005,189659.13621852972,191328.28888991135,191208.4563745127,187579.39609313343,187425.83282582974,186663.85871174253,195841.01074073068,191575.0267678858,190776.3514145695,190315.76125625323,190601.64436604257,193808.95630347717,196797.45536927678,194175.37615028856,193566.79933716598,193877.9564486339,198974.35455806102,191996.921875,192638.578125,190311.39888426,193093.81375653896,195093.54670089716
802,109900.0,127183.9921875,128161.71875,128518.1328125,129742.2265625,129929.8125,125942.109375,136036.828125,130454.765625,131667.65625,129801.8515625,130772.703125,120399.8046875,126474.88807957052,121188.75856162544,129309.52161640834,124701.51866326797,127109.56961287177,123221.0667056875,127287.80514523094,129873.01105000667,130364.11366812408,128232.21089180626,128025.75038543272,128462.71388289667,122599.78946215911,130806.2910498238,125231.40773129613,128128.557051323,124625.90568899793,126631.7683052267,127926.62633679135,124123.93019795076,130947.26622654634,125411.938894178,130053.37379780234,126221.46661382065,130265.96666946067,130069.0712032048,134863.3125,129860.1953125,119455.7118613522,133597.67575877137,129030.0230816656
513,129900.0,123041.890625,120661.21875,121658.2734375,121847.078125,114087.265625,119940.8359375,121635.3046875,118327.8828125,119406.890625,116156.2421875,117481.4921875,121369.8125,121940.20777145051,122034.43695677706,122363.8637064726,121857.77447344159,123744.31888115047,121670.35039155932,122454.27662917103,121059.98955395461,122252.77421557857,121812.99438546991,119825.97616251571,121473.81684720423,124371.33373121398,123966.17255352868,122810.72801016549,118541.6839740719,118746.53633378891,119642.23212351277,121910.22078521801,122083.03101182396,118725.12465105744,122373.01916645803,119430.39199908653,122552.62144294928,120034.68522454241,125916.8267998161,105427.765625,113966.34375,111061.28237830108,120647.68863711559,119033.41816141276
634,139400.0,144265.890625,138204.40625,139798.203125,142814.3125,141857.59375,139752.875,141433.703125,144977.109375,143804.53125,145747.375,144482.703125,143600.203125,140625.32101298583,141738.70674392086,143559.44813642872,142240.23687051577,144172.59481860066,142507.58046912993,140590.07813974103,140007.18167023986,140064.91889268233,141330.45212379924,141779.7489613068,142683.66155688406,141031.47962867073,143702.90457675885,141315.26424957046,137490.27133820573,142658.9996646273,139669.51155748978,142460.6010668913,141082.24533083374,140630.12487204288,138893.70389611207,141272.30169007464,141045.5021481694,138782.78622549208,133322.66441309304,133039.15625,140402.125,135174.27747311222,135116.76107482138,137125.0529108761
1303,290000.0,324279.59375,327566.53125,322779.46875,328526.6875,324089.4375,328452.4375,323717.84375,317682.4375,331635.1875,323630.625,329459.4375,306604.3125,327505.3854392961,314871.3277874422,326618.63231687876,316203.81576053944,318428.1348592285,312549.2404877386,323860.37358652276,323388.1077133231,313693.2439395754,320461.0410101867,318572.38952914585,318360.4269677048,317965.1209989461,324923.45585597004,314166.59000177507,314179.1619431671,312666.5891662464,313568.0358589997,312696.8507289426,312983.74378124543,317492.307536722,320161.8534232327,307010.720203769,317982.3337495886,308102.41355026903,313184.18,305049.96875,312856.59375,318671.3239060944,328805.86513666215,317408.7250466246
791,160200.0,162237.4375,165050.265625,162991.4375,163383.9375,162865.578125,163097.796875,164319.953125,159653.28125,162497.5625,161372.140625,162883.265625,157862.984375,164778.85460201345,166368.80275213282,162416.36825403478,160878.11650427303,161298.23414886164,159395.5527829067,163379.2981641627,164444.27773684423,161760.9194131458,158367.93350840246,159486.2420075123,159450.32909933387,163107.6204758504,159396.13279663335,162929.39383059228,162693.27168240628,158422.57165968313,158687.66374238726,161666.79059999288,164069.28240878947,161774.5567946405,157543.05591136985,160411.90005117643,158460.63042981143,161334.61843528348,171173.13263780664,157525.78125,162558.34375,168603.3442859887,173103.8040573764,164728.83637438715
117,139000.0,131662.90625,129815.7421875,124911.8515625,128727.640625,131150.71875,124998.25,126467.0,126456.8671875,128131.7734375,126831.3828125,131028.078125,123475.0546875,125290.79897912029,126360.51971140355,123527.59394742711,124203.78280385488,119713.81255811383,121694.87139807417,125683.10790518609,122494.6405584334,123448.10995910993,121977.97101679271,122690.06552908968,122719.3571052039,120710.65567358989,128926.19953654092,124625.73744286012,123561.18703188049,121175.72529287322,121188.34806053425,121009.37175799478,125031.87526181935,125439.50747628986,124010.35940756612,125611.97218204405,118447.46050483252,122739.64547135774,135607.9244123823,109886.484375,117599.7578125,118765.66971195459,111784.66823421742,120852.5889215291
741,132000.0,124880.6484375,128046.265625,124359.2578125,126027.8984375,122279.3046875,124516.265625,117584.7265625,120089.265625,119983.890625,121444.09375,115405.9765625,118504.8203125,132496.07082158994,120398.87574850503,122376.64261334449,121411.21030151744,126292.84978093982,122115.57984156103,128146.82308680234,120719.1959284026,128089.42139739389,122081.43451693897,118353.63090462827,123877.20467925837,127999.14965998913,125593.54631012015,124085.54528343196,127544.47167467988,117652.54841418563,127375.88734466521,124216.27881452111,125005.63579691261,128139.36713608848,121523.04789674946,127305.97181843543,129005.03115382657,123016.00230495424,125864.32534973306,121167.71875,110473.9453125,118341.01085575565,108764.17524541837,123623.52922076164
831,166000.0,172678.515625,169747.671875,167297.421875,168887.015625,169989.375,167964.703125,168328.40625,173853.1875,170003.375,176028.796875,171768.78125,175696.234375,172121.98366075428,168512.2772516361,174894.29630206857,174891.18242614952,173045.30308719957,173014.0222454276,172239.17512074768,168703.15786419797,173978.67508029126,174588.77769944828,174024.45166512506,174560.93503468443,173119.25734525817,168222.39571176298,172620.70030941776,172442.04135594098,174464.96237137425,179125.34938172437,173101.31663302495,169503.24038459806,171834.37882605725,178406.77325070894,173303.38468016346,181829.9535453695,177864.93819841417,163989.52480961513,180845.625,171802.015625,172342.5021112745,174057.9287252784,173183.7072318208
120,163990.0,167841.890625,166694.625,166078.625,165799.625,173229.265625,167207.78125,165675.234375,168343.703125,164390.640625,163697.15625,167948.859375,169192.40625,166720.1554899952,165811.0795841027,164311.79272630689,165606.17913373944,169678.78939823085,165184.15131399682,170888.57715216474,168521.15775867229,166498.1355592946,166129.43930283206,166987.70736742165,172621.75488581284,166026.60948184054,166822.85911445666,164019.79112855706,169663.8371321562,169641.01729327772,168968.9796415484,168104.5785352399,165300.39339070144,169930.00981524852,167448.78293877657,169839.74588651574,169810.4912311504,168995.52169624442,176313.85095098396,185541.625,177481.28125,168663.5168264635,171882.3565819735,170108.81930582155
657,145500.0,147817.984375,146146.015625,147001.34375,149622.34375,149794.53125,146534.828125,148372.484375,146741.296875,149335.703125,144144.546875,143566.296875,145474.71875,147469.2480303987,148133.19160031198,146936.75758515683,151436.26694411173,150128.76870090567,149795.17029551053,147485.62558333616,146744.24922784843,149911.34169300052,151593.6104030992,150201.87514937288,148253.3468236871,146861.0389927681,150974.0407229879,150470.81440391755,150462.06991894564,149317.77661070408,144461.2079268277,150471.39689482297,148569.62690534335,149915.9166071754,148139.32480170517,148013.83111584556,147581.64508994817,149169.17442149838,144077.24133468044,141846.765625,148676.3125,151548.9793461374,147171.47585768247,149678.91153777082
636,200000.0,210591.4375,211398.125,217784.609375,210644.0625,216862.734375,211120.296875,219703.625,207987.15625,232287.5,224968.4375,214537.984375,231252.203125,205996.357938771,204005.40404901776,198390.28329057185,200543.54564878598,217422.84117868316,202953.78964385463,221085.56551514112,217252.3410045711,200895.85670211475,199580.28608347935,204333.63493210915,205882.60978774977,215355.51204697977,219034.92188985308,200220.91514665357,211936.77995701114,207111.18116483907,209597.80423064725,207691.51835958578,218202.43098285166,191770.4010509214,208036.56663374326,187318.0139064542,212564.8137513164,212622.70330579116,220805.80433281005,201105.1875,180442.71875,192229.34426234802,154876.06635038895,199983.7045430006
370,162000.0,164238.171875,161446.421875,160412.15625,157999.0,162004.28125,161438.40625,160265.65625,164766.78125,165235.109375,167856.046875,168181.203125,162436.609375,166421.76704859993,166610.68109634402,164911.79322329327,168191.63378450365,165823.08127216712,166606.17731731254,156961.5351509147,165813.04461866143,159776.7841772828,164866.40396800544,168383.6677676846,160788.47699612688,162125.45369624716,162443.7313067518,159176.58617370238,159450.1484386383,167895.17630666398,161824.13086943087,160661.5108557571,161028.78571019994,162367.5667099573,168089.19813295556,167598.3085908462,161224.12020595223,162490.79057907185,153231.7337031221,179373.921875,176244.421875,163885.17533251777,154263.6473999059,158535.24470987823
269,120500.0,108277.8828125,107893.8046875,107597.046875,106837.2265625,106441.8125,108659.6953125,104985.1328125,115828.5625,114337.3984375,114612.953125,116586.703125,116120.03125,112784.84496556854,110396.94533807065,112908.22014070106,108091.97133311952,111841.0762654632,107982.56332247457,110184.45055718248,105690.37018452835,107892.44506778652,109506.3705442517,110093.45406415037,109954.20064625065,109690.19706865944,112926.04746968942,107893.84943638972,108642.6445221158,109476.3521063006,110977.35347028366,107574.63995100469,109193.61566251742,108665.70242644945,115349.95277322773,107389.6539371043,114759.80253930588,109448.13684959536,107370.95803803574,98581.1484375,101748.0625,116512.79353581092,115531.22746253555,110442.57356193202
656,88000.0,103180.296875,103251.4609375,100424.734375,101931.1328125,99902.3125,99956.0625,99216.3125,96838.453125,96969.7421875,92511.390625,95853.1015625,97416.6640625,100807.10086352912,101054.88774138813,99839.24993396111,97593.48824737132,103327.20584253245,100921.78563262006,98392.59067216226,105375.13803571086,101366.75992780026,103171.59714994543,103837.20153036031,100290.19538742487,101494.88736464753,102214.88290926395,100826.90641444214,103055.48070215757,102803.14262691217,99681.37694916177,103266.47251608023,100464.23970389552,102135.11497186213,102641.94912383852,103599.86623291043,104088.38723091845,100325.77004777803,105882.6618030184,87445.9375,94722.859375,98331.63099746649,95172.22325852507,101414.78080318605
936,79900.0,83064.203125,78633.0546875,77048.984375,82149.25,85658.3984375,76943.1015625,81614.1015625,82248.21875,90559.0,94193.6953125,89921.0859375,89064.328125,79998.27738620572,81677.65500228025,82505.89549323985,85521.45304386593,83706.22674520285,80880.41556268239,79008.25975830802,82256.95612679617,75902.1334769339,81943.78274637743,81474.83321067289,78858.01133406797,85958.83110139647,81101.93550750836,79066.26130619482,83257.31842055208,81849.03567791956,81893.91358105867,79272.14708418467,80304.67302266574,82130.74056764827,82435.65302704368,91569.3125324798,86658.4304266593,79772.50240005701,106711.36258503399,100821.7421875,95617.40625,92366.23466096741,99505.49267109092,86872.28855220565
823,225000.0,200323.359375,199267.375,191356.484375,200382.390625,197409.921875,186004.515625,191124.5,186120.921875,192438.71875,189573.015625,196688.140625,185358.671875,188437.02641488102,191076.21990980423,184268.89830114826,183750.0764195915,184596.06003813888,185574.08558084394,188310.19713932468,181241.03590744548,183770.29731509497,180012.2796238384,183849.67209965314,189663.687483032,186247.3679988957,199390.72133534745,188270.4756835512,183811.8370608491,180075.97155512968,184716.31447311197,183754.71622481063,199446.79446903532,194610.0261779238,184015.39396129298,180959.49076529028,184044.2440048734,185015.48579501634,198606.25185990258,211014.828125,199789.328125,202968.51897526695,195607.5169636372,186531.55040434288
867,248900.0,280088.84375,278839.6875,274321.9375,287975.6875,289665.53125,275356.5,271052.0625,288455.21875,285113.5625,284364.0625,289979.46875,291572.5,283036.49119284074,278204.21534817887,285812.1957707552,283855.95770744176,304750.6449718832,287642.83851823525,286068.3513700921,289501.0623544847,283974.8957812033,287057.18434490863,291055.76401130925,295265.26412470493,285529.8495945936,277072.4628557617,277920.3221180593,289388.18362896785,290549.598040865,292088.3297595517,283923.0708099815,275329.75710098865,285837.8074682471,288343.5062886348,296183.07044884586,280147.1852025428,292861.9710883377,251373.30573809525,261842.03125,259735.875,286339.72854483046,271280.4128127404,285229.6112661802
47,239686.0,281378.5,283260.21875,281305.53125,279255.625,283738.5,279314.21875,282792.75,279653.1875,280836.9375,292371.0,286964.1875,278397.03125,279061.8699882083,273230.7605764436,282607.83646261366,279896.8598413126,264431.8862178846,270520.7861669111,279921.8770678497,271014.6477088206,276055.84255734785,266287.123934273,271596.4091893543,280173.53067623934,268209.7381245495,288616.1750122186,283262.3147557303,287279.75320628524,276485.74928899575,265661.86202412425,283582.74827746465,279193.02127320674,284077.4297263474,286975.11402979656,280290.30175285845,270619.8734062949,282957.7457000987,283357.8730193616,296754.28125,284796.34375,282641.33645262226,299626.871121477,289002.66487014934
1288,190000.0,174903.390625,173815.90625,172075.53125,178150.609375,174027.390625,171978.5625,173558.5,190621.59375,178557.796875,176580.484375,176902.265625,185547.234375,176840.6036442088,168364.49075975054,181149.8218364277,178753.65731564534,178295.50703705155,178342.32372908204,177753.64204386575,180876.95579283798,177014.29975765196,178929.53618023335,176817.47976498122,182772.64335440434,177209.0245887624,177788.57821203326,180211.93282541368,176246.7923214429,177110.7080076582,183988.9498118593,180279.3496499391,174867.90734169126,176973.12569330985,177689.06450778357,179970.98473888406,178368.45931327133,182612.07051888612,157795.71597513172,187863.09375,173769.5,186515.98412696016,175868.4786847963,176421.14014527015
992,168000.0,179500.953125,176360.265625,169854.21875,183907.265625,185753.671875,175006.84375,186104.578125,165841.359375,181177.65625,179633.109375,183374.453125,179188.6875,163591.69748083834,162463.47483940108,167675.51956089868,170554.38872647868,171345.50153359163,168916.81303228484,178613.86970960596,168015.2512687436,172274.70363706438,165209.07109046145,166479.7095314534,169626.76123120252,167848.39561870164,177503.7568990763,175898.01787068884,166178.85481771175,167520.53179343103,171169.80438284687,164801.41758701595,183713.59240681733,164730.72561309452,173222.1983147268,178662.42031344827,167608.15355859688,174952.3578114834,197885.9867063492,178353.453125,172736.828125,191665.47251498702,172893.71002815646,168009.18242614772
877,132250.0,142696.953125,141487.65625,138295.25,144146.796875,141784.015625,140977.046875,143452.453125,140761.90625,146113.296875,136703.640625,146223.609375,142161.21875,146238.65047508883,140187.86872038405,136544.58814702966,143562.11237602244,146206.324773211,142169.15202868264,136601.68772062598,142919.49279596933,144392.82770112346,141529.290020402,144606.49465833337,144060.07891400217,140922.1267877382,142985.9302388871,143911.03441144188,138336.1982969422,141658.6545271697,138931.41674852662,138704.9661634214,139696.5886951328,132744.506256973,139379.2992770162,141761.50991323983,136347.16741383733,137864.27533857862,138583.78874736163,160262.625,148858.046875,136800.98961099988,136710.3083588935,137892.3842661383
774,114500.0,118586.5546875,118221.03125,118658.6171875,119041.3828125,120254.203125,116223.4609375,118018.0390625,115237.7734375,116760.9453125,117320.9453125,115902.1171875,117034.328125,118591.05120030596,120830.12168126187,120382.6833547093,118662.98108572782,120726.14477219062,117442.1863808116,118539.58644112734,117458.97491865342,118058.68029555243,118790.70758225965,120369.80053907476,119921.15201814832,119353.79718236937,118108.19046746199,119423.1365629405,115190.73473771858,117727.92756281297,117870.81401391502,119875.26264633231,121646.5949367525,119012.27407153169,118261.45246409472,120225.36224724911,116560.10977629758,117159.36384534111,117640.44882900447,95735.7265625,105595.5390625,111710.08865334837,111744.80776573802,114492.03174040584
5,250000.0,310505.71875,314698.125,305535.8125,313523.25,323614.4375,305606.34375,316680.03125,317989.46875,309492.34375,315376.03125,310288.625,305819.6875,314266.7444931702,299993.84275771363,318316.86910598975,309403.0280530321,317583.7038117429,312525.46372440254,307487.8373647918,321121.8804150644,312762.55513111124,307046.6276248524,309568.3796763677,312162.4692572157,315314.65191011585,313032.14420334675,301270.9889831664,310728.68117676064,310035.53123406036,319777.0211821042,307373.9825376321,298457.4322066001,306219.83288997615,305144.3962989432,308620.40734264103,306054.9428825817,306233.8158400146,297513.4230559916,301465.75,307866.125,304483.4070701956,305937.65287699504,309446.4918122514
1004,136905.0,143288.109375,143820.390625,144930.296875,145848.75,140568.921875,143238.109375,142944.84375,144015.15625,141076.5625,139786.90625,137191.03125,148961.84375,140294.28120067334,138376.44936036185,143548.2259359483,139408.10793685602,142539.73948947922,144900.13868839722,139541.33426826054,138151.6698869357,143271.67230750335,143989.71568899142,139439.47941634557,141461.04789115404,141429.1603266851,141130.22755387,143564.24855795098,143313.0750684297,139904.86646101423,143171.0596013053,142804.28566769024,143539.56512317952,142827.14650770737,137524.16762935233,143607.4949257112,143343.90227134098,141747.4389054456,150635.81994001972,125722.015625,143876.375,158527.9830546893,141598.46733522543,143198.44365980243
1269,381000.0,385864.84375,369928.1875,375470.71875,387811.625,368579.4375,351513.46875,357249.65625,423582.9375,395342.4375,378447.5,356008.9375,409800.90625,345621.955494116,364020.566011979,375192.84562498785,355590.3656537396,337577.4007977295,367716.0007094675,373951.3893771151,340315.0532708102,352429.513852738,379929.76557412674,354883.3160306342,345650.5062713492,344758.7162906604,371665.6166405186,372182.88319545606,353912.6804495319,379432.0462848301,353940.1998862734,394875.93510402704,375598.2543213509,387868.43463835295,372485.2248685597,388017.25181666703,347111.71805831674,342806.26979518123,299051.46142857143,365854.4375,357248.28125,330224.0679798048,352735.4564954421,353007.23415154044
264,130000.0,122656.3203125,123848.9140625,131373.171875,126808.0546875,121673.9375,128597.2109375,128769.7578125,123224.59375,125295.1484375,124991.0625,126216.90625,124978.046875,128056.82692092157,119525.98422256588,125238.73963556543,123688.61701651254,124180.69626657902,124565.8939424869,121526.86838842496,125919.43923726569,125648.13617924573,124470.08097396181,122011.51169000051,125882.58129327244,125374.77966032669,122384.06915434872,124030.8111245686,126896.74230628561,123415.39714319285,123840.29448156076,127670.73268200122,122936.161477854,125879.85887488369,122522.25958254837,123044.1838322955,124384.32664566998,127184.53389053249,126314.38658942994,129826.984375,133483.375,118034.90664641929,117259.74169824793,124677.49629490543
1361,189000.0,185539.625,189816.28125,195025.9375,178970.375,182345.265625,191769.546875,202900.9375,207706.546875,207741.890625,212407.46875,202919.03125,206773.59375,189470.74801432915,186439.41328344907,197415.25180171482,195067.11112191677,196557.34597814316,189338.5223032979,190930.3071643682,195747.24900330836,190857.64263379798,190472.4466481762,200677.91330350027,193594.40949351576,182506.45324548782,181031.55151906708,188256.64029188376,191027.71167180568,189184.26524365562,194812.94667329363,190740.48348245307,184489.5902446874,193756.39002131135,194075.37396606593,193579.79750797295,194345.48871601536,186058.25080359087,181862.83656390975,197250.46875,184110.3125,219088.93186379038,185617.6517481832,190499.62641004764
1335,125000.0,119319.0546875,127581.0,125661.3671875,124071.3984375,118393.2109375,123579.7890625,123425.96875,115013.890625,116205.40625,117703.4609375,122503.0,113891.9296875,121337.87862226786,118489.3640742144,115807.06165015385,117275.57690984801,115291.60349852387,113694.36207468083,112240.02552802884,120526.7705764073,120408.83542881515,117546.54657805288,116420.77282588951,112640.38026859518,118318.03763549843,120090.04172498097,115397.17686868175,115489.15523365972,113445.5839911328,118749.63869892345,115871.52312997103,120380.36335367856,113784.81453361984,115599.56028487677,112204.18696847137,113790.26212814175,115477.68928443031,126665.15387351981,113186.171875,110364.0078125,112132.53736823564,111235.45833167227,114492.24008260743
444,172500.0,180186.15625,179979.890625,181768.3125,184484.15625,172374.953125,180702.921875,178372.296875,164745.203125,182840.96875,182011.609375,174265.71875,164447.515625,173187.0688871226,176496.80087361042,173321.1621706905,172902.51147880135,169297.42861660777,173725.2429257518,168821.4071578475,166088.9947286466,179728.46692230218,168548.19792435583,167565.69947416996,168893.91357350757,178527.70265958755,180973.83756632986,181474.10350546511,161888.31457622838,172577.54279377256,168533.08456270106,171833.27886766967,182026.141492339,167632.07376630252,168696.97236384248,168915.7260398106,166515.392667605,165769.53237140508,213670.12156887754,214526.59375,199857.171875,198744.19191069558,193974.98501071465,169226.55895985063
1003,232000.0,244613.609375,242179.59375,238788.34375,239195.40625,251770.546875,241121.109375,244349.671875,243717.78125,246714.265625,248743.171875,245581.234375,248132.875,242948.94852160473,252274.28258604568,244038.21421247642,244578.70174119162,237262.51780212097,243556.49364604353,247886.0413361142,242821.66965308445,245371.25114293527,239505.20070651447,241267.57210899066,243583.71256474996,249150.39451912293,248480.66654359398,251204.0873619347,251947.7023181723,245018.9603605696,243060.3111527095,244638.1211199963,250256.97831596027,246242.99470011625,235073.3240572547,246580.47719800565,243475.7892668526,244370.2164630802,244498.68771038952,236307.78125,237599.84375,244751.52763979742,226883.7241550374,246335.43470724145
1078,138800.0,133176.796875,138295.515625,139465.421875,133592.125,136716.0,142017.1875,136019.953125,132055.53125,130092.875,131685.671875,136169.453125,134598.15625,137425.88643669043,132821.6821475636,134345.3826925447,137334.29260188164,131130.1354729258,136941.56865084698,136229.6855768176,139961.9591555434,136857.74750483414,136558.51117280452,135910.74450857745,134872.6634370914,137677.9446174037,130854.94174707524,136628.40489830065,137130.6629180396,136217.15066537735,137477.71010671204,137732.42904733107,134408.0994379987,136487.0385969827,141277.62938885804,137188.1104505522,141087.8988166878,136302.82388940305,139633.85780602568,127781.375,133010.90625,140940.4337173262,130578.93918549255,136022.67964460104
838,100000.0,93569.3046875,90370.3125,91202.09375,92064.0,93337.84375,93233.3125,91848.359375,97371.3125,95686.5,96769.53125,97213.3984375,94454.7890625,92202.31151879797,92826.26655528473,92562.35575992402,93618.74892875433,92930.50955928434,95083.95837257642,94827.18534636138,93246.63009350863,93982.35561014697,94946.32450617396,92278.80462657144,90863.75090627949,93430.87208609327,93350.94112942523,94220.58414717393,93451.10168483616,91585.2154806167,94726.96822122617,92985.9901570211,92993.75072484245,91807.22421694164,94360.23079765988,94458.62688887074,95908.40983999007,93638.918850776,102799.1972267695,83452.7578125,95236.5390625,100022.24902258882,101802.19814689457,95369.42693576089
1305,130000.0,141711.96875,146647.796875,138934.8125,143912.1875,138754.328125,132970.0625,140828.03125,138795.796875,141024.796875,141301.78125,136501.96875,138841.4375,134217.21301797227,138006.61807272685,136360.70988940462,137954.13342349877,135724.3820924914,136981.06644651282,138106.21530945064,134307.7099696086,135097.79923316836,135485.69191231614,135219.7019647686,135741.84268716662,138689.18048784617,142103.84653148003,142078.83554760859,134371.0617078506,135342.31842771423,135612.56036051846,134514.54591067144,143151.78180434206,134780.72972172682,137818.25156792006,137139.97453713324,138227.49564226318,135334.61642040397,148501.43745405177,147115.46875,144797.390625,153310.7239126434,141662.2411823557,136324.91370740745
305,295000.0,341035.9375,366168.3125,356668.875,337303.59375,351003.28125,330675.75,342912.84375,333422.84375,350637.875,355346.28125,363987.78125,303111.4375,336532.5079974117,336005.46156479686,316440.50491453876,331701.88892845693,327093.96705771796,342208.9586439327,359650.08461951104,323042.2869918194,322806.1024206131,338316.70144462667,316001.14959857054,340613.34554510075,347543.5978267552,345419.5069863392,334330.24462958163,316736.370140594,322136.12120794895,320796.3965909382,325861.4339689248,335066.3153733228,318857.36950644484,286344.0357080863,322067.95806517964,333110.9707478131,318985.5177075006,295363.23714285716,319926.6875,299844.875,348436.95432721986,325386.7378236456,319715.44544730923
1212,164000.0,219897.515625,208669.609375,215353.90625,209161.125,208768.140625,220043.109375,221639.953125,240336.78125,246395.5625,243032.546875,237240.25,240330.796875,222384.71467879417,214103.2694312741,223397.5978403906,229979.91150548833,227136.71642254337,228934.01447564884,217335.6756198471,227674.50598360487,227945.4871599086,227508.9789827503,236587.8613876252,224677.79367896655,236548.4770003819,204041.59916270556,228444.50853784752,233421.63630187535,235176.26591403875,231711.08971149498,220211.80364148918,224954.6724970544,221983.80378871286,219873.0914416148,221320.9216014365,217678.92581155777,230515.1577762071,211887.40687074832,218265.03125,209778.015625,212928.4830389294,213618.66391154373,228361.16237923762
314,375000.0,248094.9375,265984.625,257047.4375,252340.71875,271084.09375,267546.1875,271140.71875,275179.96875,270598.9375,262337.15625,248898.21875,254366.21875,258026.89378105983,243319.69612811014,268571.52981996216,255317.83953787666,247188.06348142863,256230.1080788167,267554.0318730417,266512.06347259245,272851.5962706067,277562.7327053279,259132.23607497534,265041.44370622933,256423.05152833776,253111.28372066093,268865.89767565485,269991.6677186277,261957.98914380843,261179.84721379358,273740.8542169121,246727.29072065395,279336.3567331763,262694.8335361113,293761.1257828446,270724.0755048214,271563.6787090089,241581.69285714286,298207.53125,267349.28125,257434.15572855304,357739.9903797035,287786.10622740304
150,115000.0,113204.1796875,111426.671875,114668.3359375,119833.1328125,119609.125,116203.7265625,118437.140625,114668.0625,113867.6953125,113544.890625,111412.6875,122692.5,119415.34974527995,119494.87569633279,112440.44922528687,113064.92087524304,115673.47988238346,114130.4049843696,115990.25624979514,115219.8724048056,116296.00037632257,111283.58611126342,113417.73057207903,117925.33595080939,113334.00222332284,112938.76314571183,110559.49069262084,120709.23119066768,113843.10978430795,115771.23185857515,115164.99232882798,116266.08798788003,110131.77671966382,109790.39211070149,111717.99745278172,111653.37249245345,118930.40467035407,122578.99142272194,89257.21875,107727.7578125,102507.97739154504,112001.80033706022,118248.48561248768
575,139000.0,114014.609375,109128.0546875,112901.4296875,109852.9375,106501.4140625,113090.65625,111254.015625,116352.7421875,118299.28125,115661.3203125,117602.0625,112141.8515625,113970.2823036129,110732.43564736604,116378.35769294671,114595.6759354217,116706.78363531757,116102.15727057372,113767.61694686042,112227.6307586773,115526.7069571722,118339.08471143809,117192.33127651668,111157.95947088015,111318.98942867748,110252.14633016582,117004.34382472356,112866.77915892724,114103.6834923041,116964.9511762579,115781.23642196217,115811.72663089882,112665.03961233677,116810.49778454646,114762.63751101242,116753.25712019112,115651.14897820029,119824.60038389578,101865.953125,117046.1328125,120446.3116084747,138841.98950343742,118469.93062701239
51,177000.0,177346.4375,171798.25,170144.90625,176893.234375,178879.265625,173539.625,172671.4375,180648.4375,181171.8125,181487.375,178538.65625,181534.421875,175345.10261389584,175014.0289638289,174778.47883723557,178789.34582340048,176007.33274325906,180586.96797745978,178630.09280412723,178777.30462872458,179122.98506008397,178098.50505677305,174468.85945547372,177622.38289746744,178642.10751322366,177867.63031913893,173897.13754374976,175881.45940834316,177359.07294764282,177862.64208173257,178337.34841390065,179867.04000061567,182630.52820777457,180134.69870916544,182194.11193441934,179954.32163751943,178339.064303565,178796.51331446058,181148.078125,185176.53125,177019.3645487517,173104.32671352947,175509.7125728458
1141,139000.0,135140.71875,134346.1875,130293.5078125,135490.4375,140822.78125,127803.96875,133199.921875,134425.109375,133566.828125,137053.234375,138122.046875,135731.234375,132646.17632067573,135021.09072629892,133872.76804579614,132970.51471169596,137676.17580223584,136107.17004338602,138684.70440607826,133096.15779876395,131205.16763420767,134673.62041623573,137180.80470674904,139593.639448098,133946.10672115086,131558.52183730545,127095.11629028792,135428.4614104354,136285.57967808883,137065.68920014318,131691.57522825783,128959.56928470184,130243.95752558063,136139.39894290228,136369.55930292796,133438.48875785968,132761.9077400375,130106.72562850478,135574.421875,125965.8984375,131816.40302158147,117419.30289016828,131600.0052329244
727,222000.0,228418.1875,224868.296875,221363.65625,225417.96875,222421.296875,218172.515625,220604.328125,224361.765625,230042.765625,231090.046875,226159.265625,218395.5625,219916.511248463,234634.28679600163,228995.70880471237,229672.69418088603,231078.13397879238,235024.89363107525,224148.7767161774,233012.36385910248,225215.51622107127,228033.84159386734,228949.21581760937,223801.01686087408,236581.59406524716,233937.90731608024,231159.2424215134,224435.45209146084,229898.29805932113,225669.47156784663,234913.13836734765,232342.53298196947,240885.10486958813,222538.79402908566,233058.09518828106,238099.8681332689,231442.79141046922,205432.5237032016,244113.46875,277825.71875,219899.49076164822,244560.6172041215,229084.1463588304
834,167000.0,158177.796875,154615.453125,157281.875,156019.5,156931.28125,152841.375,160135.953125,160744.328125,165065.734375,161184.53125,163391.734375,164080.078125,158040.82532989397,160365.61977370555,159554.84098022387,157469.5894512335,156572.57570587267,159645.93314128488,161173.82217552286,157029.4831026572,156730.95235435435,158325.80784307435,163329.82353662455,161249.08956239774,157272.1875587087,160520.40997776788,154098.28907101403,157596.61675238173,155061.94678571358,161713.76789640728,157972.57652098956,160640.4991854443,156968.35841927378,157911.10746522862,156556.46747219196,161424.33473862862,160468.59736691377,155691.46563986863,159667.046875,154308.90625,155455.28362047893,152467.62739923332,156682.209748329
1116,318000.0,319813.71875,323267.4375,320467.375,329532.6875,345164.25,326920.84375,326404.3125,349997.21875,336312.6875,333960.28125,346961.09375,338655.78125,336424.7688332436,335414.2285196264,322525.72757445194,319722.2802026114,325429.73204654607,321588.62677159277,330957.1406340006,335087.55278717965,330453.6063898186,317745.8207421568,315010.2570207227,349139.695166537,321546.8924581426,323760.8676831782,316638.5169945275,334662.87896577246,329110.6051335083,338388.1630568659,331306.9328528651,326299.8958509588,329488.44512951665,325177.21689492353,322238.9010230406,339276.13407823816,328503.9792202869,340831.73714285716,325085.25,325684.5,331280.80060177564,334591.4329485823,334798.772473923
471,212000.0,225033.703125,218117.8125,219382.859375,217142.328125,214877.953125,215124.609375,216333.3125,211660.984375,216256.078125,211039.40625,212879.328125,197621.703125,213056.34788005654,221309.83830943142,213604.19304173993,210628.6693675301,208155.02687260704,210296.91357101488,209800.97618366856,217631.1550432802,214218.07181665726,213903.05948876176,210434.12715685196,214344.99835387035,220360.29093963976,217855.1495046448,212872.18251661854,213455.73186574093,210936.99053341348,218875.9145584954,210753.9577096682,221898.2517384093,221463.1587573018,220247.3970142447,212655.70311748347,205174.74783471785,218470.3983944723,215386.68153306464,222372.40625,218925.765625,219210.18178065936,183706.60952080414,207093.04726939218
972,173000.0,174347.0,173130.984375,169776.328125,169077.8125,167681.578125,169002.859375,173209.765625,159478.453125,167640.546875,168071.765625,164182.421875,162058.421875,165019.54377577428,166737.22660323104,164733.79455255996,170571.50097366844,161438.32610779357,168541.66735960962,164460.63066531898,161355.5258280912,169495.98467714572,169056.43065370887,163903.76280780972,157260.23115007114,170224.61228299615,167134.48975425493,170377.86288431953,161520.97391119978,165631.52457472924,165372.50915474442,166043.78000599588,174158.21709590746,166311.18308964567,162265.9285210218,163113.81266689723,160158.7917421736,159244.0015808425,167806.0519047619,190359.8125,177615.390625,171560.80880380317,170714.32668426074,163497.3560868324
654,135000.0,134329.40625,134415.015625,130695.109375,131781.984375,141543.0,125610.0859375,135122.546875,130685.5859375,132814.28125,133136.03125,133674.765625,128449.2578125,134006.29816076648,129058.93893880998,135258.5803015216,130858.22955602362,138380.56456710174,131955.9734857164,134568.0381140358,134061.21563522896,131322.23313276184,131154.45603696222,131561.2743616782,129058.15601706189,130618.77900970221,132080.08140236998,127758.32436074305,134372.48216429897,131660.31004087787,136444.189080878,133979.59263365334,132851.78441951596,134977.39278881784,137372.83709486862,134846.50702675944,134635.54548381717,131803.892851861,129843.09316684204,138548.34375,139233.515625,130681.45861508373,124015.74989150488,132207.7445995512
400,241000.0,210280.359375,208351.046875,211356.0,206142.375,211345.515625,210115.78125,203499.34375,197713.3125,205604.546875,204379.59375,201654.5,204042.0,207286.7999035034,205381.73740924272,212024.41056145882,210589.28993294187,208248.16031938506,211585.3732211196,209790.03876594358,213049.0227831002,209676.89755541933,208895.85090732138,211320.62635591964,208956.05798129353,209840.06137197383,206936.93276326946,206177.0889807548,210521.76752069837,209424.4559688808,207793.430862801,208222.7182049905,208531.53195413534,211081.90558488978,207850.16007054714,210211.3723230943,211219.56034786944,204629.32737489115,205023.16883272174,205049.15625,207044.546875,204781.62916820604,220618.15692981626,212529.8624099504
512,202665.0,185247.890625,183822.75,183494.171875,186545.796875,185784.5,186524.984375,187848.671875,187437.265625,185839.40625,185682.296875,183418.46875,188788.953125,188918.0082234909,182986.4517798621,186196.59557468942,185527.64701320816,184732.97272490937,189199.26838268724,184296.6258383356,187766.67400192394,188520.55261696826,190261.93404725875,187328.4853983912,187234.3321987738,187134.83751398954,187204.7158396908,188295.4692723592,188600.53759487314,184458.39889102074,186643.32711144414,185263.59661517036,186044.9834312997,187474.80958487946,188091.98260102503,190688.40866382394,190078.15782845952,187957.5610639358,198114.8692442255,200460.0625,196242.9375,189643.29269386356,197151.80285339762,190431.42901934095
321,342643.0,374378.03125,362654.4375,346845.15625,371819.375,356651.1875,349911.375,352803.78125,368350.0625,362978.3125,349857.125,368576.65625,364553.71875,368318.16037451295,383003.79910233535,353509.37364814815,353911.92439862597,358983.31846467836,347034.18315711763,357015.86840629956,356736.81251220015,358903.93106255925,344784.44666671456,357886.13842344575,377492.08567643963,352577.2210319214,358062.5823065573,350109.32107732084,342625.22419211676,350085.09615976707,347712.3328344882,361188.8068777973,349788.48027070216,358260.68877157615,339640.31525603624,344584.9183691327,347181.75323713745,347415.16526934376,312869.48142857145,331934.25,344319.3125,328931.7363872074,343958.8966961311,342886.9765192124
20,139000.0,121095.9375,121869.15625,127129.90625,123474.703125,126192.0625,125256.71875,123790.6953125,134078.5625,133727.734375,137583.46875,132977.140625,131078.4375,124331.25248887549,121672.93455166298,122075.04460853414,125186.51158356344,119418.70549751542,123522.10510004242,121388.72279932923,126283.44571059082,124839.35517603309,122464.87548976051,123077.13391198218,118045.19681026535,122428.5163667427,124511.47953925347,124176.27312282211,122997.7694541487,123966.08820525694,121936.73566913388,119564.18715416819,119887.367015486,121594.33738184551,123398.44820698389,117628.75931775033,120804.88302219931,120729.14559291732,129978.4568215064,117059.2734375,121574.1875,119774.52492013699,117127.27829410115,121650.35757614321
685,221000.0,213908.390625,217839.453125,218264.296875,210692.671875,206948.0,214133.3125,202406.75,220186.375,223431.671875,222620.828125,222729.640625,221719.40625,212053.97923508633,202366.06089607085,206215.82265051847,212573.38567434828,206036.36645818932,215999.07754845123,214993.48175783866,210234.0155224752,211791.7920304251,206027.35367128634,205146.63027959352,206288.50408790633,208753.56534068834,205262.2977405493,211737.87389034597,205114.20405854782,210649.22292503522,213968.7500980705,207015.66388153957,210403.36843452952,208896.8774389924,199795.8928473203,209794.50084936127,213530.49294341038,201364.90373402715,223038.9621722137,224930.765625,219584.21875,205559.32558654912,214982.2873145601,207510.24395556728
36,309000.0,324298.15625,328945.84375,324236.90625,321246.75,314709.25,321415.59375,325387.6875,316009.71875,311196.1875,320414.6875,321765.25,309099.375,325834.2348463457,333038.49507599656,329031.8851571817,333092.02180128905,324461.0469637034,324018.81476139725,318839.5074629437,315835.85375015053,321160.46235402545,322655.01566232217,324483.90263555245,319821.258733944,325953.0778222373,331031.46456222935,324364.16855123395,321447.12684895244,326399.4569087521,331158.7212524155,322872.1976505513,323103.61637320195,318357.11443030566,321889.8366088921,332723.58486045885,315873.77120697626,317231.01663762634,328356.2457142857,315262.375,325267.3125,327917.5778783553,289203.45400250953,314704.01415099227
903,180000.0,186251.953125,185241.53125,184747.015625,185799.390625,185633.421875,183464.59375,180495.21875,184501.96875,183879.515625,185851.21875,186228.765625,178699.015625,186070.83441931568,188247.42376959644,185417.3695017445,186720.22340266264,182448.57428810222,183667.87351401677,186438.8246631218,189460.62653467568,185160.47919916888,183987.70292583675,183937.6845018323,185695.6691073069,190459.5569519359,184143.46945974373,185026.68982905566,189704.39760027095,184627.66620570718,183848.6481908761,183738.63167479067,184307.71689886416,184978.44188372933,182727.41617090296,187545.66776115343,186246.83662720985,187872.4468678732,180841.28270301447,185810.21875,180206.09375,187930.7390159666,176607.86608116815,186845.1103240647
828,189000.0,192061.84375,193973.28125,199342.65625,197556.265625,198341.578125,197094.640625,196949.21875,198352.359375,198273.8125,192721.03125,198937.234375,200629.3125,193711.43602725823,198381.97327651762,197875.11885500603,195928.16512559625,193274.72707870364,195609.20972440726,195036.4905608936,195114.50436471024,194465.28445744107,192226.358492428,195434.0919147321,197716.50329981296,195264.69892930717,195909.72791336584,200805.3187293271,200167.5971789136,196854.75536221132,195746.40775061396,192672.28178145832,197336.08985599724,199471.04938626118,199767.28362316472,197739.21597132532,196874.97976223333,197824.95249115376,196690.0862641454,207555.453125,197045.59375,198419.26034307003,200018.58438731125,199965.4247115933
1310,179200.0,174536.3125,175804.09375,177333.0625,176187.625,179777.296875,181090.921875,172997.796875,171963.765625,176832.765625,175498.609375,173210.34375,178109.203125,172759.96219210426,174249.56490984996,173777.09695729052,170370.7529517757,173960.22033364628,172527.5627362941,171847.96419016,175979.38254168158,173437.9509479705,172403.67854505885,170529.70426593244,171689.6093124774,172016.54244247408,177380.76260050418,169666.8637041315,173488.2500598967,172077.30895332538,169419.61595020487,170697.9720919019,169373.70727152124,170031.61569912834,168655.233332526,170427.17600558224,173031.84088380565,170749.66060907513,178191.13997452214,165767.84375,161189.5,178895.8489572152,171267.14334844257,173097.16321160452
408,177000.0,160482.234375,157563.21875,158567.78125,163532.96875,163892.0625,158075.5625,155749.078125,162450.0,161507.640625,156958.75,169433.1875,151627.234375,156085.92244904564,164049.48242819766,161227.0839050031,165072.0253822219,158556.65036170068,160785.1410056569,154931.2727211449,157765.3183301026,157090.25144816443,158147.3692643114,154778.20983127892,159194.37720303744,161663.07539413357,160899.33175524874,159574.38574912492,155973.76530174093,159780.1682572126,154689.46128888748,156623.68329160856,157395.9761374226,157643.5532597898,159494.0019582143,156065.42988800976,159099.3075466209,159507.0557672313,152727.4783413972,153778.5625,159590.765625,155171.67574087417,162680.5604641042,157471.15572771558
921,201000.0,195542.75,194983.90625,194092.625,195829.953125,199491.5625,193061.578125,197917.390625,192865.03125,195168.25,198734.984375,198120.96875,194991.296875,192955.13645293913,190313.01836704215,194714.34864426084,196344.98318502924,193602.8427450236,194999.23087629522,194803.13658898466,198806.4898798075,196690.96334448573,194710.65914546294,191637.5685297332,193483.13082648843,195920.30349480762,194998.86435065125,195377.11041239474,191814.28756421444,192800.28973209832,191736.77775342713,197384.68198953473,197519.72423443472,197218.36926014212,193425.66234089513,187032.65980188275,194572.00907542073,194217.8151716445,201462.12802957612,185830.75,183964.28125,190977.1415500817,190165.10314707534,191585.07320237005
538,111250.0,122252.140625,121817.6796875,123762.71875,124036.96875,123531.7109375,118724.8359375,120779.2265625,113944.484375,122751.78125,124049.4609375,117245.0859375,116784.1015625,118956.52374041248,117786.6220165873,119169.28482794126,119974.975558442,116012.48128010205,119222.98675227872,118772.04835356498,118740.27924045602,120942.2555378181,120917.76914027843,117680.44304939453,117230.90887130379,120412.71006850862,119942.86845186436,122670.21776828825,118808.38206206737,117291.6920342022,117552.65129286605,118740.85118459279,118375.79853054433,115304.8588203587,114744.41866472122,120548.93883488013,115578.5931843251,116179.1350763192,119245.10979988266,114507.8046875,114394.9453125,123540.20757273279,112856.35584439224,117521.52505828015
759,179400.0,162500.515625,162294.6875,163160.65625,160257.40625,158158.5,163614.546875,161127.703125,166473.25,166641.609375,162478.453125,164360.203125,166611.890625,164707.10515973734,164477.59465049132,162897.99376180576,164371.27113543364,166047.55270019325,166173.5537523063,164469.92338108504,157571.41776250745,164506.0381629328,161510.4064020691,165168.38007666293,158521.4752137337,171070.35734389414,172823.88316118516,165811.2966164957,161139.56914132857,162861.1996134338,161363.06541355047,160993.89098554105,163982.8389241837,163115.70436190785,156117.94922562622,164047.607190401,170800.93019411818,159984.29390322242,165079.130974026,165153.5,170313.75,160916.31677173084,164775.46366233117,162304.6995444668
1063,90000.0,125156.65625,125987.15625,127614.4609375,128727.640625,130634.421875,126364.0390625,129877.40625,127783.4765625,128846.515625,137418.921875,134334.75,125877.3046875,121811.27862796056,124622.27776048193,120433.9031100111,123724.66356280551,122890.95441414427,125237.02843600727,125258.89931155501,123652.59022088697,120087.5884424584,118641.26424153947,119130.07140476383,121307.67899091399,122162.74393630968,124644.93128637958,117450.75222218357,116560.37726257097,115468.72081561084,120288.49409349017,120467.31303457214,126146.88507061498,122906.7462771278,117172.1605343995,124042.95352058801,115812.63025138686,116422.96489927993,130082.86369247524,123154.46875,121219.8046875,128990.32861234549,128151.98390019228,119091.41633712604
246,241500.0,219231.4375,216409.046875,217909.890625,214024.703125,206560.15625,218460.265625,215339.734375,207237.03125,217371.625,194139.765625,201059.484375,216963.65625,220036.4863348587,218193.88365720134,222325.1102546249,228259.7342676596,221252.3539366029,219055.9411308549,212496.3510136341,227697.42562861094,227093.05085733483,229201.74222276275,222910.91625188082,220378.99367671856,227132.1977250104,214407.9293155796,226734.62812526553,225000.85255579595,234196.39943287996,229167.09961520546,227739.6846390527,225068.4634338691,230304.15689500564,225860.5807569567,226279.81565498566,226373.11160120365,223143.69445946085,217966.23557521842,210894.03125,211011.59375,243898.50178943298,202498.11005893338,220748.10438105356
1128,259000.0,239719.28125,233357.578125,235634.375,236900.6875,249434.875,234595.546875,244779.296875,244700.96875,248030.96875,246773.359375,239954.796875,250994.515625,237494.55448120993,245435.27915062217,232740.74643935062,241214.70278155763,233447.35821197572,228190.5763411255,238351.12757057612,232899.9261334121,235487.72943876355,239960.9145407742,231319.2417704661,239590.09399777034,234600.82316632348,239086.2265045637,233592.80690886397,233720.6609606838,236089.26355397401,230806.55231167452,234809.27644519808,244187.42291561892,237145.99767710036,233758.4638431697,239556.86093608258,238462.16519529498,236259.94030190463,232719.40030715318,203877.046875,206357.15625,239118.18311323682,249732.18847513536,237288.81353860316
785,128000.0,134792.03125,131639.421875,131738.390625,134942.265625,140325.546875,129904.90625,130723.28125,133257.0625,136945.078125,130864.4609375,134183.875,132540.359375,135752.7337143062,138824.40273904617,136663.34673943702,136074.71530397513,137475.05846337593,129120.95687035992,128654.91122617238,136847.3149559322,131209.2530084061,135837.30410817254,134234.32940692117,137463.98687961788,131248.4606535663,135148.18950561408,131649.21124354898,132362.58123438197,130135.98095521376,137592.91430318257,138111.67989034683,132553.04407218055,144182.756755459,140953.86094444979,136666.15490089636,139089.57190736633,134387.01460963732,136491.35895896555,136744.34375,127195.2734375,134866.44572343442,124567.95883889539,131101.81501887226
490,86000.0,98459.7890625,94461.15625,93595.1875,92505.8203125,93437.8671875,90628.6328125,90837.6875,97884.3828125,101338.484375,100538.5234375,98064.8671875,96722.6953125,94868.71544010282,95457.42137736667,94054.27820097984,95742.51517540094,95001.56542392437,95505.38136439298,93584.75378648344,98228.05858899483,95413.52947592005,96235.29448449839,97810.18783885258,94746.06401845069,95093.31050810221,92245.74419698528,95228.89424103055,94377.31255160639,95461.25770834368,95679.02568947262,97234.24301985254,99379.33245057322,97863.38872954716,92903.4094101009,93700.17660082907,95893.25294520376,97106.73520364713,101965.87176870748,81749.453125,90538.5234375,115313.58955196435,96596.89272558202,95221.32567676457
155,125000.0,116271.5703125,117452.2578125,106815.21875,116616.828125,115835.390625,105637.6484375,111805.1875,108984.0625,111737.8515625,117417.2734375,117903.3671875,107503.0,109001.2249330459,107925.58960344002,104317.21066774557,107414.056668806,107228.73200991865,106592.9593005782,109319.99515040031,105621.46339157943,108090.11600765117,104654.3781692705,107986.89677046315,108296.60160011424,108169.27041505116,115782.91317936522,109588.58639457064,100990.02233694347,109153.2706671683,107593.95949715227,105426.28865726294,113880.58808646604,106868.79607860779,108288.47307509858,108549.1674404855,113736.1312319416,102617.78035807709,115105.91979905513,114706.390625,108255.890625,116409.45062418851,104444.33355190753,102495.03155160198
962,272000.0,241020.1875,225306.84375,232927.34375,249424.40625,229737.71875,239201.796875,231449.953125,218536.09375,221245.421875,237245.359375,233569.0625,226346.15625,226618.04030506432,243192.10312524412,228057.04454720006,228895.19991467544,231231.94898017182,223426.488737802,225585.9486078527,221749.1071148589,226798.2949720631,228691.65321371154,220871.06332597067,222400.27866279244,228661.1438606011,246751.30829092002,229919.56287622274,230796.07963613205,236221.1973535031,231932.83481440702,234184.54869447686,232073.12365887,234925.06216861334,235619.03441892576,234906.5066908651,253462.17317622143,243603.8359855889,232021.38095238095,260164.921875,268745.53125,271524.0600381419,255331.0897277551,237441.49066904656
854,158000.0,173036.078125,164473.59375,167665.90625,165442.984375,163575.546875,163422.4375,168153.359375,169354.640625,169204.078125,168875.46875,164015.6875,168022.25,166799.3474165982,168170.2823125518,168810.0314303341,167519.67201588812,164071.1606496326,169010.2143191724,166703.62252720405,165516.99344883158,169026.70606497448,169498.30606995692,166884.58488676482,168620.47124053416,168187.70866678757,171329.79249911627,168341.48279947118,165692.81650335641,165162.26070877575,169496.93729421275,168912.11142014014,166452.48822145266,164553.5670811258,164341.45343428617,163645.87580181708,168736.61479195737,166576.081936295,169750.6212220961,180715.421875,175452.703125,163863.03553055323,165533.81871539482,165765.78956969306
626,160000.0,141736.828125,142064.46875,142983.84375,145211.421875,145665.25,145061.25,143059.953125,142952.203125,141185.265625,141050.1875,144315.6875,147668.9375,147587.63088457394,146487.22936055344,141387.55910638507,142304.86633341052,145727.75170358617,143969.72612031747,145517.57135605428,145216.43844047957,143843.80551767393,147072.84016475055,146233.7564159532,149770.71157013474,144113.84767605164,140805.6478698852,143649.30358118657,145556.9187427486,144915.94524010675,144420.48852598763,141240.3935965175,143083.8188619963,143679.50494660757,147177.89899031929,144199.08543383444,146690.64914256663,147661.35134990225,146021.91132279945,157821.265625,148232.59375,138807.6209232336,151049.2247939679,146626.44922443377
686,207500.0,207357.546875,216883.21875,212201.234375,210682.4375,209244.125,208527.375,197330.6875,210093.71875,213421.625,215117.640625,211475.484375,208047.21875,210663.2596728691,211768.78779015204,209516.9763226202,220018.82672921728,212317.83002289585,210607.33789015372,208998.88326374133,212770.76964745164,209976.66725455527,206391.22303585891,216048.53937055517,204790.3432304702,211405.16305879195,208326.64887368833,226740.59992632977,214341.01778272793,210229.98300118794,216668.23318600774,207024.96811625638,212158.1760018124,212257.65705956222,209699.56716652625,211136.12405984334,204166.10991564338,210230.44477021706,234412.3978293136,215401.953125,211437.4375,217461.43875211442,220826.43195731333,215269.18758002378
570,135960.0,138265.1875,136217.53125,136694.359375,137383.875,146170.265625,133217.453125,140087.28125,130574.0234375,138088.515625,133160.546875,132015.25,127122.6171875,130712.74171246169,134870.27707130538,135736.9709700193,133571.4024293761,130087.89994908951,131833.5045605032,135297.36436115176,137684.16184739527,133811.1127986888,130694.00101163903,131766.9936740944,133324.55435672236,134375.75852862652,137351.32731955568,134139.6381989046,129706.9454760552,128519.03737695639,131363.31190460877,132229.94911938606,136855.1216342853,132954.60032223386,129628.85502177395,129765.56318115804,130150.6823607593,133152.4039463111,138525.7125421369,141376.671875,143368.484375,132717.20568054146,145731.02745076123,133051.95402448543
1400,137450.0,157282.328125,162084.328125,155033.609375,157004.03125,156138.140625,155613.53125,157383.453125,147220.234375,149947.5625,152198.609375,145846.25,145438.09375,157242.8455984094,154925.1172458078,156712.3180690959,156408.53891324849,156507.29234394777,157268.04737636633,158949.20723106194,156998.9450806637,159429.42806080906,158890.35070574254,160324.93401739135,153586.08459711756,157644.90845068733,158188.1220704701,156410.88210273182,156193.30150456008,155829.07545395967,153202.99328143953,156556.68413917156,157060.49542604704,158739.695585353,157617.27997085694,155886.2919462865,157413.9782895794,161140.35238256215,154452.79168056493,159579.53125,149152.34375,155949.23351331643,138349.01305175602,152591.6638269998
18,90000.0,114727.40625,115078.828125,114247.2109375,113049.7890625,115731.15625,113024.453125,114930.546875,111208.0234375,113604.6875,116242.625,118319.171875,112684.75,114870.16492084526,114907.03740714604,115428.02585535706,114874.77265183545,117355.66524075152,116564.51618379142,115969.73562151837,115121.60629918061,113035.13519600901,112492.08847635936,117024.62795154419,111978.03633581262,112382.36980888124,115573.47572466043,114526.07025310326,119108.33941642774,114287.62291880442,113720.83696336826,113283.83486374235,115826.94000304921,111803.6708722947,112176.70648978726,114772.57166468186,113091.16994802345,116040.69469933091,116925.56022454685,109709.4609375,112571.140625,103425.75195078542,100221.0903948808,114736.89101441437
128,87000.0,88559.9375,95593.515625,91017.96875,88821.6328125,88875.4375,93694.9453125,96179.0390625,88800.0703125,97029.578125,92691.2734375,88889.265625,86154.734375,91691.13597191055,93717.46451164488,91196.32541308212,91951.92090685011,87364.35531686783,88697.54305148394,90681.1476149156,94243.33917942083,93702.3842206589,93148.52851150736,91807.03174681327,85068.70239012367,92411.97685498984,87693.41543116387,91139.83924539256,90824.11077633117,92926.17565226388,92606.004934913,94929.50358694837,88195.0094748463,94714.19268000487,93240.03991404761,95575.23509752256,89733.19553119752,87655.5964257535,106164.29367346938,65565.0625,83172.796875,93329.49580513655,87751.98495658059,90186.19325040613
928,176000.0,180679.671875,178580.96875,181397.375,178130.390625,176247.109375,188207.140625,179190.859375,192422.34375,182625.4375,181839.875,186654.203125,186718.75,180932.72731113306,178623.34465689998,183960.12878499285,181971.2455293127,185840.6556124652,178592.79293334013,182344.98339500788,179737.86640093056,184470.62650163757,183561.49139712905,180163.6602455023,186402.3762321413,180898.92219281825,182247.80562649056,182368.97927786436,178493.46791280792,179113.59011290263,181747.1681919781,182201.514794709,179322.22836688434,176649.2031488467,179448.76799875562,181340.42168358603,181755.1183093774,187575.2389551713,191507.68138779872,184975.40625,178735.0,184111.83573157366,185769.18373896863,180212.37343191126
981,178400.0,162963.0,160470.296875,159227.265625,164110.40625,166327.953125,160848.4375,153196.125,163961.609375,162560.25,158042.84375,166882.0,174461.015625,161342.1380967753,169097.8987588118,162301.60801332392,164113.80284563926,158948.46724924602,163954.94341106428,162036.5364880338,163290.63963207413,162285.8055591445,166088.7380671325,163551.04032578124,161283.81976562898,171678.36674813376,167581.69067513364,170258.0766482999,166216.07973516724,165626.3585790465,160047.43548572325,162813.2346293706,172909.16599589173,158559.52479280322,165507.88788508243,164585.54833344393,170368.44696922525,163854.05304594265,174661.67836373945,212290.203125,211444.703125,179494.89093826633,187992.02199503392,171059.59266754624
1432,143750.0,131773.8125,135014.734375,137204.109375,133416.046875,132114.828125,134253.328125,132296.765625,131679.046875,132405.015625,128813.046875,124922.859375,125887.1953125,130969.33644758615,129816.10346695215,131312.5919324453,132975.99137412186,127899.77081154556,129026.46964107054,131068.86261739078,132647.2806851582,135499.85472859844,130732.27726033003,133212.016706112,127922.96232047166,134287.20755495518,132634.75807292797,133885.69987318668,129828.75741639032,133198.96569679995,130795.82921641995,134037.33334779003,135378.06393879096,133062.70170882775,132444.7548337673,129641.39442098018,126298.08453611864,128228.16210969797,138780.55016368252,128084.359375,132186.53125,128438.55526834296,130334.46969879113,129755.63018329257
191,315000.0,270750.03125,260671.90625,265049.0,261855.921875,265336.5625,240129.078125,234293.484375,234882.703125,250550.59375,247698.625,239331.34375,269929.65625,249219.61893054316,272482.67629835237,253828.4762364094,253658.9197303641,260734.52772269733,253190.96275254275,253754.10581765554,258239.92019303524,251332.8922520841,244486.6269314523,243831.37991318345,263823.44188144687,259060.81250373338,265813.8610161283,271618.0159528297,247983.35949471555,249239.33586162984,262855.89292068797,241770.10283760293,264642.78985851636,265271.76414323837,234613.1316188846,243264.33933635577,250053.8760663,258315.9549452903,268248.38952380954,282091.375,267457.90625,256253.56723147925,264637.55430080363,251609.99558810127
1140,144000.0,121317.0703125,109485.1953125,114425.7109375,121245.2421875,120543.1015625,117332.9140625,121083.234375,120782.4765625,118590.8203125,118484.7890625,118111.46875,118352.3671875,115594.34710928067,114010.84319929549,117543.80286350285,115696.57120800721,113186.63713534604,119074.25613311825,112612.92315194519,115191.10799252844,113495.28546779971,117753.94085510405,112986.03400422499,112522.11685876269,113729.14057322522,113212.0177220802,114589.2955186049,114449.53173679301,113246.17175987171,110954.31717789448,116155.65156832236,111326.89700577514,113373.91867513361,109649.20585418714,116047.20199395076,110159.86229355799,116140.61837136128,129786.8024636988,113839.59375,111481.7265625,126379.9934780595,110210.44513262325,113577.74935491028
993,187000.0,200297.375,191729.3125,192058.0,196036.8125,198262.15625,188736.828125,197026.046875,191911.140625,197343.109375,194719.375,196047.390625,192944.75,193490.77951929258,193971.03673403422,198003.06070201288,197376.8035144058,192620.1466038789,196442.39735364384,194984.7548965162,196619.03488748998,196903.6872379097,196159.71103956574,194200.58552024327,198279.7465374346,191969.5680083172,192559.55028044555,196904.02885470644,194354.45013122068,199367.5097417656,195642.2010029934,198237.06225521097,197340.49586738812,199915.14623254415,197249.6414567464,196409.9309498886,192611.55669007683,195174.86193173745,182119.38750001637,230984.625,220240.453125,193797.0633615361,196001.18265252808,194606.23028989346
1426,142000.0,146131.796875,145031.234375,142039.265625,143646.859375,145430.265625,142475.4375,149866.984375,152448.21875,148097.84375,153825.4375,152992.609375,148442.078125,144710.4728405997,148811.9865869348,146823.74784503801,142474.6822031228,149315.4488458857,143182.23867147212,146136.33259718883,145915.4604504358,144710.44080195605,143847.18622518147,144950.749778588,142416.05675862724,144804.05966357657,146665.1839085547,145112.54290792413,145716.064941994,144726.7665482419,145752.81786782682,141296.75977886058,142660.38588292635,151863.446827849,146182.0559301144,144753.93931185198,147749.4494695736,143256.97864905224,149738.262641208,161424.109375,150974.578125,141555.10458553035,141363.97384570137,144850.60869473324
1219,80500.0,69801.5078125,70938.34375,71520.984375,69556.234375,66317.0078125,71739.5859375,70082.7265625,70394.1875,67665.21875,67638.140625,71026.96875,72157.25,67414.56337047381,64797.05078863696,66783.56300938115,68929.08926116714,69300.25857732592,68361.02673567922,66395.46754133292,67316.2276196658,70671.41376445982,71870.49967539024,71067.31776910808,68168.41607306812,68193.6435762335,67333.4987296326,69473.3047527412,74514.7494218965,73797.15150864894,68814.80452005504,73128.0113108176,65551.01668505142,72783.26508613206,71876.18873842945,72758.2144820338,75983.75383786888,72346.20192950967,76665.95095238095,75798.7734375,76472.859375,66241.10568970336,61269.546333433784,71741.18875320407
607,152000.0,150376.515625,149711.984375,148739.703125,146442.0625,143228.8125,150612.75,148064.890625,142917.0,146370.046875,149179.078125,144033.28125,146057.421875,148359.72263697052,146160.72224810522,155444.3635544657,151018.72749773334,148644.34629674008,150524.78190115877,149378.9470705479,149435.36077018877,154707.2993072767,155324.7615907576,146388.12328279277,148446.2883224748,151929.02839726553,146987.4479161032,150674.39748109865,151031.1646765424,154817.09994997372,151834.82444686344,152803.13557877898,152075.1197944919,154381.68748551668,154718.05505874427,152766.0421902168,152922.77282471262,152729.38539698356,149068.27263242117,168012.15625,157366.953125,155945.02422626675,148595.88637427986,150691.81022946606
181,177000.0,169861.515625,165387.921875,165384.140625,168901.984375,171483.796875,167841.25,170392.703125,172844.546875,171878.25,171748.609375,174833.453125,171480.84375,170835.66139719353,169086.60164977182,171877.75226259156,171786.4215316651,174027.73747804892,172316.09275936833,172515.0823348971,170047.69030522445,169508.59318891415,172115.49237947556,171449.03688527888,170129.74637794003,170493.7434931741,172836.48765212833,170103.05922632228,169321.84509877895,171968.71458500397,171217.613562404,169638.43378544474,166558.02447450545,172917.54245157848,172257.5570254175,168519.62217989287,168617.8554614997,169565.65770237008,168743.2542001649,172069.015625,173929.15625,166818.34638546687,174790.89887802931,170371.40481744363
302,267000.0,269361.875,267011.65625,271141.0,265818.78125,273288.1875,269511.6875,259824.578125,266287.09375,270604.6875,263862.875,251621.765625,262223.3125,266695.05540849926,268621.1590891752,275886.18891978223,270174.74107983644,269417.61921677494,273895.17240285524,264805.898837452,272510.5084188788,271484.87844420254,275351.6229238422,270250.64155911264,263006.2201544944,271223.1061262287,268004.1157804295,275178.5884804022,279466.0686154824,269610.60216198704,269750.595426142,272496.7552377329,265882.59785073553,272384.7701144705,269039.23554366763,265393.1627925187,266871.16849778773,270308.79207621707,278713.45700067474,272908.28125,263391.46875,293925.4891723324,260335.96267671062,275221.1854119817
497,430000.0,340332.84375,315928.03125,324575.0625,323039.0625,336247.5625,327617.46875,327683.40625,368630.375,364563.1875,385005.96875,355282.90625,359683.53125,350778.2969208678,346829.68603125523,359076.4918824418,368872.41344607435,350147.3098374603,361786.51857665164,344803.3598709486,370023.19991287275,345156.34536904894,342169.0307860778,362641.7294716847,351066.47170051816,364672.21405095805,347147.747247357,360832.1157725666,348532.2971187195,357082.94097439485,354735.23330945417,339576.1598381062,344705.9243269557,337901.3408501922,340431.2989362852,384062.91262831405,359654.269567148,355233.0101053468,306676.6620779221,319557.125,326958.5625,372668.457177679,364870.6197183883,352736.9786528955
1259,190000.0,172745.21875,172463.25,173706.375,171154.90625,175684.265625,173808.109375,170061.53125,175388.046875,172288.484375,175632.515625,171925.015625,171040.28125,172099.3217799073,173195.09127811674,170612.40647518059,173723.8937550095,169963.41118141514,174427.33837431777,174614.0897290759,172273.50839359983,172326.2559192089,173614.35600597982,172367.08863660978,176240.1278778717,171611.22563696466,173828.06790458562,173653.7775233771,177424.00268416238,176745.42067208028,174437.65891008553,173228.27295932506,176403.0795369929,175542.44871579192,174143.72134693665,178506.9942525921,174862.242505026,172353.39923755036,179862.09201998002,201736.078125,192192.296875,184231.45304944043,185609.9742556574,179091.62915859302
1223,143000.0,158003.359375,160358.609375,163619.390625,160505.796875,159547.84375,165356.0625,162874.75,158864.515625,162533.90625,160196.703125,161817.046875,157930.5625,165265.90299552924,156459.94295631052,161431.2317149075,159526.19933516905,157817.130359983,161056.55174242338,157910.30070211936,166094.76611588866,163062.582861808,165787.06246811035,166546.94855127652,160936.56420265159,160165.08337323202,155305.1846876041,153112.68171528255,168410.58617845358,164942.6087252164,163169.21277668144,164223.0824573467,160878.53772908653,159340.32393286307,161595.46022636327,163731.37430802948,159952.09603461198,163528.48746332046,161437.91388519548,166193.59375,156317.671875,147539.0727798157,166153.22449836065,167254.75964406098
1205,153500.0,151045.578125,151892.359375,146808.15625,149924.15625,147313.75,149496.265625,146926.5,151580.6875,149548.15625,152788.625,153338.828125,148015.125,150935.35949798088,147525.18619414422,154814.9954120525,152655.56727314935,148541.63911504153,154224.53360957204,151271.30442503668,148630.433936542,151031.22702694134,150222.12980814272,150760.4895000991,149509.0650810366,149189.09745169737,151339.87780406966,151153.1154388997,148521.74301182176,151344.29048691026,152039.3561120326,150559.13587997234,152503.58979768184,151355.81023556867,152664.82111883885,149573.31450143614,149932.459465227,151041.8795938165,145717.41000322485,152438.078125,153310.125,153300.72256649274,158652.10132155393,150730.50457344725
518,265000.0,253351.3125,253527.28125,265661.65625,260379.21875,261894.375,270018.25,253559.921875,265013.5,263112.75,254801.09375,264135.9375,256168.96875,255731.69437546766,253434.93700685067,248269.93242575327,253022.3078716971,247024.34874294582,249904.31299511733,257816.80725399958,252629.89690069316,256430.39747696553,245912.42144491262,244420.84805731714,253976.19565642442,250178.3508647082,251158.51826960486,260043.77642371628,256489.14305084728,248922.93910799842,252549.40546058223,255119.57102380798,254051.57283970495,250707.92184025337,248609.41215028713,257150.64016309896,262386.12282221764,261331.52821971435,281831.70859126985,276443.0625,259984.4375,257807.5315333777,277130.3234448584,260992.47547488485
1070,135000.0,130887.3203125,129085.140625,131273.71875,130789.3671875,134427.453125,132041.015625,131327.8125,130022.53125,126439.984375,131071.125,131191.4375,135786.078125,138557.158333138,132587.84965729964,134516.49543744253,134078.04907065403,134606.6672242675,133860.29121857547,138425.36006410257,135503.87235207678,134891.52976450312,134245.741513333,137666.14793954414,140364.8833280499,132466.4333776294,131814.39331259084,131826.41759414205,143637.4456313578,137118.63531226467,135132.1848072206,135411.84572251615,132185.50612152813,135915.05618305856,135947.62138109247,135030.40483919263,136308.9449807341,137641.42245908186,128388.96897836743,127073.53125,132818.609375,127582.49032759925,134506.3048076913,141199.03520716724
477,208900.0,209357.90625,206781.890625,207324.71875,213857.8125,206460.703125,205779.578125,204461.3125,214893.9375,213529.078125,210308.921875,217325.6875,218168.515625,213574.58759958835,208284.10029657054,211592.1779794411,212700.9920709007,212452.08017525368,211688.3808602948,209366.78087148393,221431.59309878456,212832.81309777664,213501.92515060105,216844.0707222522,219290.0019877407,212283.3810463573,209550.13452951337,209214.46605216045,215420.6320572355,211252.90614583617,213388.50809442106,213655.38619872247,211305.03777675962,212472.63933668827,214351.84892063378,212048.6323776349,211923.55579785386,213994.45230562458,203532.86389401057,225391.84375,220672.921875,214066.75366543463,215480.61586432502,215258.3316527433
158,269500.0,293545.5,293782.6875,299994.75,289651.15625,290568.59375,304292.125,299595.34375,290017.4375,291618.40625,304194.28125,300563.03125,300485.46875,300015.7390509435,306782.4382561702,300280.68253133865,292511.00892678724,302400.936288855,297908.9322604548,287499.2107056282,304683.0254458916,296390.3100283738,303124.65816321276,298782.35980096436,308098.5749990613,297464.5523890318,295129.9586354764,296682.51909315964,305982.617036763,309549.2538402113,288699.794580578,297816.96815055085,312472.8142264366,303620.20413662767,310063.21207039687,301362.6532444865,304302.31164798833,313510.3007990113,303690.1260714286,287952.34375,271773.6875,278868.4198535796,262339.6357681913,296559.46030441514
17,149000.0,144850.15625,142753.296875,144707.515625,146310.15625,145626.21875,143182.796875,145492.265625,148526.421875,148704.4375,148391.21875,148743.390625,146871.453125,147289.87031470193,146330.69693335553,147582.10233178092,147794.33811380088,146446.5683507398,147335.67476581005,144914.51857928187,148017.32049578047,145597.86912015668,148489.06720397895,144423.49127035454,144415.19225590452,146647.6263107016,145341.75261259827,147769.45443381945,145310.96938938202,147355.31564965463,145929.09869500302,145592.55004365664,147564.21022928713,143816.61535637316,142712.451556735,143613.32414047638,146756.4990120559,145025.6879118876,147846.45420206382,163449.875,159480.0,147111.8144554683,153641.675793409,147107.020125947
1073,91500.0,109601.0546875,105971.1328125,106361.8515625,111504.8046875,109979.3515625,106085.59375,110067.390625,102500.703125,109639.8046875,102450.46875,108172.390625,104406.375,99878.8802328937,101187.32557093425,102358.92856488476,102349.95619284303,101864.62072283502,100407.0863416452,101052.17356728922,98054.06921766623,103811.43831024386,96283.39689947393,102061.74656627268,102914.89358775572,105970.62054238512,104671.61937809954,112045.3971247075,100314.28374953379,98766.32121849347,100432.1696007504,102813.43737854708,110159.38493443927,104162.4475499998,100854.24906794958,99505.15148047004,104119.57339740398,99300.7425025647,131033.45025819576,96729.265625,106396.6484375,121045.46442975139,112192.04470115849,103232.10551141611
547,210000.0,160869.90625,164671.03125,160332.78125,162126.53125,162524.234375,157882.109375,161948.984375,164281.234375,159018.453125,161039.953125,163533.875,159537.5,159338.64433556705,160630.94635403794,161575.50233813838,157151.3761821914,157941.3699784221,159781.23290704956,157661.23930100712,159807.28817162386,159077.3634676221,158018.7241272504,159883.4280976607,159619.7635647583,159266.80457880578,159547.42655840065,159350.41083414928,158862.0856626849,163350.44059288545,161258.0122389313,157422.64489574052,161470.23022489433,160556.60821782847,167120.4240544783,163415.1395574508,157485.12295272536,158126.04326137705,163704.6799824446,173803.125,177715.359375,157844.14719044106,181344.392192661,163386.46010965243
659,97500.0,128810.2890625,128316.546875,130975.3515625,128364.15625,125262.6953125,132983.390625,127664.0,131825.625,137701.71875,131708.234375,128858.4140625,120443.7890625,128985.24054026218,131350.74164585996,132922.0056373246,132848.49320131284,129856.12047442573,132266.64629095708,131369.38603529727,133269.67560778267,131905.51063763205,133969.9157672182,132885.51795599848,126265.1289333823,134006.1765246154,127693.72088745143,132395.04433098208,135807.60288291876,132933.1982662563,133322.18028378027,136266.8616921372,125026.47510375129,134489.58263146176,129007.22021322467,128422.54798914648,132637.15956432352,131139.98612413122,138728.03252715882,122696.0390625,123158.8203125,126095.22548923863,122969.74231092297,132891.3124311768
1194,165000.0,162489.984375,152114.15625,159184.90625,161318.0625,163744.421875,159190.21875,153443.234375,150837.4375,158292.09375,157401.21875,159328.015625,150387.1875,155932.79083018706,155730.3377785158,155818.78240173796,155933.35950610484,152729.29832913697,151932.14438314326,157493.83769860398,158188.03084872654,158993.25460577293,148906.19161221533,153836.43361289342,159517.8992976447,153596.86942716665,157739.51718362817,152202.80534292586,152621.0724739987,153427.88225777875,154406.00953960855,157202.25182998052,156091.5191202805,152258.7879232689,151690.3149671566,149431.56181947282,148799.02996275958,154239.52822372533,166435.85797824722,164518.140625,151550.15625,163062.36217466142,162953.44060404855,154728.6353764563
1020,213490.0,196043.15625,197850.765625,193953.109375,200524.234375,199299.6875,199310.515625,199101.546875,199303.9375,199541.140625,198743.125,203036.546875,203331.828125,203864.9890691525,199596.6308645581,201451.91735942182,198913.56927305483,205927.49856901492,197724.72082877503,198385.2035065355,204494.2842910507,199122.71829759525,206527.7675414493,201712.1572062013,205857.958810564,197878.63472668955,197038.22502628824,193929.12399683014,206775.24400149126,206573.97142143382,206024.70818585204,201457.50945067484,197934.02943923938,201821.8744535906,204153.77148395788,205890.75067762192,203628.09434424792,204085.95269499367,203075.27096815093,200520.6875,192767.40625,191136.5654784026,199111.82922493422,204827.34775076716
1224,137900.0,127153.0703125,142281.40625,136094.703125,136031.640625,129361.8046875,130274.125,127360.9609375,120896.9140625,132841.796875,119585.7421875,110455.0703125,113213.6796875,132189.91279552883,122502.32317584688,128948.33445692719,126879.48858777966,125334.90452726609,121504.15480205772,124641.1173470516,128251.88531125104,130013.83240632938,121443.7104862521,122809.66615571419,127472.08575534142,128358.65411638386,123773.15677616543,126706.89475140479,126410.54245369742,123046.69833046675,127629.97182533576,133945.9735075004,131088.23170742442,117577.86390034606,118430.19669754138,113117.02482732687,125138.23926543503,122652.17222566402,147644.4845730087,161320.828125,132150.859375,160427.83440048218,151250.14013544488,131962.74312957787
960,155000.0,165832.53125,164624.09375,164105.546875,166177.5,165923.015625,164277.953125,163588.65625,161788.421875,162703.234375,159082.59375,164972.796875,165637.015625,160614.5239574155,161943.72988430498,161249.24479597356,162859.0674452425,165055.25087315947,163300.98280195202,164643.22659981652,162867.40113227008,161307.29322832977,159032.80087346712,161427.67908091235,167101.69865612272,163028.59887031835,165751.25665330328,166655.07046151697,159092.25972835135,161746.78640223548,163122.7808685467,161705.01934651553,163968.70107330734,158486.38681205874,158368.52509042475,157000.17186089966,158632.49993259148,157780.73192115003,164946.7119047619,184121.125,174492.203125,168762.6072473446,164001.5194755253,160225.93166234146
1374,466500.0,418195.4375,416459.375,389371.0625,400430.15625,393216.90625,402126.25,371619.78125,421209.46875,418997.09375,410741.0625,407626.1875,426278.09375,407903.5480493697,412894.2148536786,404147.69495556934,400155.7441142476,398355.64352644095,402776.2806988196,414759.8214263593,405974.8561839535,413358.08628357283,431784.5722303898,408262.864330981,396818.0370603173,398976.0416637839,417585.8932997198,399264.50526862976,419788.005748236,416512.0963175288,419980.153834823,426295.9810891792,402877.95206819335,418751.2884679945,418426.7256421284,419469.51706655306,410387.91882222245,415544.6039882734,407601.4542857143,432726.09375,442960.8125,404837.1934723886,459394.3361029721,427248.8494884092
284,244600.0,235336.59375,228719.4375,235083.109375,231314.25,232737.0625,231188.53125,229492.25,240276.734375,232058.90625,225969.71875,240104.953125,239545.140625,235737.17319435775,225841.0935353926,229929.8787948585,234773.15798118027,226836.50246832037,231504.40922746225,229517.59773302072,227372.471153284,236127.24236340742,235713.45149571772,237574.11527710414,237448.6793262199,222457.24336653735,234985.4422509032,237223.058016786,230814.01676977018,235293.00262384425,236452.52728707777,236637.5921033928,228918.23852849557,232634.18497759034,240688.69016009496,226128.29894423523,239248.07468170006,241194.75229452568,237815.88940476187,221775.71875,226313.609375,244658.2556963984,225455.33646768308,230301.80205084925
798,110000.0,106681.34375,102573.5703125,104538.9296875,104003.2421875,104212.6328125,105638.1484375,107401.03125,108288.71875,103961.375,105644.8828125,102365.921875,107503.90625,108852.39977004804,108724.13838284227,104498.89678144183,107555.20443413944,110355.07411068691,108278.88291124847,107328.731510127,108115.50790109909,108381.59314548672,109961.79855178755,109394.45022086626,113591.81492885387,109068.68421386225,103975.48033418941,106695.84523667861,109386.69680647517,108074.4129105587,105607.81867720933,107998.51732163243,103883.8563762481,108260.01171131158,104996.26014845497,104319.99113746927,106213.7116864825,109514.60179161772,111743.3317742587,91517.8203125,94803.109375,103023.3323038543,91209.40496774568,105429.37635070604
226,112000.0,109805.0703125,110007.5703125,112269.125,108661.765625,108654.1015625,113744.7265625,106985.78125,111008.78125,103508.765625,99835.1640625,101323.25,111445.7421875,115119.65547817337,111498.00390233501,111060.54978280303,108774.41539574998,115260.84661710104,110999.63160559793,115870.57321358957,116752.93760727094,114046.48656395901,112225.83908225075,111626.22704146452,112906.6574844001,111764.7142306935,109349.18170061342,111979.49343727498,114789.16348497984,112668.67350580893,112760.50790306648,113849.00795831566,110386.46563006472,111312.09150051228,113799.10431205381,112359.52856866516,113416.1718653759,115341.60924854424,119763.76374720497,85404.2109375,99079.5859375,108852.41406394634,97322.50770786474,111062.94616679329
27,134800.0,134264.859375,135492.765625,133341.890625,135441.46875,135344.640625,133056.328125,131415.265625,132430.53125,130466.1484375,135234.875,134281.78125,135689.140625,133230.278947069,136014.0069867965,132717.07178615787,134816.0534375408,134431.9969743735,133385.28400900002,132733.7748799633,131348.66703596187,131562.7019924523,132959.15801672378,134390.060207932,136408.3471905184,131732.9910391021,134964.92803351753,132908.3609205335,131805.385303298,132656.04771098628,134545.69476102336,133051.628035333,132663.18320202368,133254.69003352197,131760.3270374506,130310.85314610187,130886.93191761535,132852.42452937335,128210.8849438265,136242.21875,132523.8125,133479.75293664436,139286.39049328695,133321.72522236992
438,119000.0,116628.28125,116915.9375,115209.0625,115945.140625,113846.6328125,112876.6640625,116467.8984375,112258.46875,116929.296875,112105.671875,112650.65625,112592.015625,113243.24460037758,114004.9344471366,114169.31007459438,113345.6119470726,114345.64743546094,112560.91104543587,113162.66958586487,112172.53715467836,113267.5266539583,112672.57120237485,114970.12487653417,117397.80031467334,115812.27414056679,114343.92846665153,117380.62896407666,115429.42895574484,113715.68950653452,117049.692706342,110953.94619692498,118130.16503245888,115372.08723929654,112177.10229822011,112633.74464998234,113564.46156134138,115336.8385858251,117321.75052459576,122354.53125,123381.59375,114960.18661129591,113601.52079603434,114966.18303008133
1420,223000.0,199356.71875,206385.109375,211971.875,206009.125,200999.0625,211930.03125,204935.6875,200381.390625,204818.28125,202952.109375,202828.609375,209326.765625,206711.7868525658,195638.90379445557,202122.77486832172,199673.55549773044,190420.09060309007,202795.3921822878,202307.943517493,199056.40963906053,203625.0764707969,193793.6962901459,201453.11517832853,205686.06955982596,203665.5740580699,206783.63577074985,211267.6599236819,202886.70960411194,203019.66919517363,201819.12483520492,215349.76479394035,206460.1424444052,207186.8297090142,207083.67990234305,202236.84833370932,214076.0449983892,206529.71409634268,233239.6861904762,228741.109375,218911.359375,223903.9608466068,222381.99909784496,207692.21993557204
230,192500.0,195939.796875,194061.359375,194412.9375,198990.3125,199080.65625,196181.9375,197657.078125,203989.46875,195272.5625,192676.75,199302.53125,204658.21875,198608.27489920068,200688.61189437856,199423.15301366177,196081.07888704663,200432.59153150884,196394.708292277,202936.5997793901,197533.79108709138,196600.25503561593,201508.39174659486,201907.73636247392,199257.30238911332,196330.03308916246,195237.04028119406,194021.72746805937,202424.87684404533,195100.28895124226,201917.19525998912,195931.35115172155,192459.47117204653,201502.95936652567,199093.92713106927,200572.57456511713,204229.60234138646,197695.68506531257,204067.24139262724,203850.4375,194063.765625,192951.02850848596,194087.33791817445,200651.80584503154
38,153000.0,155526.734375,149168.0,153020.03125,155347.8125,150263.6875,154549.25,145536.8125,142486.171875,151502.796875,144836.09375,140748.59375,148229.4375,152057.30092627252,151935.21252560156,150600.84836171215,153804.74265610473,149355.0023457729,153595.836501231,146832.24336036874,151742.1683393286,153956.55097867874,151514.72472325878,152244.77508406175,151613.1341108673,151530.79498018572,153330.31552506896,152009.24379571516,148740.83627527856,151328.478017105,145909.04119317365,154542.4479010643,155652.11313156385,158997.04613330244,153892.10885665967,151235.36479256977,152450.28476548745,149033.26965916195,154458.66946540607,154811.96875,149259.78125,156178.7951984469,156891.99624210625,150686.65316478582
750,98000.0,82848.453125,79758.09375,78885.953125,82065.8515625,82878.7265625,78314.5390625,78262.1953125,69249.6953125,75019.859375,75322.3828125,85532.7421875,67745.6328125,76630.14024060288,77522.68670977243,67516.85472183471,74887.20315160669,76140.49842128,74315.91225528377,77087.70664015124,76512.35514189968,73504.45473219229,67599.33201300722,74373.7903384454,76025.70757065488,79152.13605309163,83148.98071186461,75096.79038466353,73294.58507333489,69429.30688725192,75169.8177245322,72887.59074864422,79519.95831071226,68255.10071516516,68822.62463900202,72404.50740945352,66918.0562001856,72643.3543642632,102202.31340500081,81281.1640625,81935.8046875,88209.2018735583,79580.97941808321,74531.01497096806
1046,139600.0,132724.28125,123463.5234375,126483.765625,131727.328125,128669.46875,126952.4140625,129502.40625,143237.90625,137350.640625,147678.140625,144249.5625,141475.484375,136817.1690106274,138093.65542952903,135306.67596920277,138001.679175792,145837.06717554046,131142.03016763827,141882.8775743303,138911.39977380366,133872.50042169853,133655.74771159215,138679.05284532512,138147.9131880526,140243.27871914653,139961.90767976563,135874.97069273688,132396.81182386883,135778.71225441937,142843.19402557772,129399.88217406884,135113.38738487565,132386.95035446278,134356.10117597398,132820.98368508695,136127.45001370774,136144.50196786685,145621.69416666665,136690.1875,132936.09375,129250.85338141747,127937.73618063598,131599.71577516064
470,187000.0,189928.546875,194366.78125,193286.53125,191828.8125,195203.265625,193991.40625,191289.515625,186496.484375,188825.96875,190262.609375,196604.703125,189682.359375,189913.0619084756,188030.37150179892,189403.94982467976,188552.88013753056,192786.88990415644,188244.00228821335,191021.23534383523,190502.4350452731,189577.8608336705,186932.7226747985,192391.0804712917,191504.57337368352,190228.24615548455,188957.36658663597,187699.84367494064,190835.67972522328,186411.3235468443,190456.27577310381,188129.83820449977,186827.11250345514,187399.00527959038,185862.76171555094,191073.4929637228,190188.1548472113,188329.42326887677,195999.14222823616,178054.078125,178238.296875,182230.2381600338,190944.51686467626,190696.65163026948
1246,178000.0,183596.921875,183043.234375,182469.8125,182421.796875,178642.296875,185068.140625,182916.890625,192345.734375,191026.796875,193150.0,186584.65625,189739.984375,186621.5238133499,187209.26910599077,180441.47022033992,178891.45464863148,181668.9562419617,180540.56750432317,184415.2284264367,183759.87376704157,182578.0469727365,184506.4327653744,183493.09471612883,177066.85123053828,187315.8691512006,182991.0931777102,187134.91129925754,180065.6515378096,189350.89152290294,186410.08321390965,182623.6841225352,187102.76756859952,192140.54123236416,183893.05410648053,184744.39488811864,184076.16660665034,185832.24587314273,184009.61869914547,203334.1875,200461.90625,193637.74710084684,198715.6915878298,184267.7990915583
1435,160000.0,164992.03125,166578.9375,165455.125,161893.546875,159967.59375,165914.0,162369.46875,169537.828125,170795.546875,165851.234375,163396.859375,165240.359375,165025.55375827852,154354.764398048,165204.87473563905,168887.06117548072,164749.85116790322,165716.90003450337,163685.50069391282,162607.39722530678,167594.836240564,164830.70143676037,161180.3693995185,163711.49180531426,162544.09796836294,164314.6828602826,168418.93072719147,166744.81208486293,162470.34653884516,165232.15888249723,169148.02312136898,167821.73634950476,157928.20034946586,168086.4052138703,159421.28432082527,165138.27535551856,168571.65625459084,157381.0045748549,177354.203125,169253.5,161552.91481690697,174388.57572055323,168158.22386435192
688,148800.0,151899.171875,148139.890625,148976.921875,148748.921875,148637.75,152294.578125,151782.015625,150368.671875,145626.59375,151404.359375,135098.4375,140616.53125,149205.92572993145,148412.25567585716,153547.5668731913,151753.54097744334,155741.46213462445,149501.7180586997,146912.5872110489,150990.8405074698,147764.33422011847,150914.94067247334,152853.41885333616,149478.0187218693,153823.42018636133,152712.91632151135,150629.391532929,156865.31017286403,149411.33686731107,151925.3981879574,148775.09491501108,150967.7647219612,159454.50127174283,151829.04628082525,152326.03216386618,151783.46045286139,157560.63752555425,159337.79,154971.890625,156111.484375,151523.83985055456,161346.26341223656,157476.4825774753
1344,177000.0,165690.5625,158341.703125,169385.59375,163249.6875,156931.125,166806.90625,164185.703125,168237.171875,164501.296875,160737.90625,169058.453125,158733.265625,160416.2568808594,158434.72698480764,165539.35764175362,162044.62739615608,162920.1878887007,161916.11113687308,168811.52380945336,158785.85836768823,162549.96134501198,160483.24749384634,157384.113674154,167098.4449968536,160543.8290665338,162653.71185076766,162500.97019994608,158608.91571038033,161988.54718428987,159124.83848635876,163278.19379468245,172137.97644450216,161110.40172241634,159656.39746183337,161945.99342521146,158471.8510261095,159761.7362627644,173343.7593675205,177920.296875,167854.703125,161767.68088402916,182436.62303464249,163527.56502861838
640,264561.0,264086.6875,266329.59375,258455.9375,265447.65625,263593.5,261098.09375,259982.46875,264967.5,269088.9375,258489.578125,278463.09375,254106.265625,268829.77686236176,254501.83055884312,252486.6470123535,254368.73187871775,252625.14350895485,262156.91307852924,255451.89746828924,264461.69412750134,254939.11763732418,256386.15553117532,258326.270015468,264400.31494150823,260805.11295124766,265793.791351476,259802.26997405267,256881.2322116474,252648.81813053257,247230.21280042003,261479.29516817135,266076.2690062058,248682.32054042484,246087.9658486102,251308.2516484946,262964.4801963221,257065.68948604295,268410.6609523809,269951.625,249273.640625,269278.4061911356,251488.02473949376,256236.30985073725
1262,128900.0,123514.6328125,123333.953125,127283.9765625,126781.09375,125870.90625,129164.8125,128926.1875,126251.203125,128920.921875,127308.6640625,125247.859375,128676.84375,125716.97346746887,125996.29732140923,125410.3493765135,125430.61298042767,125073.79924747124,126371.42344015295,125824.89656160951,126192.03813167963,125366.37653802117,123105.86834206695,124180.00710711464,127535.6831986729,125929.13473206956,125694.5768374827,126234.89691367437,125301.82225431447,124450.25870767793,123427.21057624243,125639.64122786981,125870.20030722415,122938.59793410436,124733.00001197476,123086.6433259358,121551.18299012579,126316.51676209517,127715.27664299906,122911.1640625,123476.828125,119687.51568032315,125173.74698078446,125024.126847233
1159,235128.0,248704.9375,250517.1875,250794.484375,249691.203125,243435.109375,254349.703125,244267.203125,254524.90625,251501.828125,254103.0,252965.359375,257025.09375,247252.7485569727,257361.300227562,250445.7955565203,247773.7530252753,251611.55280933302,243706.68581467477,251595.29024848674,246575.74296750795,249786.41649353728,245620.85517969396,248265.16095999742,248552.65952315906,249627.22829304068,245428.08294566552,247976.45193298106,254430.78985609108,244196.050131145,251895.97409905188,252308.44189651732,246011.88527272898,262267.9635081425,243120.4010938814,240273.89678447248,262531.07399109006,247472.07679232885,244023.9023460884,223009.25,220472.25,248246.8753431717,222906.69677041745,248240.4480831079
1218,229456.0,264140.0625,260840.5,265042.1875,259879.828125,259936.34375,270659.15625,261092.375,272981.71875,270508.28125,272271.8125,276169.34375,280175.90625,263160.93537104904,266671.26443988766,262595.71351195406,263459.223295114,275652.2461326489,265238.7048933612,275984.11835537746,266442.2508278569,260616.68996246983,253708.3214913303,262883.45108583564,269941.81311827205,260326.05198560376,258576.76302449848,259426.90905047252,261880.20197375797,262266.4919307659,270136.54862986406,254224.76501074678,256892.77841629216,266596.4667263422,260849.40387300495,263787.5181492601,259458.47049032655,259699.6371555656,227763.78476066794,242105.40625,234950.4375,244621.94606805954,242793.1855687522,257601.54782767742
1329,256000.0,227995.109375,204493.484375,213052.703125,224672.796875,220406.03125,207681.515625,214394.875,248744.921875,227783.234375,213158.53125,217081.125,223875.53125,205424.91192871984,215160.1875207701,206101.91646085712,206810.22177330524,216598.173864454,206098.7881286713,215322.83449418045,200613.13906178906,206611.5068996185,197633.21673444254,198607.41794930713,199675.48748077828,218916.44171270542,212808.40413259054,195616.09566785162,201252.34450670436,205856.75590005313,191004.04133166673,194082.9653233001,210780.8771192381,206362.37432212158,200566.70349722105,217716.5091532544,202544.1936347206,204481.25652010398,230735.656031746,242038.609375,222506.59375,218207.7104172088,241820.46747635666,209872.39170195954
801,200000.0,185541.5625,187963.0,193359.53125,186227.265625,179796.671875,199469.484375,193355.484375,193059.859375,192192.78125,191050.609375,196261.5,195880.21875,186784.57688925148,186422.4807435991,195779.99595026785,192876.69906733284,186131.37882699593,189908.2541001571,189401.63035100242,191028.3351466389,194447.88372456701,191314.38106981397,196497.8178325173,191122.4046585062,194071.39365986557,199931.94825898216,198194.8820999704,186104.41879534585,192107.34444803363,194775.694265976,193625.38633683088,198808.92865051745,194835.71091483036,184177.70709012597,204751.64743707186,184285.87311184427,196529.11556230998,202111.79949879952,217323.21875,211939.125,200500.89009847317,205112.14350303897,190136.33523384877
161,162500.0,164467.484375,164433.609375,163431.3125,167291.359375,166232.5,164304.75,165214.203125,167429.375,164127.984375,164617.953125,164450.28125,165297.6875,158401.84969438214,166162.3552364186,163471.7440875805,163029.187864873,160140.17198326223,164230.95536939398,163259.65374590008,167252.01225189833,165472.70733569388,161910.00193438088,159765.08218533112,164096.97189320816,164352.6922296886,163726.53198529498,161419.46022832204,159595.29730082615,163082.74793861067,161557.50124349692,162042.92267433298,161180.60424668624,166969.57936134606,163845.4778624002,164484.93226540522,165815.79543592472,159482.37751244733,161820.60002618885,171929.953125,170559.515625,155336.17706206482,174175.86527994525,162786.54977899417
957,124000.0,124497.859375,133193.1875,133616.71875,130037.6640625,130317.6171875,130926.1484375,134149.671875,134841.625,135805.4375,135728.90625,129864.78125,132010.09375,128523.23479875927,124629.49754339686,128406.14122313923,124445.63485073426,118736.68238164103,131384.01184833786,121935.38836282371,126411.16579163932,129892.4971314848,124079.43357053891,125817.4007353481,124262.7298008338,123588.93287481782,131853.6624505253,125412.15942819577,125371.5593039211,124522.11049132554,120359.02704664203,126252.94986282401,127679.64894710977,128446.48064891179,122210.34765196792,124316.16293632299,125142.08647282704,121015.20388510945,138098.84107194393,114940.390625,118085.703125,129259.93990010855,130644.88136985313,126500.59161562186
1187,95000.0,113682.9140625,119150.078125,117539.09375,117672.2265625,114661.9921875,110222.953125,115491.34375,112023.296875,108554.0234375,116475.8125,109232.90625,115254.171875,116061.0275118949,113513.00187242476,113867.08080719694,115582.73962193866,114020.28261471409,119420.22728684772,110925.41992701327,106833.04559949729,113286.69342671864,112688.30429793935,115111.17755093951,109229.48220058244,122204.23404120386,114460.67622141236,113486.20949428562,111878.18094556814,109673.47797956021,113651.03211013798,111811.23660786977,120311.79202890884,100880.04701729647,111100.8737933606,111708.26010307074,104904.63445245745,110341.64291718593,144026.6399058957,96643.34375,103149.796875,131330.1808071627,88043.35842409666,106994.65811292765
822,93000.0,84290.8125,88438.140625,92845.828125,84089.5234375,89452.734375,95146.84375,91106.7265625,88260.25,84478.1484375,86321.6171875,82067.2421875,87479.9296875,91313.18628132014,88693.18009227172,86463.85860644943,87680.36772220513,85968.82758795988,91075.6059783553,90168.6738697409,92012.36983534764,90437.03975959035,88522.1250130914,87028.06657218751,86691.57338441725,88015.82994076236,86690.14373062782,87200.36227149784,92834.71647440127,91527.23447947984,90880.0578097693,89162.64585339166,85143.87414591697,90031.1547518496,87171.87370328797,92372.1981611876,87533.85937979589,87095.98214389176,102587.52,94059.8828125,92787.9375,87841.9531621929,83744.03887570713,90664.45904142578
1238,195000.0,212365.625,215591.65625,211651.90625,211839.09375,218682.25,212468.734375,217013.765625,210516.46875,211254.328125,210553.4375,211989.21875,208812.796875,213900.0028382133,211151.16734167072,209417.73316124806,209077.26663162909,215405.18891939716,209136.50395864353,214122.36889388558,216717.6150445043,209024.72899313306,209826.06310584457,210718.73100614772,215734.16672260282,208655.83420748462,213386.60715029514,209604.91744220303,214188.21744102525,211871.61505336882,210388.58875323736,208893.8210489353,211081.25695923637,213916.67698574683,212690.73993405435,210182.05163819477,213287.67215428795,212983.84548458963,216268.2284562518,219786.3125,213536.625,212398.6666423527,206622.67694339372,212572.8671012441
878,350000.0,346175.3125,364535.9375,333337.96875,353552.53125,338396.8125,333974.6875,351860.9375,345525.28125,352229.71875,354198.5625,348321.34375,341064.1875,344912.6832182516,325815.0582365382,345377.6253587611,332911.73813992966,329144.68585172173,335827.27309895796,342037.2828295859,335124.19752398727,334104.2960646008,330556.3557968651,337764.15182089404,332375.7610895856,333278.0580179044,338259.9439018657,336040.2702431936,344651.4035381657,346387.8400041157,336345.9294860322,338746.33951406775,347395.76527335896,337458.1102809248,330966.60484823183,340765.69320536155,335321.9432936694,332425.1005618502,336791.7471428571,350150.75,360416.4375,347881.3176157229,336076.5209966654,342536.5982906902
914,145000.0,143943.203125,144733.46875,144236.734375,147994.3125,142152.6875,140740.21875,144326.578125,139819.46875,145175.796875,140751.46875,140287.59375,137453.0625,139265.84630349884,139055.95508997462,142688.23368574597,140044.0039504329,138881.8936435306,141733.15116154705,132927.96985137052,144451.0733093327,141008.52929859623,142744.62680774988,138627.95635283363,138277.0196949802,140338.67778251698,144848.49802618503,143732.28357569955,139857.991298596,150532.9836108253,139260.72521740905,139457.66996626795,139497.34257761555,140765.98431651195,142584.42459361328,142766.16377253275,144842.4338145315,144390.10091489693,137021.5606014095,163055.296875,154709.84375,148010.4487461532,127611.20588810107,137696.79538453888
153,190000.0,180615.921875,182688.171875,186430.734375,177838.09375,181924.5625,181353.09375,179108.859375,184324.71875,181664.265625,183068.734375,193069.015625,181743.84375,180310.0435416314,184036.34860052707,181614.68211685985,182045.49081597448,181643.8168100929,182823.36188005,179189.4577173839,182439.02413021913,184115.44669249412,184859.04696714404,187954.9437001874,189211.09693853697,179500.8339823124,180252.43392287512,182609.56875516573,182834.13200586807,185401.95256788313,186323.78042375165,183308.6316786079,182686.83778992944,182516.01313567912,184108.3745666547,180764.81391883708,181966.204999087,184050.5689579195,185591.097334362,193512.875,178653.203125,187337.5615671413,179482.787887518,182179.72090181592
1339,200000.0,221534.515625,220904.328125,223211.78125,224626.3125,214769.78125,226996.234375,218849.375,223877.09375,227243.390625,220647.078125,221046.21875,221908.71875,221803.30420422365,219644.51686043094,220388.66355449017,218937.57102635564,221426.49553130293,218798.78337336148,224937.66002894565,221211.0506870316,221670.82466447251,222476.34788054667,220193.4807366745,225937.05190840937,221123.9583911249,219161.58311133645,220123.4245871783,222326.7761490873,221670.89377857913,222242.95750907494,223088.79095623342,220120.33169671227,226180.88005628076,225931.10836384955,221965.7612547519,220717.18804301985,224150.66756327043,218292.4900165651,224765.53125,222726.328125,219408.06314332318,214675.22891957156,220645.23682561686
510,124500.0,143466.828125,142820.4375,144607.234375,144588.328125,147283.828125,141537.1875,141189.234375,147307.6875,145108.640625,146844.953125,152165.53125,148453.515625,144869.46726680436,145612.996324331,146988.29284854676,143377.7366793411,149594.09197671444,145927.06130654734,144981.39985095602,147210.8241014827,144987.31428077593,145689.1465147794,150886.41797985026,148164.4818872491,141512.00160271494,143115.24029463914,139801.4229135517,149182.79362687544,147222.1728006165,147879.62358131667,146763.30298123433,144286.2175734478,146795.1089895133,152056.83738084196,145478.7724556814,148257.9749924778,147985.0653007536,139347.35888684107,133656.40625,139732.21875,137875.22354325984,138791.03154077826,146841.1087522852
1136,102000.0,102765.875,104861.953125,100733.6015625,104293.171875,100703.6328125,102036.46875,103419.984375,102180.5625,104554.2890625,105974.5546875,105871.2265625,97872.1640625,100916.98213162474,104325.75518455253,98460.18009835029,102346.60912754302,100691.61811815339,101279.64464317863,103010.9961803073,99576.96973824488,101145.06739349742,97774.5547256262,102381.71129453859,106172.02977852544,104302.62422170921,102172.50825605092,102685.81480641928,97879.70577738021,99427.29433734818,101410.62070342252,99631.83901494612,102310.85114294168,102947.3396221271,98716.12431317134,103505.11189585825,100184.92053663247,102000.12333916854,110000.74573332682,116222.703125,107235.640625,111744.6166919973,96775.77999415516,97969.14424182544
1252,171750.0,171112.3125,179961.875,178162.15625,175680.578125,176382.640625,177094.4375,179340.796875,174901.640625,182056.0,178902.0,170564.015625,175509.5625,173197.51153905282,173182.05456409734,172872.34991048797,169902.65636648922,171099.9949500928,173133.400193202,178708.7177007267,177021.0624935113,173896.98599591805,168684.01809424028,168247.40142796512,172616.46449063288,171096.11633752147,173941.10062094883,174607.20445864214,168732.43804913553,167480.1066534672,169944.54357522292,172906.589935077,178690.12036638454,173636.93613210405,170113.16102846226,176004.91846675862,167154.35476832744,174393.33541175563,198062.77706414618,187399.84375,191147.09375,189175.13960212166,197862.2186107143,174939.55466920196
104,198900.0,185132.734375,187248.78125,188643.984375,185285.34375,186470.03125,187076.171875,185665.125,192951.609375,189860.953125,195637.03125,190590.40625,207961.125,189521.6298407486,188600.14885382316,183899.61227641164,184857.07563894967,184791.7786182094,187718.12543836952,189397.40913743328,185811.15159022322,186036.96512822004,189005.81977940182,186793.75008317345,189145.4706684278,187717.66551663773,191124.53246055264,192536.40965439597,188238.3916656819,190172.55941853244,183749.1927044238,187801.041618786,191591.26009385134,198126.0865169083,184571.62390361496,192054.83217949307,193628.56032273607,191559.0534882978,187958.54483374674,182966.5625,182962.4375,195544.86468860734,179519.10423551954,186803.8038575947
587,130000.0,122089.3671875,119082.1484375,119933.6328125,123227.078125,114378.140625,120631.421875,121378.6328125,121289.9375,119799.7890625,120478.734375,120905.5625,115347.203125,123128.65475914588,120261.94885302232,123355.03758647025,121021.69657364272,120505.22368482826,124204.54448995243,116229.05366654937,121737.50070222032,122525.36816247278,121430.9031452526,122707.46315993716,120491.1925076598,122451.78242284514,123452.03312742895,125005.14515454648,124963.67475773588,125849.63793984019,120663.13765611309,122402.52208212038,122836.878025615,123523.00973795309,120246.24370845474,120646.37410785929,116659.06574413643,121928.26586141906,122123.10370821056,123441.1953125,122650.1171875,132381.12758495798,115685.56304139699,122814.6465856055
1381,58500.0,73048.15625,72548.140625,76159.4609375,77217.8828125,75874.3359375,73307.140625,75238.7890625,71898.390625,69567.109375,67809.921875,69869.6796875,72473.0078125,71474.61800641223,72446.26538862943,67754.80764424315,68475.6539405701,74080.27797598652,68517.47004577152,67855.8507547424,72756.8302384326,71869.3287058786,75181.1188766352,69963.69406274534,73929.65789210441,65625.21530692025,72113.30752756004,69100.35094975773,70478.02002100664,71499.03810317688,72027.16019031608,72890.73410743845,72998.01540293665,72722.90317140808,69924.26206591728,74730.5735318305,71790.53088296975,72689.86439976741,90734.31761468222,59935.21875,79626.8359375,82706.9136763096,68272.86812640978,70273.23358314123
1144,80000.0,104708.453125,99219.53125,96656.9140625,102760.484375,103563.390625,97242.359375,100265.6875,104388.1796875,107308.765625,111288.3203125,107043.875,98352.1484375,96926.0048016405,100552.15322241493,102705.10829052716,100806.41233399081,101258.8301188998,99593.50650476723,97854.63262535643,97752.08378318802,100481.04983363129,101041.02601865023,100663.6291718976,97344.57628924088,98221.46099849144,102878.31956331275,100681.17935449131,103298.62702547085,98752.97037228776,98176.08552251947,98697.33745047331,108497.3869737011,98569.3772993616,103831.71804546686,101432.30738308944,97449.5457815878,97014.66955998715,113581.79415966712,106997.5,101836.3046875,90371.13863935231,90106.82475012113,100142.56662672573
54,385000.0,323762.625,338505.59375,312052.34375,321139.53125,316770.96875,315275.78125,332946.21875,333357.03125,308683.875,309558.59375,300521.96875,332657.125,309926.0951416678,300343.70141965884,325671.5452442683,306683.15975839476,306600.51344310184,309335.3232988622,302461.0088878073,296360.71597130684,326439.6665663799,328035.08892916434,307651.5087556165,328141.18616796884,301932.6016386241,319824.9967973396,305681.11303315347,322479.9493230864,322144.7006673979,303526.0582737458,324527.7886371363,303734.0932013438,342587.2229852386,306027.89364298974,312432.38411616324,325225.59796838,329627.7414436612,314297.1928571428,313205.8125,312190.15625,318260.6783661974,282746.67700377695,314404.7733150282
152,372402.0,318605.4375,341124.09375,328196.3125,326101.28125,333841.875,319869.21875,331516.0,326297.1875,315920.5625,340071.84375,350427.9375,318137.3125,323015.22800717567,331112.2649987551,316755.53298815625,322573.15832732315,313842.95561021194,312742.92696949234,321253.10710449365,319574.3649186564,314485.05619393784,314662.0695568789,304787.6495331828,320213.18821759213,314645.3035772322,330092.0461499494,313437.82325408875,316882.6487172906,315838.1493741982,316048.2177729442,311830.67072473234,312085.0508523049,301266.1607416953,311876.4544451184,297995.59484195994,314244.70247656916,318805.5544857302,305002.36285714287,311703.5,310713.375,307396.4337152261,312535.2733783226,315730.6738687214
404,258000.0,247490.671875,248464.546875,240489.109375,246288.453125,243875.21875,248328.8125,245210.140625,248088.3125,255036.296875,254972.75,265994.4375,249654.484375,244673.10205286604,244379.02350055467,240890.1069566841,245333.41678659577,241879.1455409707,244017.0843329486,237450.88529656993,238791.29910280657,247866.9656740337,242844.53908880765,244871.8348385231,240928.74881344073,249565.08781593834,248153.22479911713,245794.70323020458,242720.24675112483,240329.4966540108,241338.27034588184,246953.7204039327,252940.13223555672,243941.55067222935,247756.2422436915,254190.15355703968,246175.710428469,246943.0853644037,261668.19353741498,273303.40625,248811.6875,261677.3279696517,249237.72042214748,244498.42259753635
1417,122500.0,124228.0390625,117945.1328125,119631.140625,126988.984375,128838.1796875,120411.4296875,120359.1875,110134.15625,124939.0,124595.953125,104324.9921875,114215.453125,114562.39990158896,111061.71514580754,116030.11728038486,120562.88207152246,116506.12428847574,119695.27851472833,119428.64291530132,118903.55572823923,115938.78921251543,120034.38634001387,118839.91566986893,114816.71389898306,112184.42665737192,122821.12215700389,114833.25841025553,127599.99755915569,115895.09355745785,118323.33911007461,115130.89025629484,122648.36469548881,120035.10329903624,113122.96486521907,116457.96560697326,116156.56163220266,115108.71762191088,131899.2486947107,133804.59375,133163.84375,139620.3883341974,122936.04440951084,126328.29863679167
208,141000.0,132614.71875,127633.8125,130988.59375,133755.6875,139126.140625,129345.3984375,131731.46875,137060.671875,136801.421875,137061.0625,133169.859375,135518.5625,128329.91643859442,135063.0864314107,126761.24288191763,127776.11654939735,131129.97908738194,130691.15512982423,130856.61206213385,131597.84576837654,127191.32692486912,126748.8202787827,126070.61818354846,132196.36062694536,128997.31788547509,132341.40724264208,131053.783713237,129760.62655462032,132068.81052528977,129924.34229036313,127339.70960247608,132136.80846057067,128912.8184880389,126938.42408382097,129564.78273659035,132565.49341625502,125154.99437481683,136035.73540639083,127468.796875,127161.6796875,137480.2668258511,135742.04225530446,131227.0421693154
1382,237500.0,224057.203125,232855.609375,229938.9375,228622.828125,222755.84375,227693.71875,244020.625,228862.640625,229009.34375,225055.203125,222570.0625,228342.359375,223961.18677639324,221537.53629009795,224184.68607317598,227864.98014459296,221230.73231984308,224388.50203244737,230580.165231993,220467.14314104267,220856.5011279172,224394.69314411498,224927.262376568,225832.66569237114,217532.38058502387,219076.8661326826,219280.75632127337,222893.1054714692,227105.26950709175,212565.87897764237,228778.75202593522,223564.26782539109,224253.06550298273,217429.56303430884,215385.84472110943,217006.55750510813,219341.24342225917,212633.58655547065,220225.8125,231479.53125,211626.79092698923,210137.16485614254,219850.23392579966
1123,112000.0,91383.53125,87439.5625,84381.78125,89356.984375,85585.6484375,91091.6953125,85024.140625,88060.5703125,89551.6875,85522.46875,90473.6875,87007.640625,84434.64302606987,86837.93148022074,83368.65247535169,86495.40991924431,85310.3625502153,82802.23308640782,82305.17052923558,85664.24540296558,84712.78454445268,83761.0409199572,83460.52474625414,84895.24362133858,84686.07671211389,88871.6914086849,87876.87296790445,87037.0060878365,85518.48821217944,84882.24085742142,88698.73607347687,86077.0616343368,87429.09041865976,83878.39451502134,89082.17982278923,86610.62312894383,82966.15383836457,107915.84995677216,84450.921875,91275.09375,87219.9583799176,85155.41603728646,86636.06010990778
9,129900.0,138236.1875,143068.6875,139608.46875,139996.328125,137639.875,140901.375,142006.21875,154953.96875,147269.375,154742.75,143471.640625,152597.921875,137089.42254611972,132793.22011544343,136994.83992780247,136965.99629551664,133865.76781347487,131767.51392318506,140438.07063646332,139261.77764022266,138450.39999975977,134047.78602857952,138595.8892038718,148601.7609264195,132339.5603110478,137454.8936090605,138766.0108057423,136625.05766136365,137475.220693235,129981.78102085985,141167.7741791833,146766.8373658176,125282.17729481084,137334.84708639534,140161.42071102417,142549.1637112783,134351.8881213026,160032.9927044384,149789.359375,122371.1171875,138230.73299633653,111641.29835522747,131797.69787223265
1015,119200.0,118463.796875,117747.21875,116553.34375,114248.40625,122114.984375,115925.7890625,112884.6328125,112042.1171875,111902.875,115556.4609375,118518.5625,107882.0,116697.83228865678,118414.27924994366,113223.26494190069,116557.57039558573,120222.39725121576,116076.72088863584,115792.2932197394,114627.41820750643,116694.85156545104,118161.02199199615,116104.26434576702,116486.07907857344,122627.79266290469,115167.2962552565,118150.81521908198,118907.99667201465,114821.52337871399,118348.88925093315,116685.7358151923,117398.14413023733,116629.97961196804,120248.98929717012,115772.8252116518,122269.22742186878,112126.18867438607,123934.68885648316,116909.34375,115787.234375,119419.74660390438,104650.76602194257,116146.11737057411
1309,147000.0,132580.4375,133782.359375,133294.21875,132668.984375,133667.1875,135007.0,134776.484375,138495.90625,135975.6875,141783.984375,141980.859375,139190.921875,135524.80992379086,135669.0598702942,136315.3700992109,135297.00785714912,135378.72991625336,137188.4000309867,137949.71362069718,136348.77196474976,135576.98060151195,136652.11433202226,134001.0515068203,137398.41594050365,135110.33388207006,133056.52080628704,133097.67276252285,135370.412882654,138834.515187567,133841.1076578175,139237.55053297867,136756.05567850464,136693.12540750578,132960.43876836487,138083.55897450546,138706.90175137535,136191.944825606,136137.02611646146,150472.390625,139287.046875,130313.85645453539,136766.1797932779,135724.58960500945
1061,213500.0,202787.578125,201282.578125,205717.375,202688.96875,209979.96875,201752.078125,205171.328125,208955.96875,211541.75,216883.21875,202228.484375,208858.703125,206354.98792639695,202080.66592581358,211988.46079758074,209741.4333744717,208129.1314746579,211421.02851733973,212243.05203590044,211207.28710458218,206615.94753640197,209623.80327073828,209229.11671263623,207787.47547772035,208532.94999603007,205683.31081878886,210565.2180505617,210469.65298973545,208044.9133944041,207654.56460680466,208251.15229695034,209343.2915605019,215603.7667967619,211500.53467334836,216565.91347020975,221773.20112180724,211456.55807522382,219744.05831208514,231236.671875,220779.4375,214022.3202580596,203948.2188291421,209686.72367355166
453,204000.0,197645.96875,191866.5,194538.3125,192705.640625,196026.53125,192810.609375,195188.375,202292.484375,199149.828125,210958.3125,204401.859375,202580.921875,197341.79201850528,195644.77905853337,200309.18905276395,201077.52031920457,194488.22518352914,197422.29108085902,197988.85239806486,203406.7455643236,199433.03822312417,200215.13899801465,200261.29073467178,201621.95652275425,196659.34614079676,200351.99973799908,196325.18248677396,200665.11866885453,199191.83765127353,200404.13481569415,195412.36611467716,197413.05225572357,198949.27123623627,198705.03370368484,190288.02590094204,198697.29371212056,198954.91964759878,207985.7106775764,215987.03125,210970.34375,191329.94806208604,202942.38592842367,200900.5365630411
254,158000.0,162536.484375,164644.1875,162471.546875,158652.640625,165210.734375,160760.25,162576.625,167295.515625,167453.234375,173925.375,172025.421875,158654.734375,165739.4076853511,165518.38762363815,158142.25037518042,165654.86884277835,161485.59483665467,162183.21902198487,162953.4696181881,158469.63572932914,157262.48268495683,162371.71582039422,163837.3659280873,161762.15187479326,163963.78236941036,168161.41373347476,161152.62190260523,157974.89191380452,163149.4318530067,166854.72591163943,159042.42601788533,163139.70654627218,165025.9799467481,156806.78269507978,157372.86340150633,167730.90533184126,158036.74179897213,168119.1824299351,156091.1875,172157.765625,171858.30662899656,179064.23273733072,162933.48313018214
897,106500.0,98342.484375,95999.421875,100766.75,100116.3359375,99229.65625,104363.9140625,101924.9140625,98521.3125,94987.625,96957.828125,96155.078125,98886.4375,97472.68057996909,99350.68247817992,96827.71222707238,95565.47716198405,98728.44914521438,98726.78128719196,93123.82311358069,99243.55344072965,98313.78837615918,99508.76975057356,99387.76356301874,93366.22476573769,97184.25738698659,97625.7557185484,96786.0850555249,98310.73268987057,97755.53364205122,100855.60448572249,98281.77724772213,94670.48551598049,98354.22835815483,99802.35672310785,99367.62731277048,94548.17100312441,94236.18040334487,96734.94122448981,106399.8515625,98548.0,100201.16851968617,89016.66450483269,96272.71171512657
1379,83000.0,96971.6640625,98343.328125,96260.796875,96632.0234375,95563.25,95075.1875,96645.9453125,96997.3828125,96385.4296875,93658.03125,95328.0625,92056.7734375,94459.2085555008,96678.17331631007,97065.67400161452,95835.9322281833,93793.59798750839,97265.49980446917,94076.67286056236,94701.13043805362,96764.58655741431,96131.83582770341,98440.96185105114,95858.83067355136,96614.97819176286,96159.18861521204,97947.92657683282,95906.60348195808,97706.01933543899,94680.2631350308,95504.44663469004,96576.96246088411,96185.51304962284,96879.23906999547,98399.97794085545,97362.45493923784,97592.634744735,100729.03522336722,76815.6875,91290.4140625,98818.65810743706,89216.95123242273,94646.61700948671
881,157000.0,161878.265625,151149.609375,154104.78125,155767.359375,155623.765625,154808.59375,157317.875,159205.546875,159499.03125,155506.96875,157504.84375,166278.96875,160800.289105622,166362.2745978973,164087.4463701275,166849.9992865118,168236.18258250027,165295.322539234,159126.11645251632,167859.18828978247,161758.0205546207,162400.03694371064,163871.11248637698,166400.60225086857,163224.58609534538,161230.4916738558,159370.91028477528,163724.45610461157,165983.90567528835,162627.56046620102,163336.51013175765,161482.0732254608,157192.97276153357,166787.67856587973,164380.11106771714,162166.55435155102,165834.80903706764,157464.93223894035,164831.0,157226.84375,163919.32814886182,150869.46296028252,161028.4623364388
1378,117000.0,135274.4375,139293.6875,134870.46875,134071.140625,137891.859375,132535.9375,129651.5546875,140020.53125,134518.90625,137970.484375,133382.296875,132866.390625,132657.02078099092,133569.82821231024,133544.11051786251,133605.21457176495,137179.0507000264,134002.80536357657,127729.87907337042,134116.45835770233,135682.4121404527,138951.1099440362,136626.35830363282,130798.19481940931,139433.44638551725,136080.55781986972,135367.91832516761,134408.184005549,132761.08222677797,136669.48046622504,132760.40979891532,136940.74627265547,136556.02298768572,137533.5769223518,135679.17337970677,138266.93146152553,135434.60808692974,143705.6953864049,135319.28125,132388.515625,129967.5063349636,127674.64727331666,133131.30321880584
624,168500.0,169232.359375,163360.5625,168547.671875,169256.25,175500.5625,170460.96875,171896.75,172540.4375,171740.0625,172680.0625,172014.078125,173549.296875,170456.04133775475,172563.79221769454,170709.92244838708,167802.59271689533,173457.81600609704,171808.5793562611,171519.89335378405,170594.5283267338,169260.58449218617,169938.13334079998,171461.55168040926,173183.41024630744,169044.1342431543,172913.9537244979,169343.38835934215,170272.00138351702,170976.27851887193,172821.68764911054,168274.3496083708,170932.21578101834,169043.86017334895,169891.73927850605,172036.06246061865,170911.7680674609,170819.33711123298,171612.0720923521,167336.125,166762.046875,159255.9053762312,175434.25681237708,171186.4184083328
346,140200.0,127894.8046875,130800.21875,125818.1015625,129764.5,124736.3828125,126971.0625,130574.5078125,122691.359375,127387.4453125,127893.015625,124917.0625,131776.375,124028.61383036127,124669.07228136873,128335.42672684576,128763.90073667082,124795.04218510452,128317.01356340271,127290.43087567994,124935.5332347302,126057.84515419984,129201.28369436772,127175.50363954593,129066.08256760979,126874.52491970749,129446.5391139232,130903.50311341508,127936.02636337414,130585.24196587384,131519.76124726454,129281.81578537996,131275.3395173535,128342.43573330711,131423.2096237889,129698.09786216254,129350.25951433631,127363.25029660694,137566.48598030134,128358.09375,132067.328125,131930.7918229224,124385.79518883095,127333.3509531718
1254,294000.0,268077.1875,256780.609375,251837.296875,260276.1875,269805.875,257216.390625,273840.46875,262783.875,254343.21875,265195.21875,263883.875,253722.796875,253923.6045433863,269642.8010380833,244845.53184209674,251431.1008829011,255607.99813034027,259007.45490340283,262223.5249396643,256550.73028605504,253401.16087817584,260695.363457378,258650.64760068018,254097.14706191613,250187.54193959123,255256.9252097032,255083.27118791334,261977.97713333508,253795.73135926147,260404.92275495784,249039.9421595297,256571.33359072244,257205.25510918713,248051.24012909352,236942.25089803868,251644.38202516045,253823.59237718358,248898.64646768707,274443.28125,288032.8125,254354.7898532598,257600.84626846894,260510.49760392867
263,151000.0,158887.78125,156353.0,157542.484375,157551.046875,161858.5,164550.0,165119.84375,165209.4375,163893.40625,164618.078125,165258.25,168002.921875,168450.06868254743,159218.06458617243,165567.92162135235,159004.12462267786,167375.58273376623,166909.13367396718,161560.3828641745,170980.69502026268,163688.04221506233,162680.4093654605,163118.60608014508,170132.03238184936,162666.4981918142,159800.9563205074,162107.34967114372,166690.97104505455,165546.24994583643,165537.95943229095,161389.80409400802,164123.1094393392,162537.44785987728,162470.60483799697,159571.45162933206,167338.63025596435,166052.1061949564,156616.58964062843,171199.078125,173200.015625,154623.64660738598,157362.80659546127,164624.3042512344
151,122000.0,135796.25,138320.046875,141162.03125,139951.875,140186.578125,141642.515625,141108.59375,141026.703125,141740.953125,144375.078125,142438.21875,150612.828125,142733.58813454682,140154.93671937793,142504.867810513,143857.93044313524,140352.91394591905,142791.99045282966,139831.2321489446,143487.89664094514,142114.74293943564,140217.3247413038,142942.1286123007,143187.96470704977,142728.82764113546,141337.1388110136,139970.3796944056,144933.24067591483,143369.87594664562,139502.1347052191,142939.79043126048,140137.92685974675,144229.98478130787,141952.53824409714,143166.38016096706,142295.95100138683,146083.77277931495,136268.2920780006,137930.96875,139582.921875,135724.44708512427,142348.8023294413,144146.3305107953
473,148000.0,136987.59375,138377.046875,141968.296875,139602.75,142286.96875,144031.921875,139600.359375,136551.03125,137111.796875,133458.65625,135384.46875,139579.78125,140198.28534111945,139104.10430375932,138143.42114781123,136714.48951786774,137456.21390249187,135840.21069237322,140156.8296616209,140137.58022306242,138623.35674723185,140829.93914812375,139011.87024266343,142125.2009901685,136755.16165241424,138092.36437552498,135381.54299480288,142570.576641051,138668.72314398078,137661.4927504306,141815.00915917213,137034.57802413276,140244.96649706972,139607.46165587602,140214.34115552306,139582.184303141,139771.0126590674,142042.75356353173,134311.234375,135982.859375,133781.73151672335,138390.21012179044,141448.1427242277
641,274000.0,281570.71875,274771.78125,284581.59375,278403.375,283545.90625,291757.625,275011.65625,272488.3125,276045.71875,280948.28125,305098.5,285608.84375,294253.21649516065,284164.654801652,294553.5609742596,288122.4210189734,291981.9584841145,291551.74871285976,290244.36142042605,283580.8809480862,291049.0546992148,283921.7547490996,301451.9856401038,294817.77835804224,281271.479560898,289561.07245272875,293696.1741426674,279572.0452284549,283933.11199623084,290701.8154598773,287819.4125952843,279568.09998594667,277017.7572115125,293970.46996220935,288614.4823129964,281539.57796209696,282531.949599253,290826.88523809524,301470.3125,290473.5625,266680.9288350926,308105.9792332307,285298.4555723595
1447,157900.0,148483.171875,146776.09375,147696.234375,146135.84375,144274.28125,148121.25,144816.3125,155842.984375,148885.1875,145884.5625,151908.09375,156756.53125,148651.3909854142,145556.8060542269,146189.16671398652,145482.78505106035,143807.87134134315,143193.23162747588,152228.87465250684,146958.07504089634,147227.42712337986,143765.9154029757,146353.99041345043,149122.74648212962,142360.21940452378,146284.51179920696,145422.68670270746,144872.1357541504,144337.6757214348,143941.65601703312,143033.95463871243,144563.19614714588,139352.70132853926,141523.63563216996,146341.9701788358,145247.4853773086,142333.04809385838,136696.10442117872,142748.34375,143262.703125,143972.3786647027,138358.73603138493,143541.89068169307
1375,250000.0,237110.21875,238485.203125,239112.609375,236121.625,242772.515625,242825.078125,242143.109375,247596.546875,243017.640625,245035.28125,252601.84375,250818.921875,244555.07415709918,233751.60506941428,244070.49983375496,236996.79519034858,254778.3835427224,241656.8551341267,240673.56085062926,239597.77067428167,240918.83398580345,245202.89134593043,240367.63670893505,239341.56812828043,234417.53769979978,238531.93801394413,240878.82485424523,252755.98557657984,241053.6886603077,239527.22071183127,238647.17557557375,239539.36318935038,251891.59653614872,245391.52594349007,246698.70023573723,243335.86304864625,249011.5369643867,244478.0963401361,243368.078125,243419.09375,238853.94162825734,251343.94816995622,251838.47154351746
551,140000.0,131159.09375,130368.828125,133543.34375,132711.75,129823.296875,130083.8046875,123143.90625,130579.0546875,130833.4453125,132342.078125,131017.0,130592.984375,131432.7161726382,131158.87308332656,126893.52452523274,134071.5329578226,127992.57911362263,131640.1439806183,130905.20094849236,128605.47017481246,129865.49303530763,135164.3520132473,130295.20559952428,128757.13686692256,132305.27216846083,133921.98326044227,130785.76842797789,132866.05653011578,134770.36098182193,128015.52476161477,129428.94753478159,130482.47857343843,137276.33452009837,130802.4711364298,130881.1492780703,135581.59046472647,131106.75696873508,140384.55511490206,137696.703125,136451.578125,131274.38165379496,134202.25010446692,133234.24402463934
929,236500.0,251213.625,258185.1875,247832.921875,253436.625,251302.296875,246603.859375,246811.859375,243000.953125,247305.46875,257181.796875,250135.984375,245912.390625,246385.76845041584,253308.42439223515,250589.48065418785,243547.77266830963,244364.47693520642,251565.60655216518,253077.42857289632,243795.70571595884,251391.75567928542,256166.43134672815,247950.968657995,258711.9963022203,248141.39454836564,256129.24391393972,247487.6098458414,252900.92763713418,252932.7920451748,253339.02685134046,258693.26072896173,248330.07625409463,260807.67123373647,258626.47797310085,255525.06394639544,255695.01633688377,252083.43632513916,254318.23142857142,263762.0625,257141.34375,266162.81064349,226154.73428824818,247755.31339363632
489,160000.0,123281.734375,122690.25,126323.1875,122801.453125,116236.7578125,127403.4765625,113696.6796875,118350.5078125,122410.15625,128286.9296875,116806.3125,106240.2421875,123827.6691345276,117357.01545440663,119029.34756066266,118412.35039758045,124985.53045871509,122849.29469617254,114106.30073121015,116321.04831307032,123187.8277811788,121735.56586624372,120815.80634301258,120488.57377669936,120591.47597215461,114551.36919216234,119980.33281790068,118711.67444906787,112375.972769988,120672.31619990946,114860.4191905666,121427.29657285556,107244.66995844623,118690.44478719121,110365.73133984384,116420.5924068609,118636.91208527632,159759.78863945577,148301.59375,114122.4140625,134091.6993449098,115947.03333944356,118282.68818261902
1322,72500.0,81213.546875,75717.9765625,74201.2734375,83704.75,82961.8359375,77402.6484375,74559.140625,84119.9453125,79941.6640625,82251.859375,86371.0625,80904.53125,78381.82376948779,75162.4173408284,77442.93457507028,78145.85651548517,80300.47370037969,79344.84554554994,80658.40287606641,81184.46741664568,78796.58355472477,76824.35741189562,81662.06931335456,80159.73165407304,77352.9922119875,80467.15210288385,75505.55852378446,76403.61069789738,77028.30671637756,76322.43782895748,74533.81991991997,77761.49049597103,80583.47372160136,78483.23194442842,77785.40184498642,75250.96228715974,80104.76377842703,85010.96428571429,59592.2578125,76557.578125,78383.83426767545,84902.51023030127,78122.6744756868
1172,163000.0,167052.859375,164606.03125,166133.125,165321.21875,164401.453125,166413.640625,160109.234375,165222.328125,164193.328125,160383.265625,165123.71875,167194.828125,164824.47757158786,168316.6675375459,165646.4484147186,165908.38589094055,167482.91681296256,164848.82505052304,165092.06986196004,167268.5730905624,166207.68342694076,166269.75946739124,165271.2464124733,166716.48498594982,164316.3247348388,165529.78398026028,160713.045752776,164925.35503219685,165556.81753832745,165009.57384105952,165789.09022442784,163308.9910228741,164763.64226808233,169408.58159286014,168417.79718962513,166191.5944959248,168942.4011631401,158662.28453652796,184443.234375,181769.1875,155513.84242853604,152003.4704867131,162191.4797542411
147,105000.0,113455.6796875,109343.8046875,117512.3046875,113889.9609375,114137.765625,115938.7265625,110659.953125,109978.59375,110162.6875,118344.484375,112408.4921875,112761.0234375,114513.96587549154,114902.76549908445,112265.65956406743,117400.08736630286,113683.20441785871,113011.72276428214,118206.34396914033,117863.23769654837,112201.64335953753,112601.60350352566,113988.18147724982,114712.58712767235,111754.55094352481,112763.49175392835,113907.4922725692,112903.38881779277,111596.48275373943,116491.03073715247,112533.15118149217,113656.43443854977,111479.97003965864,114168.62333617036,112562.00189295843,107536.29206319184,114399.84877570864,115231.10124264809,124624.703125,121858.3515625,109968.73548403723,121666.09513232784,114415.36456277118
403,108000.0,99083.8359375,99775.296875,99140.265625,102323.0625,101542.1640625,99155.4921875,99821.8359375,111888.2890625,108194.6640625,106206.0625,108754.6640625,107293.96875,100986.44978292643,101122.43907793293,102893.89338262416,102800.90704882414,108760.38624454901,106699.77610497498,105845.20744702687,109092.78999590312,106558.09271561628,105515.13080486943,103628.57344647527,102153.21802422413,104461.17738117943,104368.74567669381,103583.29106027664,105211.50809830775,103990.284361647,105399.14795518314,105166.28881294937,106248.560199943,103411.27516980932,106097.3188328125,106565.93612661265,111172.92422725857,104909.15624090565,111235.28428194765,105167.9921875,108596.6015625,108585.78267605066,116162.66813394357,107766.521963996
955,127500.0,123999.953125,123165.28125,117785.625,121300.5234375,121411.859375,122952.0390625,124495.25,133108.53125,126485.1953125,126638.75,132554.109375,130205.296875,121848.11168785504,123433.52702905875,126475.42390095616,121321.26243683118,122800.00249008546,122942.01068319994,120342.39185234814,121467.22517187208,124284.75185429602,124147.6499348756,123946.2065133149,125739.35941636414,125932.69210181288,126679.00043755818,124921.97425950007,120372.30470596957,119208.66043434275,124162.06598987486,123277.96270890273,129394.75323472502,122714.04246571429,124634.72209013716,129402.37381089438,129279.6824405004,125176.39629716643,123733.33447742733,137632.0625,132238.734375,127649.00499895295,134394.83454618085,123745.51856939863
1405,105000.0,99768.3515625,97666.265625,96946.515625,98755.828125,104010.484375,94910.3046875,100790.1015625,107860.25,107739.078125,111428.953125,122197.09375,106007.546875,101846.2298460256,104818.52439882274,102743.683017323,101888.18892964267,103643.71525551594,101666.50720346965,102925.87815149089,105192.51595431648,98675.50698960299,105246.29524467225,98330.27028012747,103697.23880821484,98898.65044145935,105642.04277497089,98545.47427589906,97921.23004542869,98188.3495739824,100913.90835544864,103118.00526241357,99589.97919986192,106951.50283856687,104366.63866463058,106330.34521996166,105826.48820972303,99519.81929981946,120149.97676935847,93015.1640625,98085.0,119268.25161562944,99266.25802176328,98873.39344603021
660,167000.0,151296.28125,154802.984375,151750.75,148322.109375,147142.453125,146975.421875,150258.8125,162931.15625,157494.21875,155672.828125,157804.703125,152123.671875,149547.9606625903,151105.71157369175,149936.7288458827,152588.59020003438,150199.59493862937,151351.6636977872,148258.2256150469,153747.8761150806,152471.9780251758,156753.8011234979,152463.23762502449,151624.22960344685,151274.50683407657,150579.97042462285,157070.22418838547,151568.65706179058,152997.62465463975,151797.1188676771,155046.1384099067,149641.74126778202,154693.84132758118,153900.5840241219,149656.24723016546,157442.11795653167,153049.2469086425,146498.6753765851,179337.9375,173577.703125,163121.43233118363,153843.04375802143,152470.5151552446
464,188700.0,181882.40625,174839.1875,175318.046875,183300.90625,187611.640625,179974.40625,178506.390625,192304.703125,181202.46875,182970.984375,180521.875,178417.640625,179148.0805627556,183751.4821849036,183855.17583658654,180132.64243165316,191351.41608366888,185418.31024455943,175426.00378092242,180145.99191111414,180000.73917883108,177475.3279637339,179135.12200301787,174926.03205607718,180662.74978313528,178284.7788498521,174594.95938867005,173746.18840605402,177542.8076720853,184205.65200140115,180496.77639117633,180834.9541315682,176078.7817279461,180185.55364436193,177440.9550390639,180695.94738151724,183025.00817765854,173819.52441911263,171862.34375,176235.859375,169420.3898765422,180243.00107163645,175314.26362726872
187,173000.0,181786.0,182429.96875,179459.703125,183148.0,187680.359375,177309.21875,187352.734375,178848.640625,177782.609375,182641.953125,178922.046875,179952.6875,176999.41228268697,177360.94877296136,176322.82284206376,180323.49149582413,179999.9360054399,179270.76531645595,174974.6226915399,175636.56344769345,177078.99316586848,178751.68649916106,177305.8128038012,183899.1725770224,180132.81228422344,184300.98867702656,182994.94575092362,173664.74620928927,180464.7958401618,179107.17002833603,176250.83874913404,180845.09345522488,178887.52468428464,172225.20352397367,178493.6255179405,180411.059727899,174880.59524380811,180173.27788737335,184488.140625,181848.765625,175987.69339121535,173690.7070014734,174002.37721710236
1148,174500.0,177915.796875,182608.21875,182284.234375,178142.796875,176090.359375,182168.15625,173952.875,171698.5,173113.375,174754.21875,168801.6875,176938.640625,176382.68108908017,176553.47876991928,179089.22275679332,176739.1189433691,177098.95597807673,175339.47143637016,180591.6537876908,174923.1728069992,181623.07633081594,176543.47135124548,174363.15694684285,176142.69824606212,183608.68644071455,177665.74618629477,177755.90262501058,181326.13277110274,178798.9732350705,174773.1239522786,181832.89708832346,178863.6816379504,179054.8693947423,175491.23783346388,182718.23582512935,179350.07382704387,180532.09393018516,159812.05523562038,165377.515625,165358.59375,166786.5515964009,158700.59031735547,176384.93682097312
1225,184000.0,195070.390625,202227.5,197542.515625,194159.84375,193485.890625,193847.34375,198389.640625,187116.109375,200714.09375,199757.546875,196604.234375,192543.265625,193402.24493572713,190636.2410709823,198008.09046700023,194268.70029888174,188760.6972980228,196819.5816132313,191262.35580563883,200506.8878477732,197351.05997449075,197494.19268775597,189668.3458655723,196740.0867748622,195997.81461443406,195586.60817714268,196100.4650612196,193552.88704644958,201636.25577133358,199834.33611462216,202268.59695394136,196503.31594813915,205941.19058978392,195389.14956380555,202003.62225894717,201410.03682632005,195406.30729415469,190476.1482621664,217371.0625,209580.046875,205193.25021250482,197831.57692046848,194953.41246669114
609,359100.0,331932.65625,332969.09375,312969.09375,340668.3125,347165.5,322076.21875,333708.5,355185.03125,330811.28125,356315.78125,350597.96875,370910.03125,357255.9714835936,382900.0536581613,364750.2688998493,370287.5049027872,360359.96836191585,366035.46505149064,386035.2024859183,361341.0797742897,352887.2203265507,370035.5383945012,354555.6239700761,362502.5821675786,361580.24090206734,347880.2814568871,353125.60129348363,377125.3808742032,367757.69303562865,380680.1704611909,344207.21837935585,343432.6544025299,372303.09795465635,378660.0247858149,366001.82738048764,364427.07237507205,371791.0715203765,272662.9842857143,309471.875,318692.0625,299427.56861614896,328876.5487225873,365494.6718398605
144,204000.0,213081.953125,213889.625,212174.71875,212627.25,213067.125,210832.78125,213813.953125,210658.484375,212923.296875,210954.5,211074.875,211882.796875,213063.846739752,211985.08497465946,211911.858022933,216807.41553900775,212253.37456886924,215532.55356309988,212533.93413629784,210877.833309076,215169.7399983232,214013.77386083247,215814.38844844105,211028.35741105134,212015.88067103538,212376.43880122981,214441.86762027477,213522.77157137656,215740.45922172617,212657.85062142802,214119.15546444716,216646.3673342619,216059.99261856516,212010.588651462,217232.6809544553,210030.93028366877,211664.46152900893,212496.98966415998,222030.09375,218722.09375,211025.28534957158,219617.76675010897,214578.0029581269
752,162000.0,163133.734375,162078.921875,161646.546875,159439.546875,162444.4375,162911.5625,166109.046875,159278.15625,160772.421875,162458.09375,158264.75,159823.171875,159734.96470694273,161886.5121172401,160105.7335734561,159093.70971055632,157687.76263645326,157106.83268820393,163198.78467822945,161744.9246881159,161922.7727227938,159933.16826202098,161125.55261520026,162823.95264406884,162183.61341726503,166360.88554320636,158772.53174399157,155820.88674606316,159044.75300125586,159595.91977529772,159910.1828989901,157777.80461827334,159424.80346675182,160126.43333867483,153425.50216288486,157790.62625553858,160485.93786062035,174993.98540986396,153928.0625,155681.0625,168150.4420500004,159564.42047369445,156863.8263487112
982,336000.0,317010.625,327328.90625,325923.4375,326945.46875,322553.59375,323599.0,324855.625,332430.5625,327725.09375,327364.25,320695.8125,331400.0625,324913.13645170856,313825.3040089121,330347.566287964,325221.5726566814,328710.4160944739,322710.4597793761,331489.51375599165,327026.0082651817,323407.87178164755,326826.30898744887,324880.4961558544,340964.7716718658,326012.52554067294,315016.6346926856,325438.2217671708,327671.5608207621,326976.0993577715,322674.62913810386,323013.8033485811,332165.7212229552,320148.60612281016,334388.8128614322,322393.5508416887,333276.64420568565,325216.34885417373,323069.52142857143,319371.5,318159.09375,338501.2804409595,340546.30902948487,330719.63571935275
198,235000.0,309336.15625,326840.09375,330438.375,319457.65625,313581.5625,337183.9375,314555.0,361786.90625,352846.25,352349.90625,346565.6875,351548.5,295284.1564148652,287976.350514643,289183.16205751325,299308.3605786434,300993.8161759314,300780.5677850506,294789.44653819094,299128.67220556445,306305.384422556,286988.4198135936,286595.9791962441,299946.4968792896,310405.3119499964,303707.4488179378,282399.0940523275,267485.892736973,295622.6828376905,289458.5997005229,287636.0018409424,323609.9596485442,277203.09829700727,302040.0693952266,281538.90178627474,275254.95719160035,281046.1680064012,333561.8942857143,285893.34375,246968.90625,291167.7746591442,287103.9300257816,272207.356306965
884,118500.0,121116.1484375,124543.8203125,125491.546875,119045.5859375,121484.6015625,125626.859375,122967.3984375,127457.1953125,121531.09375,131526.484375,129918.890625,128186.0859375,127100.5908108566,115480.72243255183,126924.64690475634,123609.17374892539,129901.89937171566,125068.62007688844,125118.17224961797,132937.45721742391,132149.26988080452,125527.85218528216,126669.00531634307,126956.38697787341,127839.0907430583,119282.41460502672,123613.70362858611,130060.17006440478,131467.29664738977,127258.47471868366,129156.28066303614,118877.44345261405,124497.05649889103,133281.57867836117,131918.17739540804,125358.4247408889,134417.12580936463,149835.87601580625,121123.671875,130855.7421875,132944.7530591698,130418.2201888756,129971.3563163513
280,192000.0,209568.453125,204530.9375,204503.046875,212976.109375,205724.046875,208981.28125,196299.46875,208029.1875,210055.40625,207126.296875,202928.671875,211882.4375,207483.74943428574,210777.16903492357,206357.2705894507,210160.1453009403,213135.16743996696,218393.4696781869,209028.36054466068,207765.86815416205,207352.56789426063,212840.9351862386,217799.18376326078,204886.2432667612,213734.80215277892,197632.241881556,202453.35401896876,212178.32383317305,215689.039821996,210356.01742502177,207396.71511096472,208647.70326734812,215746.4149983893,218449.76880330595,216599.03470216892,212333.26266631135,216763.51522254804,204593.7136728187,208958.0,209405.421875,202295.54613733108,209981.31260042306,211582.9901922973
294,235000.0,233132.703125,249320.953125,241149.859375,237987.625,227812.09375,242228.34375,250037.4375,240500.765625,244030.265625,239292.25,243212.59375,257237.15625,249844.09443499547,254882.39895102047,246946.34126452252,246607.5170369929,242221.8954526237,256472.67353074643,256759.2650505935,248445.43053637922,247254.39564454742,248114.09074062723,250010.16058129288,247109.168190034,249457.1643804268,241259.3285090813,251633.90053102333,238644.60660971093,250650.84395588035,243918.0331372713,262218.35412791494,243721.89469028846,248575.10165427614,249130.42965142985,250065.48131167737,260339.50772234466,261035.01798857911,223863.87797619044,223518.53125,227057.9375,245443.94749768305,228602.75837051828,237648.04346445837
1330,176500.0,182704.71875,178320.921875,182908.53125,185941.015625,184411.671875,182463.203125,185630.59375,177810.03125,183526.859375,182301.5,180265.921875,179444.28125,181805.59365484343,183400.9890746432,181108.8969372446,184435.7358363716,181239.74272222508,180522.7054868245,179159.0382779602,178707.1860187158,182899.74228846078,183536.96545116123,179539.136686021,181667.624844925,182515.79896280466,184121.49463026912,183731.3458049231,178480.27957216863,182848.97642974596,179601.14417191184,183039.9918308458,185170.97723264544,181131.9155914515,179244.29841568408,180546.41524702308,181114.3173893917,179394.48233136476,181941.11394835348,190554.8125,183418.40625,189674.01191967947,175126.1932152536,178082.47723904968
401,245500.0,239824.921875,227346.125,222511.46875,237024.3125,228370.703125,212219.25,229443.671875,229715.28125,234204.375,226823.875,234458.109375,232842.78125,227705.1222158581,233449.54300206705,228374.75263248815,236656.56790225438,225441.5279442117,235246.12088367465,220585.52250209358,227263.64925635338,225021.1654314767,222497.1134101673,232433.41035976645,232908.22558484672,233824.19015045563,240332.09248915294,242235.24302388247,226799.38051840928,220040.67608259254,228280.13883233973,222573.62148726484,243528.6180844245,227294.46727088527,215295.0250086565,229321.29380883844,222591.32944584815,227910.57800173663,227705.13439223476,265045.46875,276809.34375,234632.11344561755,256929.13300297968,232900.88846555367
123,136000.0,135157.09375,141213.0625,137234.34375,137496.609375,141986.984375,136570.5625,137623.0625,132776.671875,137717.015625,138117.71875,135207.359375,128620.7890625,136215.3871756588,131547.66906585323,135346.42960022466,135719.01956047068,130698.65884543849,134398.82262770992,133920.16944582746,134403.54632910353,135473.30032177144,135974.49248396026,135382.6497596093,134652.64885710186,134398.08629470455,134176.3941447162,137285.8628031697,132352.21661150243,135467.703218424,133171.89085761062,134317.78758261233,134987.48265965207,134849.97246175856,136430.612915286,134675.11278641646,133337.70426615883,133504.41047674342,135127.77562096252,134790.78125,136596.21875,137752.39043701557,133557.4161837335,132725.50918437296
1208,200000.0,201253.984375,201566.6875,203818.265625,199691.421875,194760.890625,200807.859375,200683.796875,205869.078125,206555.359375,207927.015625,203445.453125,216159.75,209093.72340494223,207597.75442031896,204044.46851671443,205287.39834115244,211240.34573125828,203336.9529638539,203488.58454640373,207034.43294342994,206260.5177314261,208471.4247930276,211384.62583238157,203089.50319770156,207818.81578897222,205024.9873207516,204201.1431737041,209468.27590833892,209822.01407852018,207475.6946685144,206184.78365318856,204156.8041688595,207535.75449560958,212698.25456979146,204941.27660683077,214974.66817162425,210147.9382115187,212289.36392822492,215251.0,219303.15625,206749.95823599547,210639.04443045723,209907.86067681402
203,112000.0,113672.71875,117253.375,118068.5859375,120570.34375,115824.453125,117870.9140625,112876.453125,111356.2734375,118192.9921875,119126.5703125,113813.375,106209.75,113839.19307265473,115443.23686664189,112803.62091164922,113618.87343420535,110080.02102999378,114391.5799135337,109119.6114739491,112236.60058432988,118686.44205295699,114798.02056386547,113302.9598362003,114596.97759904947,112269.45633082539,114104.21458229718,113440.77295706305,112847.13777574425,110813.86996436445,114325.05818104137,114076.35734821098,118998.69861989311,111906.11603354845,113716.04672761622,110578.38078750827,113023.92926610455,109967.86675760281,124023.83255478961,105297.8359375,106057.4765625,111191.74443022088,103600.76991445856,110937.24978157063
836,128000.0,136555.84375,139294.875,137769.484375,132825.453125,131946.734375,134630.28125,138741.09375,135978.828125,132950.40625,132074.53125,132482.25,130553.421875,136551.8725494128,133804.89042984365,136418.93809207712,132831.33753484627,133136.24826425963,133086.76780685264,137078.03270899312,136982.7373632648,137302.75809282952,136988.84565567304,134881.57493181966,136110.06340120002,133315.35583513338,131301.80349235592,140388.1624193395,138926.10128387116,135196.9853079352,131572.03731314893,132686.2004649304,128587.12371314567,136722.33481539338,130328.9305551705,132862.35922467167,133881.94819807488,136521.40066528754,143819.38473654373,142129.84375,137435.515625,139014.47450800132,137696.56660903138,138454.204326961
247,137000.0,136226.890625,128758.09375,125389.7421875,136371.953125,142190.390625,129343.4296875,131579.546875,127625.2734375,130788.375,142450.28125,137655.9375,133806.4375,128439.93737173178,136887.79369044976,134995.88625353447,130119.8584561592,130040.37527902849,127326.06591424815,138706.7815753763,127043.24794182456,125386.16957750583,132141.30878398754,133035.90008587335,133281.8713796831,131129.17693530675,139191.8535656478,128141.17426780787,129387.26087490094,130123.48766136881,127146.94773618234,133872.73177402388,137823.4087631727,130958.98312042611,140373.57314316375,131316.75051461908,131960.34190765893,125809.94075413012,129405.79271062271,156281.984375,151249.390625,139507.91982512746,125407.45987230974,128842.17330088888
1387,250000.0,260506.640625,268536.21875,267089.59375,271208.5,261720.59375,266333.65625,255440.671875,275260.75,285819.40625,280806.0625,283522.03125,292792.03125,261586.23119582186,275492.1779091101,265627.07975882496,254971.3783961571,260623.71107355607,265685.1065805384,253246.95301013184,252912.05098756193,258597.14472271572,266370.0478251693,261206.42914269064,246742.34269123632,262309.40459976625,271189.73518659343,270407.4438080739,263045.45681778976,280981.43950699386,253970.83010494636,267224.32041588693,243228.05771894584,286774.8102778462,272003.40827874764,266664.19239106344,283346.1060750236,269136.99032204604,261164.92285714287,289706.5,277123.65625,305975.88628066634,313157.5273791222,274854.8042861297
1373,274300.0,260549.625,247050.171875,251187.515625,262493.0,271602.4375,250407.078125,254031.40625,258938.875,255162.875,256232.9375,254762.046875,254621.328125,263514.6834368351,252356.5667459318,263471.77684021887,257810.1531545954,269587.11666328216,262991.3692305002,265196.05689975235,262695.7477952646,255200.6992304436,260983.05622246547,261358.30993362577,262264.83338241273,268834.6073527659,257320.362453589,254017.3426571224,253738.4302025844,254893.84224248366,259602.63032670488,256132.86414417517,251640.87706999035,274626.9323517959,268390.3470741838,256869.9521768359,263507.96258115995,258346.91122519638,226387.93384807135,247930.125,260820.609375,250824.378756364,248770.14168162728,253106.08480727833
1154,120500.0,122831.203125,122778.96875,124312.1875,126122.8828125,128170.8828125,124169.8828125,122891.6640625,118917.8515625,120611.0703125,122558.953125,123357.0,122647.421875,124056.30132254159,123242.5975945647,120453.01264459276,122442.91422686922,121956.71237488787,124165.97412383929,124369.69614574804,119160.76179449966,121598.85198254047,121442.49036846995,118806.11457818767,123639.73524942451,122733.86760186932,121494.65802381375,122568.05207786433,119263.25104787848,118919.2514610906,120637.73705948271,121448.12932863549,121318.99071849331,118617.30145970405,121214.03352045023,117341.64098021461,122774.8576676586,124351.3951037873,123211.84360020931,119690.0,115927.2265625,119523.28190726925,125046.2422668293,120604.96311694618
385,240000.0,253251.0625,260109.6875,256328.21875,253765.296875,250436.6875,257627.359375,253196.96875,255869.390625,250384.125,244274.078125,269303.375,259856.0,258791.30803884615,247821.77194522385,239580.6085231023,239834.8252910768,236991.60645031644,240710.12848646627,254403.35527403827,253420.59522028835,246142.67954704058,242993.174096227,237594.35016365707,255576.44945939942,245849.57403107372,255037.7814201577,242934.38606599285,249369.1158487421,243111.66781853334,247064.95298941503,262052.29018894953,242816.88489584316,251575.01829824396,243408.1147906024,237422.5177559956,243480.62087956432,254887.72312479143,245997.59854028854,253466.5625,265403.875,248776.29522770346,255692.32628810965,250395.13227239708
1289,278000.0,247698.46875,254456.9375,257745.3125,252614.984375,265256.59375,257022.921875,258736.09375,261555.96875,271694.75,250010.5625,263533.5625,246851.890625,257911.5987054854,261213.70301324697,254322.6326235578,255432.34499672643,259643.2315603834,257644.83438223903,256948.22981281712,257080.19413513454,253244.9025064161,256232.04860368243,255470.82966388657,250135.64404961953,258614.80466040317,248002.04212023356,253783.65115244317,253065.6480531485,249294.71535786625,260935.080364043,254230.3722275565,250051.08823708983,252286.22524352517,245978.13216684072,251024.49730230914,251800.95170227424,254997.40501015217,257528.46813013082,261721.03125,247398.171875,256564.72333894472,254132.86307881027,253282.47512352478
855,170000.0,170351.921875,159707.390625,169824.25,170665.4375,168376.078125,169627.75,163670.265625,185838.59375,186516.78125,177259.671875,200471.765625,176356.21875,180916.24072878374,180322.32229480153,178228.94566477346,177660.4653377356,174294.30794638238,171650.91517059217,182596.6378945461,178204.1781050233,173026.67170754122,167293.85431995508,182313.23424041006,184553.82391848735,177374.2932908322,179890.8214953589,180690.99782685898,177828.02216915795,174681.31956976323,179543.39783776196,172497.8703856279,170397.36605978478,170301.295107966,167707.5222445112,180661.92159284704,166917.61225211187,186083.3832404221,178650.01572460565,184302.40625,173666.78125,195682.9214189963,183930.46131699916,178872.96316852426
220,167240.0,175726.484375,173558.5,172181.078125,174107.5625,168273.828125,174499.03125,172697.78125,172957.484375,174989.125,174036.328125,172591.390625,170700.375,172945.88578305053,174720.51140182838,172282.97705060593,175675.09931230335,173040.9264486558,176689.50560391296,172295.40908226123,169973.78103848328,175303.98250105677,175864.3784388147,174270.3075889701,170993.36107102383,175343.3607321798,172257.26855899664,175883.51166108597,173082.7606606338,174055.60561150458,174107.96700781214,174828.17769812112,173940.52784090381,178670.34500881116,171666.2394986742,175368.43915266078,176563.74330557932,174041.0566648033,178141.36839731698,181914.03125,173095.984375,175746.76711058602,171755.39624451683,173005.23218501377
642,226000.0,235054.875,235045.671875,233849.046875,231850.921875,235966.75,231238.375,240164.578125,234919.9375,234504.6875,233298.3125,230672.546875,236891.796875,234219.7630762959,230244.62152771305,235922.5205768197,232747.49940949396,236464.0726789051,238563.3297990592,240307.43905731867,235550.7550178895,231751.01538742773,235936.0026942282,240590.37114598684,237059.34946273197,236303.31494339713,230211.37501341064,235512.14381054672,238335.1977193368,234055.79718726847,232547.72316253482,234830.27759723164,233197.60368884166,237031.29795733106,241297.76982193993,232402.70986739476,240183.24341321093,234893.87431675266,236361.19554592512,232900.796875,237473.890625,234479.7882603036,241973.12391918484,239101.3264804699
2,181500.0,182092.9375,176820.03125,184329.921875,179521.328125,181599.03125,180849.296875,181651.171875,179279.703125,181958.703125,179030.0,183136.21875,182167.015625,179631.5828852309,179695.59164794357,179591.41567393212,175663.17198611252,179663.58858006942,177324.4028938529,184466.338376793,183953.38978620208,176126.79655936224,177135.4442453269,179740.26853961858,186048.34878059087,178314.12682138747,184117.89650039593,177269.5212044502,182593.04192617908,175350.75690454134,179148.80839723197,177858.1876792651,177603.79667288385,179114.90062456342,176846.03463826116,184642.8945469619,181375.15963928253,178861.50304138387,171574.9435505778,198393.0,207821.0,179161.55486664205,187355.74290106344,183461.1512724887
113,383970.0,337795.46875,337730.09375,312859.59375,320153.96875,319042.6875,324463.96875,335897.59375,331416.53125,310278.5625,320136.90625,308769.6875,304713.40625,312231.8239368013,332907.7608164921,327316.9733910762,322517.8902133837,313301.0548351009,325139.53729389096,320368.2017225174,310850.5941532198,327431.75875181996,322975.40103643324,312966.1132020725,307761.93122581,317646.38699737913,335073.0531991194,344463.028621973,328158.6599089976,325382.16826086864,322858.3273957645,323119.2916266745,317014.11265998456,331782.49518036,317388.639942261,338049.803019408,324924.5911853353,329552.80864375376,349501.3,344943.5,361215.78125,322429.5964003623,378095.9013218174,338146.8550934602
699,138500.0,138567.34375,138987.03125,134745.5,135667.1875,129758.4296875,134107.078125,133522.59375,136100.625,135288.53125,134630.203125,138234.609375,136987.421875,136591.52619484876,136095.30738679465,134798.18297395547,136757.85107592432,133310.19489798704,135642.02306600497,138211.94090366812,138070.4217106332,137697.18100461643,135081.1145533336,135610.54319869896,133077.99009139364,139843.03798401702,136041.2348684518,135563.31518744,137614.12064869964,135580.83357580632,135796.60226877467,136121.9543407162,139953.15761019953,128702.24571775361,135515.21102901828,140608.1304424806,130154.86333011933,136794.7106796437,121402.14704221676,140967.28125,132762.0,142628.3358894146,141597.0632784953,138178.77594017494
1394,163000.0,139579.0625,134679.59375,137305.03125,140633.015625,136931.171875,133721.890625,132586.265625,134010.0625,133743.296875,132742.90625,133361.53125,132206.15625,134478.97092990475,134324.31162663415,142032.00240419403,139179.40005151622,142151.02772038433,134426.98912721875,133801.6508300717,137589.29651685507,135070.92917547005,143928.92471603025,142168.66313847387,132273.4590239215,146494.06502750897,138201.86044215696,142117.20147776412,131051.62411626083,145739.98823356853,140821.5460413925,141916.77778262337,139147.19493316096,143167.8091722612,142243.9070458804,140248.15164350354,147899.67132428935,139108.06487673632,147731.36493506492,160304.703125,153942.609375,148760.66547097213,133731.40963551676,132613.74081534657
952,119900.0,117061.8671875,121501.0546875,121420.890625,120284.2578125,117937.3671875,123407.25,121135.7890625,116378.875,115482.7265625,119333.359375,119913.5625,114252.40625,118234.62332384771,118609.576765939,118271.2251989759,114937.49231105244,117108.93100889826,117554.0407060922,117589.60486252984,112938.13206613256,117427.7532796345,115252.59987870362,116605.31388640568,115748.30181587432,116021.93161732057,118992.3991876402,117714.24239074966,113726.38111653153,118209.48810022388,115340.67754832961,119946.10206923987,121260.74248488985,114899.38814739992,108898.83822220586,116220.89823078254,112738.0764859287,113532.28319587982,122029.25844350416,129540.3203125,119487.8125,117503.0437270499,117173.09686857494,114446.5608997492
1284,139000.0,148338.515625,155211.125,152652.71875,151111.703125,149855.546875,150116.015625,148538.546875,134547.078125,144224.265625,138404.90625,136517.0,136416.359375,148763.37274619157,149651.67866078022,149714.16684852948,147983.14356069634,140605.82413523423,148855.15862617438,145207.69890718738,144184.36845889263,153763.88734790872,152785.12557225703,149529.64977750156,146276.39230358548,148298.101607862,145157.2080394883,147335.3943181807,143759.23506419864,149360.7227041274,145424.3517780113,148600.86133220315,146861.58192266643,149053.03913290752,150104.44396893907,143113.92420430196,149330.52007374904,147591.5215304694,157692.16880633833,146641.03125,137057.375,141307.30710122135,138031.53264099063,142794.1364277901
1319,275000.0,274614.34375,261584.609375,258232.96875,270119.46875,278288.96875,249504.34375,274713.34375,274311.25,268777.375,273820.90625,276160.40625,267263.9375,267094.1158765046,268721.8984105468,265658.0655087111,270741.0010426627,273303.17005220806,273535.6379380237,267384.9133488474,261219.41907156745,263116.25879890897,263725.3252082188,260833.0964543872,274113.2231614656,268476.7207980475,272588.8974286389,272333.7810757429,261034.10487261208,269787.8371609383,266171.03475581756,261520.87953038956,272980.7191745136,262386.0914246522,266272.8363316414,264268.2268121354,263146.01403556706,260707.21195727613,251435.09482993194,267441.1875,271086.9375,272630.6406599862,260641.88603113577,261225.66908580656
442,118000.0,105107.3515625,110466.046875,109687.0078125,109171.359375,105759.515625,116700.9375,108058.7734375,105392.75,94305.640625,99933.5625,104225.609375,115878.3828125,106656.7166735805,106500.41640372682,106491.69769115008,104737.48683447299,105969.40559823383,106454.93504647,111326.85956281384,115167.45694211124,106621.05345210648,106079.76143988523,108666.89898624385,112045.96605511488,110498.71743770796,108743.97677407377,105122.85343290307,113732.76467229998,101939.23973610214,109259.91411349739,108521.7330343322,108886.96688133024,106346.80521144823,111978.41488122863,106405.57869715779,101986.04188862193,105476.48129155092,125403.18315848836,97780.6875,99635.140625,108916.58703741687,115204.85863311248,113443.45780574786
1137,119000.0,118909.875,123166.6875,122715.5234375,120709.90625,121877.640625,122866.5859375,124157.5703125,124258.015625,125380.8828125,127582.984375,123371.3046875,123463.8671875,122929.67773083418,120525.5764144372,119734.25500051494,122028.45408553838,123259.29910522656,124827.78941119039,122552.88871901185,126219.60083074913,121272.22483917444,122968.5995322221,121656.08436452954,122902.33452158168,125999.09202037384,122043.72175124509,121938.4503627087,119991.87787541369,120003.68991392372,120976.78912657543,123808.37013630624,120927.89866847066,124954.31598103074,116614.8944207444,122791.42136085276,127148.73428958777,119548.83577927321,130271.38188813005,118341.9765625,117432.203125,115258.85595327136,123728.14305842941,120997.87116107644
1257,301500.0,318365.5,309198.71875,313599.8125,316963.46875,318172.75,313884.375,316168.5625,309703.25,325510.375,323147.46875,320107.84375,324544.90625,322801.74135925435,322407.8679735182,314074.02099326835,322857.8112779175,328605.4113822442,328986.61984057067,319764.67152359965,328596.2242130068,319569.9706104715,331771.07769194077,326807.9768200247,323003.6807592568,329780.45267324353,338236.8206716225,333338.99877291854,320951.7532815189,322888.47360244836,315725.80311304255,326928.7204773105,337430.68727389333,332211.3459653352,333372.2075410292,338375.8016367826,341938.1162255956,321839.2890435305,307510.16,305352.625,295775.3125,360170.03318772704,314280.64121028525,321114.27605945396
664,137500.0,139995.515625,140957.421875,141449.609375,139573.0625,140018.75,140509.140625,143351.8125,141752.28125,142851.015625,143342.4375,142426.375,138509.859375,142794.7563629086,141091.21321683194,143502.62668782446,144881.86487328078,141615.30582648664,142176.7370510224,143217.21210144824,137953.44762408565,141381.47390566213,140414.70159196664,142820.53069827825,138902.14187071472,141141.87613714277,139890.93621050182,139598.32542284302,142667.32243609164,139296.08516562253,141155.439838716,139353.0451561633,138408.56426102715,142859.46792413783,140921.3148162748,140160.7961669535,137501.6797271748,140365.4535666019,142914.25442927174,130847.53125,135760.125,151245.92599713657,140450.1461909574,142119.05017563835
1434,186500.0,182000.0625,184580.0625,184272.796875,186658.625,184889.953125,183360.34375,185813.5625,188434.875,187931.890625,192755.578125,187268.78125,189408.734375,188259.74461676102,191204.76489496458,181563.01479816905,183577.1785215226,191199.76107927514,182941.04908332086,187307.65281935985,186315.73644585512,184541.5487040611,184156.99937855743,188058.33179255802,186685.0582530806,187495.02221795832,187205.99153616707,185838.43595378083,186190.73758126772,183219.73793870868,185723.91485311178,185110.92251816244,181250.83834286273,185002.65562786086,184090.19188072218,184365.78042750183,185865.19668792366,186041.83982800232,182737.53941322994,189499.828125,191215.65625,189064.17538386222,193763.379046874,187770.39445437322
1258,99900.0,86545.2265625,88960.40625,86039.9296875,85257.1796875,81642.75,85176.0703125,84858.8046875,85637.1796875,87140.6484375,87155.8828125,87083.03125,81697.171875,86071.40507356347,81227.55255241993,87098.64400091222,87838.04174165575,80798.32344192061,84214.63997913197,83268.2543959835,85226.77341983216,87482.52027069863,87058.52014592127,86197.10724237788,84832.3664181445,83625.29621509468,82928.27890171958,86999.17153378883,85091.32001198258,85449.90449638502,82686.49803697848,85937.20495783596,89296.87488642834,82866.4427151349,83300.48190293797,83010.41542538708,87105.71732628359,87824.7271482652,93729.64131868133,93214.171875,93875.1640625,86368.31661758978,89290.37651944095,86058.81466243361
1297,155000.0,147658.21875,152955.6875,150331.484375,147312.203125,145927.21875,151052.921875,148721.265625,143423.421875,150958.234375,146467.328125,146393.78125,146992.671875,146624.9190656381,147258.44854211307,148359.95765828577,146793.29909266302,146283.615742811,150718.2824278054,142458.1742623172,144984.12915102596,150328.2842175504,148199.01634329255,146687.91450928967,147786.37664986425,146944.6977124409,145021.0259111738,146657.22820843678,145813.19899394445,146968.78099990616,151490.65050692647,149022.8274696435,147300.40064073028,145389.7192350328,148558.5227312668,148341.30577385402,147037.99868685938,150402.52388825992,148417.88172676408,155651.21875,150885.484375,151249.92154726724,142571.7398632386,145287.64373213775
318,270000.0,274919.875,272684.96875,267697.78125,270832.6875,266168.875,268269.5,266675.25,273028.59375,268278.625,263399.78125,274268.3125,267385.4375,281462.172494506,279424.06386025535,285429.60375585844,284187.3324692715,284572.5063693452,284053.07103906927,277944.4183967426,277986.7579549766,273935.55158647033,287111.46170392237,285215.3619435023,280505.49950482853,285141.58942350897,270982.14679602714,282039.24430766114,276996.11989458185,289135.3358138161,283041.9629152017,278804.3332827678,277963.68437982106,292122.1404266336,306425.61181435344,281472.67833874543,286961.99976663856,280295.86477920006,251957.09941273756,262984.625,266785.125,273724.86658730515,255784.36570590123,273042.95688238903
649,155000.0,163496.484375,169044.609375,166742.953125,164746.59375,163330.03125,167134.609375,167551.296875,167529.734375,164874.1875,163861.8125,163054.0625,170052.0625,167017.80187884317,169413.29177815636,170114.07291992565,169586.95032408065,171856.03570132723,169741.72461783345,168361.3586880045,167733.34566399604,169088.7330295698,170160.4284871722,168547.0269345157,164991.33524063174,168822.16934765418,163088.9286205401,163542.8276095653,161912.3803291977,166117.6729109467,168548.8742153413,168580.03097722266,165068.78091612487,168044.28624486906,168008.78032693727,170628.66244269608,170780.00413951348,169271.17772359084,168520.81941100024,149859.3125,153952.015625,149592.7923005368,171037.95861007238,163979.26045891293
710,109900.0,112949.03125,111273.4296875,115117.359375,114117.3046875,117283.234375,115716.8046875,121816.2890625,117023.5078125,115732.875,116239.1171875,122018.03125,119464.5078125,116149.34213121928,114796.40884711496,114130.52487218748,118238.67333781018,120751.76066136135,117021.75480839435,115803.37262485313,119467.14686651145,114099.97410536508,116386.72003482538,115583.45729986009,119188.9960999372,116760.86260167335,115196.93973937671,113625.15899031833,114568.86186401726,118003.86198637124,115865.40466590833,117575.40247532575,114793.3428063891,115235.35579886113,117253.8239644133,119848.66335000271,118014.72797100959,115166.06256587605,114114.50445146124,109652.890625,114933.7265625,114100.16430611553,111141.46775538551,114011.69656408005
1283,150500.0,154347.765625,155112.140625,145463.265625,150602.84375,141755.21875,145992.921875,151171.53125,146983.9375,148106.296875,152756.578125,149141.25,141112.15625,147616.64283066607,146988.454269165,151119.84720728602,154292.17124248733,150372.74136707958,149388.34946668783,146885.27061538916,145587.10496928278,152792.92317620912,153106.62174857256,151268.31798685313,144682.81964013397,151891.69210758692,152235.61332560435,150831.1085134863,149343.88260796436,152462.19548033905,148528.9089877804,151195.4113299916,149853.254784457,151482.0345806794,152129.62927311374,148321.6027685413,148635.24890906294,152421.6600673942,140914.0555988563,163936.5,157509.890625,152451.7136115631,153567.47001042974,150224.9999619411
973,99500.0,125948.1171875,123072.640625,123770.5078125,125542.546875,121202.46875,125084.109375,122782.015625,125272.2421875,122249.3359375,121974.171875,123021.7109375,124241.9765625,124224.90369188915,124590.85605153412,123807.1662474388,121774.84215450793,124086.26170508475,123483.8230406473,120972.24118001566,125272.9234853423,125453.34596753643,123558.2105739076,121667.166745993,122337.39826496024,122672.7465594971,126259.80429697133,128446.06048328715,121056.59151335295,121797.01931993043,123434.51396266473,125833.22452500729,124518.6386169696,124154.15583574642,121444.79776559102,123679.59214006455,121767.54926611797,124758.17825532377,129379.38768683231,111522.859375,121265.25,125118.23289310052,117328.71524381707,120387.69205076665
628,153000.0,159789.046875,159434.375,157637.625,161915.78125,159857.640625,158588.1875,160150.3125,160938.03125,157134.765625,160923.34375,162050.5625,153456.359375,160047.96043151506,166538.94594205354,161462.7034347718,159725.03324551354,160534.93161357375,161236.6645966566,159465.21999581475,156068.05217365792,155479.49034073902,158562.48404430295,161971.62785095593,163984.39083742068,159143.495691792,161640.47042142157,158595.2979034636,160603.4214081598,156372.69786480648,160221.4015698256,156376.7234072211,158812.11155429337,158506.45454275573,163100.19524647118,150762.14991838206,157391.39768429243,160538.20478057145,159319.7285735066,157816.703125,164773.625,168637.30024008692,167783.7837310428,162055.62585784236
633,82500.0,181313.671875,184318.484375,182372.578125,184595.734375,178063.296875,181875.125,181367.625,171515.125,175188.75,177843.828125,172726.53125,171061.125,178934.90183890134,177083.42887495708,180549.49638304653,182009.8788114719,179524.80090396223,180773.6753273091,177279.8553599246,177754.22318245005,180894.4235505024,176466.50094288588,176355.20026497135,176700.90153529707,177633.86684806517,179590.4676165894,184903.51700609003,176793.82347285678,179545.2978035598,181883.5803292215,178180.3773143012,182153.48800046733,179029.30263775418,177798.4681789936,175377.3267370933,175688.21926977028,175382.2765530806,176175.8552500239,184406.0,177557.46875,172889.3872566092,172975.08739414206,175903.52970193917
1249,129500.0,140663.203125,140694.1875,133987.796875,141629.140625,133187.734375,137881.609375,133486.6875,147217.96875,146117.71875,141890.734375,157777.34375,151826.5625,141387.0652195107,140814.2744827971,141744.94635610929,139028.18164623532,137876.3844189545,139678.62050131394,140789.72338682215,139420.43427528485,133716.4701453524,141001.36975673054,143759.95411786484,140120.01389196553,142710.25492711327,140700.55109253293,144183.38023704026,135301.55578837206,135264.5216662439,140186.94070871343,134947.26862984654,141918.03445022166,138744.43238449297,140705.39617865672,134725.6069315046,136409.06153630975,132483.4145660165,156425.01167244764,166025.515625,146410.921875,142032.6210937317,129965.08633579955,134362.12137817848
1424,274970.0,191126.5,187971.4375,181607.6875,196600.734375,191045.046875,187472.3125,186286.421875,188268.953125,197808.671875,194051.234375,200025.234375,190508.625,186448.1458369091,184935.25839835737,183534.6107440761,191656.00466395388,184123.06178890637,195125.75965744533,179725.28758561483,201165.55907926845,192069.83078223973,183838.6763942121,183550.94859238164,195750.4395213791,188109.39506739442,190134.81844076593,188106.30847188894,187220.25463449676,181682.33051858266,179715.11535779125,191037.79791604067,191313.89091860096,179010.47207134537,184271.02593206713,194523.77679991463,184879.31912693425,191355.11567908712,207448.48642857143,247620.0625,262750.71875,212326.603901076,234580.6578809988,197196.41025859184
1255,165400.0,174529.65625,176857.296875,175979.390625,179201.625,175337.28125,173173.265625,178052.9375,186205.625,177810.265625,183997.5,179878.921875,190823.15625,180152.7885957594,177021.56394530818,177252.29822207586,177113.51498728085,184328.58760953747,178413.10143921056,177223.50806145347,187086.47320525354,175301.55446395878,172523.8576611587,182202.75937186964,180961.7384702599,177592.64001643972,173344.2093231447,180007.33021031762,182836.2672258197,176587.46594340866,176158.81021839872,177182.5613660827,177062.3161269405,173840.70801633538,185038.53606281884,176914.36683039356,185543.81752855124,175721.9852625598,191030.8497747167,181998.046875,178958.4375,185712.7701939675,192762.6763342459,185030.91291199383
1349,215000.0,263742.125,260678.609375,264328.5625,261226.859375,265770.375,259331.203125,258209.5625,237795.875,250319.234375,251049.046875,258782.625,245556.046875,257046.94106993361,252552.633363782,250137.5524639971,248526.65782824403,252932.41801835218,249619.55170201705,269121.85568328085,257952.82441797905,250919.40353690786,248708.66596072135,249931.64808118096,263895.660048372,247967.75739135203,256097.03497453057,250939.50507609104,259200.63018756465,249804.4217894347,253795.37547651457,258923.5976920668,253756.87666194688,252564.69663933132,255527.03859384486,256798.6376136007,258381.0748964082,252498.4245833448,232374.5689954649,236161.96875,235982.28125,244763.75371809045,224844.2360820893,251911.33412454606
796,171000.0,162646.109375,159793.015625,162843.6875,168153.515625,165236.421875,163662.625,166167.828125,167132.265625,165346.3125,162295.921875,165222.171875,161497.453125,160042.79814934247,164594.87943303102,160819.55607253965,160779.52036161724,156128.07535563596,158699.79892513697,160265.48839109676,157904.30666546396,161302.9373081405,159256.52639845136,159114.08411250854,164976.43481180863,157836.3973235688,162538.8420327291,160888.93574716302,155105.41741251576,157989.2655886582,158437.52340632878,159415.64868691558,160340.14795389556,159422.67150747927,156383.4664735479,158658.15553841536,157042.0174928617,157492.90722256148,169573.3946310623,175116.078125,170736.75,157025.9543989207,175677.78943658876,159429.93095025394
646,143250.0,120751.46875,123438.4453125,127796.171875,125843.1796875,119849.3671875,126379.34375,125322.796875,114041.90625,115225.234375,112798.7734375,118484.546875,118806.3046875,123990.4878608808,122028.73011086432,121417.78779116375,123904.94764414459,119419.14533022804,123110.63180528811,125955.91938536124,121989.9653746832,123643.57278762173,124056.26862690084,123233.76619671479,125667.54684753873,117501.41845869558,122385.37441769279,117809.83011284602,123322.76719492607,123702.63698775739,122565.8161505092,126982.7749233027,120506.19573349276,131233.1315555874,123250.73120925574,128029.55710703018,132109.33381355632,126353.65655194197,137548.56368862753,129935.1640625,129524.6328125,134500.56138579408,136592.5089267135,126596.85011800851
1013,165000.0,161687.5625,154252.25,153536.328125,158117.46875,158635.546875,151499.0,156278.015625,155944.203125,159755.171875,164008.515625,157121.921875,163845.359375,161395.22310653364,160022.982595712,158595.23394381325,156826.6485464785,161538.4140002814,159215.6712994907,160475.76767785876,159095.45817686734,155597.03109742803,158187.30609396932,156231.43989020537,160754.08556006144,153834.76656786818,157571.3263342994,152651.5738449269,161294.13634794744,155674.52106519684,163336.84142285158,157970.64040429154,155022.4513804777,164166.77702728004,153705.20962140083,158951.34483530477,166965.81931042805,159421.6155735009,149374.47616780046,171154.328125,162998.75,155181.9185831333,154455.58965512965,160049.63031151757
557,141000.0,149916.859375,152416.921875,156244.484375,152867.75,156919.609375,153246.09375,151942.34375,154909.546875,150596.390625,150665.03125,152622.984375,150692.15625,147165.93418021483,149631.26372863792,150518.01870013803,151405.65846832778,147640.04238639472,152084.28594726985,150868.2391600077,153687.49250687385,150304.19317386652,150479.50076212033,155021.29935688997,146529.52206330033,149072.77569548975,149639.0759395551,152191.27226798332,148534.23768120975,152859.45876833866,152128.1171318437,151859.3334735818,149556.4756395146,150973.4351670579,151661.49465216137,147697.4380586545,154167.73996071512,150169.67051883801,142779.5630497343,151904.375,139091.515625,149428.98339495866,141580.25477038644,147372.60064475983
682,159434.0,106875.234375,106248.1015625,106112.109375,113263.4609375,109076.453125,108027.9609375,105152.5703125,118779.7109375,112371.3359375,111627.328125,109463.5546875,110039.3203125,106558.59272042736,103498.15614064648,109039.0559257832,106693.58860171739,109244.05565722825,109457.85587578805,105021.77233098574,106776.06251157905,106708.42491328661,107614.08357527884,106364.51225650798,106634.29583741263,105399.18199880379,109945.42614746165,110319.52813688671,109216.93020113856,111045.40696064856,104812.30727611984,110455.26236357394,111155.8632017836,107817.28707841702,113215.6428818675,113121.59915060647,115722.20982130362,109246.52785321182,131066.8286928877,98020.4765625,110591.796875,117414.54645764575,105833.99391138276,108937.08924793586
578,164500.0,156786.625,156983.671875,160325.734375,155164.796875,163175.75,156606.25,163579.140625,162623.90625,159690.046875,165236.84375,156708.125,159191.984375,155929.74954932835,149566.0511201687,157688.61616247863,153638.46515936876,157401.23739918135,153710.01305315486,152222.0015172763,157787.23169610382,155539.2891429475,157545.97978571127,154370.8076358454,158819.42860003075,151435.6342992325,155142.32082752744,153628.5085196602,163204.8196038843,157860.51632149963,156036.83866078185,156355.3019053576,153830.41924826542,155464.86851942583,159631.16272579817,152641.09165806242,155664.45364138085,158236.8525120066,160144.4758058449,156781.890625,149215.515625,158938.43895039006,153814.4337308664,160886.03320538884
1110,280000.0,314279.15625,314742.25,301532.75,321872.34375,329980.8125,305572.25,327346.375,327345.9375,321026.65625,320517.9375,315240.21875,334868.8125,311296.38072805287,317827.45934605104,316407.5833862459,322553.5066641969,321493.1090299837,323264.64900491515,313086.4021430931,313196.26710770413,316199.23681059165,320403.3958782775,316209.79526636435,312375.2084074383,320772.85464995453,321761.6591465453,313990.5439451632,312265.57141758763,321261.4137093338,321902.11952785257,319754.54058879474,322499.44412949623,329600.7256386485,319191.13830695435,319170.2637635006,314921.088923444,320824.4935179149,323129.3757142857,292928.0625,298991.9375,334917.1373404382,326326.75818031013,315609.3120707434
1267,122000.0,144332.359375,139602.625,143128.046875,143879.53125,137429.609375,146575.921875,144363.0625,154143.203125,147359.171875,144862.75,155531.421875,156513.96875,152306.83126849448,145546.77192560138,146951.41281532525,141892.16495150732,140648.65357878324,144841.59899764907,156013.35204792747,147590.70740598493,151827.1463972175,143607.3964492059,148111.77347884452,150218.25008431185,135421.82318231754,141840.71341405986,153659.0894011139,151093.2203284471,146670.53527529913,145192.48351227454,143644.12964652604,151862.07010674154,142696.12319348255,148331.74291518008,144399.35344074052,148070.76381688545,145847.41836402143,175134.08344047618,132596.296875,128833.390625,144019.186437204,126038.18399419752,145724.1377504771
1184,120000.0,148082.265625,146126.5,143743.890625,147712.859375,154688.15625,146653.53125,153932.328125,149473.15625,150813.515625,155860.90625,151469.96875,150192.09375,152087.01803146917,150960.29690387205,148243.17932651093,148353.92602894912,149084.78854620075,147829.22683048056,144948.42321604775,150121.2222229743,148638.74675905492,149429.35605859128,150103.6208665573,149888.3722650223,150257.45745167043,148537.86623397603,145827.34312606786,148709.0290421504,151991.96571297143,152009.8649325007,148481.34646453185,149272.79030087116,144862.5792958511,149965.207687014,148435.1434273152,148489.81321815902,152303.3216343841,144868.13572777633,149583.9375,148333.421875,144342.83446054114,135705.3424338529,145971.02411923153
525,315750.0,283532.40625,288596.78125,287190.21875,283708.46875,285349.3125,284294.84375,292514.03125,288535.71875,292514.59375,285827.75,292879.5,281658.59375,285075.64847250667,286065.80545529875,291212.2044663434,290871.9693719067,284126.5017806528,286137.70633056376,294036.5970989014,293082.18898640556,291287.08166612405,288180.281773859,288667.4381362747,282514.69477235037,290198.3133265215,282486.5046130841,286145.659613882,287980.8850588153,281986.5552028302,284243.2235141765,285941.6619393015,284557.9691803015,282208.19835914264,285803.66614025674,290726.2957376804,285252.88553418167,281576.7672002334,288805.62988095236,292590.46875,292895.875,287057.0020394985,284860.13917938084,287208.13993511297
1060,220000.0,183016.359375,179031.5,184335.71875,182556.15625,191746.328125,180900.359375,182512.984375,196583.328125,189931.828125,188261.5625,194996.265625,200521.15625,186311.943319473,187665.87396362377,187700.61213389534,186204.29287725542,190047.64979361242,195697.10758709232,189729.64555241828,196822.25030859822,189403.08570152646,192470.1007847196,187938.8031756072,184979.6624408863,192659.74876536796,183313.47621324586,183446.19059093978,193291.53096398286,189617.28148067725,181089.03359779698,191194.49851436567,184666.75267961583,184283.66452323252,193258.00299750024,195952.0796766522,194484.93148668433,191449.62843663167,179211.9749663097,211782.9375,200195.578125,170665.02545713366,189164.48118082856,192150.15474739857
541,315000.0,356122.34375,359895.75,347637.9375,345383.5625,340706.0,357824.53125,358998.625,355367.1875,361038.40625,354617.78125,359014.53125,353703.5,350008.711649223,354270.0279491601,358618.2049547725,340941.18417576444,347248.19015302265,358223.1717421825,351480.66431733157,342118.5316367833,351112.4619898452,349154.9667481292,341760.07770771504,351614.7099624738,344950.35236891074,344759.3841376505,348978.79541942343,356297.9214142499,359615.5285145319,347002.1041167812,359862.7247743969,341588.67683876725,352251.04989952047,348009.86063734005,358787.11618761235,359947.31730102707,348535.8127708898,342202.9725,343427.53125,336561.0,347351.56969584426,323623.08121139195,349633.86656028905
1195,158000.0,144179.109375,141669.671875,140949.21875,145021.546875,145829.96875,142814.4375,139737.421875,161698.46875,151391.3125,156701.296875,156885.875,159853.359375,149566.03010877525,150262.1425850565,147089.3933134051,147539.50893312867,153016.13056196962,150066.37266332225,155545.83370127113,151520.2390087156,143717.51989489197,150004.3352899862,153632.3257776753,151410.90630139018,143180.49023090975,146335.63299886844,139195.00790701428,149486.84141888024,146598.85433059264,157206.12121620344,145264.16052593107,144356.61021124318,145583.31836589583,147615.2616161264,144284.6279194026,146658.5673153838,152940.98733458665,143087.75156949638,152238.328125,155052.53125,137216.55578534596,147204.4013652409,148706.07593457127
749,260400.0,232872.703125,242069.6875,236862.0625,229803.453125,241337.140625,241879.765625,237967.65625,232003.578125,230186.4375,228728.0625,231949.453125,237204.328125,236816.6459365932,229420.88103494266,229746.61238704735,238387.7658154298,232522.20852734736,230187.42831378285,232387.69376903362,242205.57303752165,233908.9529837427,230352.4851120094,234847.6900910069,233890.84815261484,241149.12540505853,238352.46972572836,233184.22472333282,233523.01064899148,228436.76891621572,229541.37044430999,234595.87247858805,225875.5562338886,228901.12169270948,232787.22718975236,237112.00350391312,231629.75300704635,238271.1331237288,240489.68883455833,257277.6875,248185.09375,244328.23279533518,230887.99115981325,233067.4083173517
1352,171000.0,171667.546875,175438.640625,173917.71875,171088.0,171883.140625,172277.5,179721.234375,168839.40625,167037.875,163516.765625,164815.125,161907.921875,172960.41693958692,171015.85459184734,173214.29524100493,167558.51388841608,175803.3045800127,173834.646911857,170845.12427445455,168252.6120755199,170885.4391728992,169284.27392092283,173240.149288578,173091.56048313176,168885.9434397248,169205.87968305108,170472.36001540002,169161.5011626689,168793.58643462995,169743.29842210686,170817.23057000717,172582.8692456378,165239.0947624501,168722.28033602273,168261.5655789762,169197.5565520538,172410.18718977872,170855.60706020618,173565.953125,167777.078125,161127.3452475318,165098.80517461122,168207.7024395294
485,132500.0,135663.953125,134544.296875,133814.640625,136601.3125,128961.4765625,131451.625,131883.828125,127890.703125,136273.3125,132065.765625,132677.640625,131762.390625,134297.53884487966,132707.3089062031,137136.7787312906,135394.84769442517,130956.57639589002,136038.8267561007,131916.6105273671,130605.85590107371,134572.57047027402,136279.1620241215,132005.13341354346,132293.47339512443,132925.7358715524,133223.09104581608,136567.58560433658,130662.32472498271,132037.74267384916,133566.8856528196,131528.11428532813,134745.46540266226,130711.47125202288,131437.06742408723,134449.89595621973,130654.50079409292,130410.83505047862,132290.89367763436,128442.3125,133776.359375,136879.20360567616,138649.8866283339,132392.46302050987
96,185000.0,180571.3125,178874.484375,176331.171875,183561.375,180835.328125,178869.03125,181179.359375,176692.703125,179759.015625,178155.546875,183580.703125,173135.03125,182596.28427364834,183385.30796233483,183420.46573965947,179742.21220054518,184572.41665781313,182310.85581171105,184482.1239251507,179557.0101942577,181491.69251833638,178766.04446265637,184867.52620146994,186155.81480482782,181389.98635702653,184179.57885573796,181214.25795208555,179650.0186451856,178423.64064258305,180990.42469195338,177072.53352750614,182014.35127644744,179051.66069282274,182779.1268575666,177014.88578508637,179913.62023676588,182716.44460588368,176687.5747165804,193806.953125,191731.875,180129.2679171668,181381.4607445176,180023.30894789047
1021,176000.0,150465.890625,150164.984375,146059.765625,148742.8125,152308.375,148805.53125,148889.0,163069.484375,160647.609375,156979.046875,154255.0625,159790.734375,148452.04143672215,150685.0280346659,148204.25333777108,150084.64034739038,150159.65123753535,151768.40946037407,153120.85552863593,148088.8716974475,150824.52541508977,153035.93736788607,148414.35686164792,151008.2581041693,150914.32072515236,151429.42303554076,149127.3078478559,152576.21036899768,151872.69739660478,149955.75632891938,151898.68435964675,150041.08143333843,148990.07250458928,151119.45961238092,156874.67157620302,155303.78922360195,154714.4535457911,153283.94449198418,154004.359375,149896.84375,160361.78810090796,160673.1022999213,154473.14152487964
564,185000.0,169578.578125,160472.75,172649.375,175371.734375,164256.1875,172399.78125,166525.875,168884.796875,165536.0,175530.90625,171973.6875,161428.578125,162769.3945202588,179940.50087573056,168181.60784839225,165972.3290725293,165898.13251027098,160830.1598510567,163637.35346429457,162962.61691855677,167555.83490161473,159634.8616936517,156971.70508423753,164182.6616120754,167388.2454035943,165814.06223856637,170311.63758696266,163496.7824974349,163118.47572705607,159607.1102918983,163909.10208101684,162339.21720131763,167828.745123148,160783.8274952217,160778.02002081907,159360.7747063624,159787.3764727358,169267.5616380317,174626.828125,166436.8125,167825.56567332652,166893.2231968249,164076.8756846196
1265,181000.0,175703.359375,174836.015625,176340.09375,181576.515625,181207.875,177979.765625,174534.484375,172586.421875,175156.296875,173894.125,177623.796875,173387.71875,176075.2576506748,173002.16887221954,170286.88773227687,171792.5302608321,174096.43830370266,172958.17360221662,174175.06310650377,172877.54166891877,174580.5227375788,174410.25496615117,176205.71239642164,171424.6159284428,166766.23905012867,175421.12056838255,171129.57240896794,170351.43589315083,172715.75912967548,167060.21293320967,176958.61827010047,170688.7014121084,174562.03698493115,167094.43979366374,169113.70218190565,172998.84045817077,176423.2628788639,188363.8459840358,173528.046875,166426.015625,170501.33286643538,164138.84360103187,169198.7921537916
743,179000.0,175506.421875,180368.5625,176214.84375,181222.390625,174357.96875,174089.796875,175698.34375,177330.625,173165.390625,174497.1875,180718.953125,175930.65625,176492.2193104311,175176.22008503138,175365.9823902595,177282.21046022337,181463.04680871931,175206.81072225267,178266.0723746067,181040.92632706108,173502.36773026374,176423.8771849863,175327.89516598787,176189.5534718,177516.3725329729,180496.5483806698,177759.69904805737,176998.14572449576,175817.99999118593,175921.15206449552,173831.42465584903,174858.18337045543,173654.65478927927,176102.06458251562,177925.71765800533,177576.5667347208,177490.92946601385,173061.3892011513,167338.0625,172381.53125,170764.4564484657,170873.64861385722,175674.0646470835
864,132500.0,143910.671875,148087.765625,146286.4375,147284.53125,144647.78125,148476.796875,150745.96875,153865.484375,156618.703125,157508.484375,150170.59375,154338.796875,150912.4016968044,154179.02418202773,152168.79068590677,151473.7951978036,149925.11596008466,148634.74648434346,147441.8113987318,151108.83712284558,149288.24562000993,147304.8653846927,148483.05164506962,150533.70758506295,148332.58387882414,146824.40257693615,148103.68491080438,150719.68689216275,151227.3436358311,148572.50728286925,147387.89532344652,146618.425670684,148283.54783510068,150808.8158736086,151031.5476849745,145776.12788874854,149912.5910229101,138706.22040153967,133877.8125,135917.390625,128812.69015030909,143850.5983606954,148758.62809530384
892,172500.0,165764.84375,176241.734375,169861.34375,174145.59375,167585.34375,166391.734375,166445.390625,160416.203125,164523.0625,161626.078125,167178.453125,164535.65625,164609.45752054785,160772.4746033479,165612.88351909732,162722.02265097218,159614.2821356136,161896.57036317044,161552.03779759392,160618.45024460476,166637.44026500598,163946.61472170532,160276.91899816456,159674.78762394015,166273.70248968917,165378.38978690634,166577.4068429065,163522.33089738621,159253.40246524193,159829.8237771391,166213.0764481421,170327.35095469462,169544.67035362014,165447.36602675187,165870.40124436934,163040.84758532365,165596.9369319828,173136.9852193719,175450.125,165219.875,161024.75022090372,167079.3838797678,164190.50334248337
1039,97000.0,106659.171875,108444.0546875,109338.59375,109192.5,106867.8984375,108766.796875,109127.4375,111708.5,106558.765625,108780.21875,111957.4765625,112258.4375,107548.8344842683,108723.50283599179,109764.18057419913,108569.24463982749,109198.46332138951,104851.92823328475,106951.05849311892,109566.3988514206,107058.36486986927,106883.1675131456,107996.23892730297,108853.72837686284,110226.34503534557,109649.91328867515,111981.55650077763,108071.44689754513,106441.5598637456,108014.8200577622,107219.83544808612,110717.08790399799,105800.95677425202,108620.99796931741,109020.75116789367,108974.72302267069,107817.5709446442,114206.70464959317,97463.265625,97405.34375,108151.89079752992,101043.69407580027,106674.27952388387
207,143900.0,132583.609375,138665.171875,138466.8125,132571.84375,132833.3125,142207.203125,138359.109375,145201.734375,141674.578125,141274.96875,139380.90625,142749.90625,143321.1800668343,136084.1752488356,139192.33052039065,140628.35296306587,143997.97586643914,139341.17411079528,135154.95465027582,144314.1513611456,147022.6783842161,147244.5897426246,144809.27908884894,144248.5403262776,142248.15038262427,135480.28574795675,144998.69470753023,149653.64269988533,141725.64921568008,141433.27783301997,145152.97624811777,130245.99604240565,145796.51131598582,148561.64026491655,139933.80420086902,143082.6112903178,146714.4199571407,159997.69212345046,145601.15625,130509.6484375,139809.00191043384,131387.69630880162,145475.11611493886
393,106500.0,114976.921875,110571.234375,113399.2109375,114290.3671875,115912.1953125,111377.375,113910.6015625,110432.109375,112196.0390625,110588.9375,109377.609375,110349.796875,111793.6577956724,113978.47706114112,113245.34823249241,113802.19254738362,112085.80806408168,114665.01558416888,113047.96391900818,111006.01877369078,110995.69724251711,111989.45064823398,116186.32328264962,113544.58604179986,112516.1713218964,114618.92850806235,114588.28696943869,109197.39914524711,111819.36854761801,111977.476075779,110317.63467498339,113624.20217341455,113440.15189104535,115323.94600401948,110841.5814318401,110156.06377646393,114465.87206707823,112222.55346378178,103563.546875,111421.78125,111011.16601651994,103231.970317974,108046.80901635421
795,194500.0,199185.484375,203224.34375,199121.109375,198874.765625,195465.375,196535.859375,192679.921875,198205.3125,200963.390625,200068.453125,192443.65625,197403.453125,195018.20318162598,198338.7772006952,198409.46440096322,195358.5216373285,189446.42261943244,197887.0150867668,196186.75244814993,194654.18258233645,196340.3138873279,199228.47840160714,193863.27168948,194344.78985730786,200650.17171959858,200503.2723001564,199082.96948722872,194832.7634484139,197608.19959766933,193270.7638920597,196719.32571946105,196958.12695071014,200699.97314864048,196487.23999898176,196763.10889897394,197308.23094981787,197154.15181508585,203721.2310634269,202124.484375,197284.390625,198407.01641038453,188739.66931542606,193749.8801625397
871,109500.0,99100.0,101707.1171875,105306.2109375,100589.3125,96579.96875,107759.7109375,101579.6484375,100188.0234375,96686.90625,93529.3671875,95677.03125,100884.3046875,101649.22603237414,104368.68670922834,103566.1232433184,101217.37759217575,103082.73578864762,101362.16846064315,102492.28030884099,105964.92701758262,102752.29965583427,103138.24677546104,101694.74796393224,101595.98774128014,100834.03743253164,102960.48243258907,100138.34965453902,102346.81158008135,103627.56658251125,102428.09989008572,102566.39805438957,100320.38784374973,105123.12232749198,105313.07843431625,104250.60137270205,103719.60117086166,105305.51671323138,102775.8286889068,79973.6015625,92245.3125,98416.5295077632,103910.96244203142,102666.53932186162
398,169500.0,149409.59375,148065.875,150197.0625,149394.921875,144945.640625,145723.203125,150363.609375,140680.328125,146979.765625,137073.765625,139482.09375,142615.640625,146760.9187787542,144179.96211092532,152298.46805743675,149532.1990601168,146204.60112355725,150920.83336389295,147850.3969491815,148917.15389901516,147267.2776917376,146547.7549147055,148621.7653557923,148357.0001251519,142977.58540115476,146642.96615985173,149905.42448969957,147634.07262289344,148303.0187387358,149089.9965910287,149500.53816670994,150950.8547523563,148961.27865857087,151473.75767474255,146548.00564861394,150593.29199727523,149323.10286324855,155753.80702075624,132022.3125,141387.578125,147840.29748691,150190.72241545754,148290.46763475577
767,196500.0,183880.265625,191060.171875,191638.28125,192011.46875,190715.921875,190328.171875,184554.1875,190129.4375,189771.96875,190721.90625,190328.578125,186833.609375,185492.6562325255,189651.2040695634,183640.49706940094,185577.9538995527,185167.3670545489,187808.2933001928,185332.62331778606,192337.8619147771,186984.38927990544,188806.5220420028,183161.22440700722,186271.90977765372,181963.6684022436,184602.84233900812,188769.19228841827,183864.1139885226,184564.92585013344,186528.16462205065,189972.85036727082,186166.17741892496,191790.41173966057,190375.78839666638,183508.48479774842,189787.93904100533,183324.23386094096,191625.941077518,195659.65625,193076.875,184718.257368714,184869.0654386086,184343.26009067558
1342,155000.0,157581.5625,157194.15625,154811.6875,158104.203125,157020.796875,155817.28125,152869.359375,159645.890625,151266.671875,153346.734375,159753.4375,152991.265625,155216.7163407768,157053.17254899675,156003.51057677332,152412.72308197577,157518.86464093844,155565.95078268147,161008.057471376,157784.60864825945,156671.09502659342,157129.9297015438,159034.62111916,159872.1867696028,160557.35399874047,159443.1649048961,159663.7875531402,156632.13733594643,156362.198874741,156137.3758929019,155073.02827621662,156372.85362496827,152880.5240099938,155874.45211189438,156283.47738557492,154174.97197324224,155655.41257226816,152682.47169719168,163508.265625,160068.46875,152836.65617621312,154986.01911039418,156128.71980293235
1242,248328.0,223753.984375,231476.875,226863.78125,225257.65625,216868.734375,224601.46875,226021.5625,224905.4375,223447.875,213527.0,223827.53125,223637.171875,214279.29486329842,220692.94810332678,216185.69872050287,219491.23850216705,224041.1516084545,217961.43910930018,204535.72485593235,217784.40887866213,218594.46762816314,223299.00598827298,217620.6592765511,214719.56574394982,225253.69635736058,224233.68456819197,220733.83903212886,214896.78585268056,226314.60628967395,216499.46799408726,217835.09390971327,225293.13252972913,219614.4373437502,216946.1499307738,228803.1804960688,229741.01626872492,216167.10414626394,237817.92107709748,251775.578125,256757.84375,243485.462884147,230572.5872897239,219198.1994247044
1029,105000.0,131912.0,131256.953125,128769.8828125,132547.578125,133104.9375,127242.59375,132482.109375,125675.453125,124227.0390625,129002.9453125,125050.328125,123918.8046875,128698.02693151783,129223.2193614033,126768.13723658622,129279.14463262752,127191.22704117333,127748.03243047431,128303.60086147083,127593.32811436552,128262.38699486421,124756.37097841482,129203.71399169863,127627.00984976027,130457.79125821982,134880.9088473013,130969.81418577106,128276.00118491992,129613.61410096502,126689.27365929674,126245.18476277341,132108.2404183482,128046.92506596082,127139.04791354635,133073.18258317464,128106.05694729272,128180.25368892608,127955.35196668806,105996.3359375,116297.7421875,121929.12272215987,129124.42821217468,128344.16965224882
643,345000.0,400222.46875,393400.6875,362930.21875,389100.8125,417563.78125,363251.1875,359763.28125,399634.78125,388536.28125,405738.28125,399863.65625,417039.15625,393244.3689197017,406403.8451946566,397259.5512289397,405341.56861512765,402511.09328199615,404357.13569548674,415849.83460528834,402774.5356011191,377819.5626213457,384708.2255521,390239.124763395,405519.54362212657,374030.25179632433,403466.8639414663,387625.6541076326,392905.30302253296,392661.2725369548,393466.87983971945,376603.6810303455,390510.1663636017,378854.60572681756,404513.78625278355,373099.66184596514,404557.88508179673,394685.8729806767,326543.1214285714,331132.8125,355125.25,362725.8780932372,329625.9438423271,380002.49508119526
613,261500.0,251953.578125,258377.078125,257369.015625,257479.25,270220.71875,254879.296875,257105.046875,264135.71875,260966.0,260006.03125,266947.8125,260878.265625,253565.10880466792,260434.63101006454,252978.46633313413,253263.90146464674,252832.95309529413,249680.27789596538,251347.39178932944,250649.88813416232,255033.38126412762,257815.22173265115,253446.54119589477,253295.52898012177,255305.40778491527,251667.25524617766,252232.27235534153,252120.43213586914,247166.8058136579,251852.6165288807,253511.87137872085,255788.50312362838,249287.28680164012,250766.966164058,246082.2944363215,254282.25885732376,253094.2195109305,258096.02059420815,246330.21875,249624.53125,269534.7201188939,260870.06412658398,254274.71494161
961,116500.0,131955.40625,128600.765625,130626.5703125,130503.171875,130883.953125,131679.71875,135190.34375,131714.078125,127349.734375,129813.5703125,134074.109375,134400.765625,134745.9203886194,134645.72529352337,129595.62449153594,132299.81385076718,131102.99081918263,135657.05673410263,132818.73847936062,132452.2224353692,132160.31199580984,129485.95307492034,135970.4796995704,132304.8479388089,131093.19974851442,129888.04350664478,129271.61872094624,137407.01462269342,132109.05662013908,132396.87375726423,131949.327204845,132029.1290049543,128745.86680935031,131433.24657200454,131537.25330639418,130328.98903781513,134183.71441609497,113852.69253549248,143248.359375,121337.3203125,119186.74990814194,111099.47361084422,131431.34463087417
726,120500.0,112642.34375,115279.625,111543.8359375,109717.5546875,111469.3984375,110803.6796875,108788.4765625,115220.9921875,113824.0546875,108580.96875,116021.609375,113066.4296875,112609.65988264939,115268.97583536954,109666.34382598483,110553.23055269744,111798.60548701801,110654.06004233133,114318.47812960115,112317.0119203518,109917.48516013089,110517.85521531076,112237.1996025884,112716.84575985218,113047.3447518065,112559.89198338155,111350.91136251272,113350.92587416345,112630.94003834082,111955.29793145352,112809.918706546,111725.00251264998,109732.00026658532,111284.36498467035,109531.10455207239,113563.40679280077,111392.91401232376,113620.25869778144,96681.34375,105671.296875,119711.21406112309,123834.58687414686,115603.74061316547
684,285000.0,263358.5625,270169.9375,260972.375,262867.25,268382.09375,264644.625,263030.25,249711.828125,253332.609375,255174.609375,262221.46875,255444.40625,262391.11033006123,263262.5615979496,263810.48409564723,267480.2395373562,259459.9299018652,263360.4283891596,252185.71852260779,258933.8912303656,262025.95025556703,263390.5390122968,265007.7306775475,262657.83052443876,268373.2557548694,262611.6943143161,264251.6572661527,264380.23302282934,263629.23889160866,256641.07041811722,258753.11849531956,267757.604037398,265242.9418871097,250250.75523525436,266620.2497516739,260783.76640448414,262979.61787996435,275275.21414965985,270229.6875,269006.3125,282766.97776869533,265690.29262575385,264774.1127656639
99,83000.0,73907.2578125,73926.859375,74907.0859375,77128.4609375,79652.28125,77611.8359375,73805.40625,77209.265625,77300.921875,80440.546875,72969.0390625,73338.0234375,74302.70288717153,76539.63901907555,73039.13117172386,73511.60329111763,76660.73825079626,74559.37004104178,75502.19390438894,76472.82927030472,76626.03331232091,77576.91650333314,75742.52607098727,75381.21922733918,77345.54638376342,75035.76284778763,74341.97499740911,73091.76402035484,74485.3038396387,73216.52488591093,74559.30756803266,73855.85570799268,79625.3382950903,78508.57808808106,75427.31374511846,74253.27722479272,74242.47589851334,92711.5090702948,66630.9140625,77734.4296875,82255.45432207077,74245.22573963579,73520.3032139434
805,118000.0,113086.6640625,112480.5703125,113630.453125,118504.59375,114061.484375,114715.5859375,110004.421875,105559.3984375,108809.8671875,108142.203125,104309.875,106850.5078125,108310.30228522295,102765.93265042415,111271.82821658469,106275.54316631831,104612.88702483001,107823.21691533695,109220.70657448808,104540.3880241595,107412.64140736574,109110.07010051745,105627.65035901051,104328.8482296254,103829.31349334415,113837.55860756361,109806.35068926594,108452.14561134465,107658.38042656155,106099.69501509077,110450.25916474446,112672.23724455867,109641.73840722267,110058.2107463927,105442.40145882257,109526.45622006354,107709.08827060462,124847.60131561439,101240.390625,99075.1484375,112774.43476496356,103246.41250175485,107500.82026184452
407,115000.0,120391.6796875,126170.6484375,127256.421875,123480.9453125,123123.46875,123409.015625,127091.84375,123390.28125,124937.8125,123172.3046875,116058.2265625,118719.71875,123623.22452864805,123124.79776342871,123972.26046662817,124594.17963302432,116099.00063522471,122522.3234621244,121208.68976388163,129964.60199891703,125699.01433927237,124642.8319800293,119913.11685659367,123524.22528727743,117962.78676192752,120040.12895368958,120164.44460182115,124365.19066478091,121939.03583042326,123784.64777578432,123631.20692071422,120728.71920334225,124934.56381248507,123289.11281927794,127965.40382914338,124543.36185642215,122434.63755411464,133556.14987886226,124318.34375,121241.890625,117162.25298254722,120180.50625453591,123405.50610379528
503,140000.0,138221.8125,137089.140625,143042.21875,140690.5625,143575.234375,143000.0625,136807.546875,141550.296875,142349.0,139145.15625,133054.21875,140220.296875,141390.33280612208,141322.86128659305,138026.83129975447,136126.2284288803,140367.23128206356,139250.83972347065,140471.40916538413,138217.18581617821,137807.38577824834,139719.50944106028,136805.66085851172,136901.76326182892,134220.49543832234,138170.44890363107,138409.16020398782,141843.37389465957,137127.33585142688,140771.72754608298,140414.3846616498,137771.80511207247,138337.53164738743,140111.67937189102,135064.86489760998,138984.689329187,138560.01837542214,134376.15401066013,133991.78125,138786.21875,130229.49758812145,132154.03027232026,139555.71633407567
1072,154000.0,154903.109375,153883.75,156351.359375,155319.21875,157378.0625,155634.90625,158522.5625,150656.984375,155704.28125,153973.828125,156908.90625,157407.421875,154048.97977233987,155164.57665682008,154681.18458739054,153978.3433409457,156753.76049510628,154292.81753521005,158030.17426302895,158842.40785188883,156326.4976134238,157563.51261180744,154522.30426983337,158533.60781053655,154543.41158171734,153603.42553894492,153040.33651122788,153778.70921885126,156192.6468290065,157132.7475561565,155880.3616605042,153862.5335185764,157844.60439464147,157031.79991241542,155517.95157484905,155060.96358514333,152522.6449027212,153854.0551310294,156480.8125,155289.0,147276.61533679458,163333.50096565794,155689.89683472813
1057,185850.0,199633.53125,194824.046875,200567.078125,196926.671875,204731.546875,202749.484375,201252.453125,210394.609375,206737.796875,206630.640625,209588.890625,214583.0,202274.88457741236,201088.31490631533,205007.55838412096,201636.688700064,207180.1942402331,202476.53485356804,202656.74020120394,208989.19929838003,200698.3649932954,203754.03745350378,203752.81489112423,204674.9069017947,198411.9127229018,200415.63271167566,199832.28414193072,205837.84421419157,203564.05625739633,208937.21683459025,203961.6616537744,202102.05756533443,209839.31571738602,211973.82578794594,205285.0631563998,209652.97458537918,211957.9771861906,207299.48721365188,220048.125,218579.671875,206234.68090032318,203022.28349716467,205435.46795532148
930,222000.0,228759.359375,232361.59375,232529.84375,230332.015625,228155.40625,232878.046875,239445.09375,221480.9375,233499.84375,223821.25,227952.0625,225718.890625,235614.35732641706,229223.36274647198,238036.1115662878,236821.5698407212,235233.55121973652,231572.01844785333,228743.08210939067,240153.8685396983,239057.64436955805,238620.50494929505,231705.15397397734,236408.22325810592,235289.1369186161,232173.32782218163,238103.32522673692,236456.94899836314,235403.29275862756,238055.17307494624,236503.21145414014,243130.8567766932,236939.47991905402,247586.13712499684,242983.9817459296,239760.51739344918,240738.24196404652,224895.9937706143,218729.09375,218790.734375,227767.72981678968,227489.33377297135,234632.9216690748
780,135000.0,146292.015625,149190.75,146307.921875,146644.859375,151501.609375,144730.84375,147002.328125,145286.09375,146111.328125,146874.28125,146317.78125,143184.28125,145174.0817908875,145052.5106359501,145057.21556036655,143151.79454348976,142747.77961826135,144571.13588706127,143665.5009330331,145367.96345834923,146664.5793347324,141825.02154306832,144707.60804599983,143965.8556775789,144048.65855939637,145507.70998397458,141525.63661799708,144715.63147789976,144551.70269732803,146767.08332793077,146579.64490702818,146142.72804024402,144647.26487571123,146320.87176224325,144874.7553705748,145635.53232544626,144559.153687201,144727.85355803027,153064.234375,150698.53125,140610.3279631456,141213.17185268988,143975.965462966
201,140000.0,135930.359375,135495.09375,135553.25,137303.453125,138094.40625,134037.890625,140469.359375,140860.203125,137391.140625,134561.15625,137613.203125,139293.921875,137236.29388987346,140889.25872398287,134179.3496548418,136370.53559795613,136885.1023764136,133277.36914294047,138807.46011365185,138485.6909764846,137716.04907711348,134527.80469863914,138270.49786673518,134815.45259271478,139818.39971805783,133695.0855236155,136249.70662362478,142081.65387814323,139939.66259049153,139564.25671922864,138229.08146469283,137097.96762835112,132639.09493787296,145869.1723532872,133913.65437128348,135522.08505213834,139143.200651079,148185.07648125684,129327.34375,134090.578125,139028.03638369995,138061.38318762352,140923.58622785946
135,180000.0,168058.28125,162006.140625,168918.75,167541.71875,168776.078125,173904.78125,164059.078125,171431.8125,170071.921875,170630.5,172202.828125,175626.578125,172110.57034348082,175401.41002387565,174580.46432903718,174151.1212211017,173380.74764681654,173862.67135269934,170939.27257795102,171715.9188022888,172486.66198674918,176359.16927708278,172906.49236004503,170237.24012832978,174305.13841531245,170801.34115128982,175357.74848378994,171910.5296251207,175531.76837576757,174541.2986777839,173474.7527191128,171535.253997808,175870.48607586534,173210.9641828769,173416.63633755434,174864.14944256132,173903.7795239185,171865.21739374183,181474.328125,173528.375,170774.3595714268,183690.74185790564,174433.39091740863
1052,200141.0,188600.09375,189810.125,185589.0,191695.3125,183906.5625,185561.75,179841.9375,184529.65625,189582.59375,191358.375,187313.953125,185000.515625,185239.41475482658,188453.9935324912,189082.14346323579,187467.99489002768,182995.06242500545,187873.69743790443,183152.6734499291,182150.91273954458,186553.82225879972,185236.9400364493,185209.12711795542,181725.20100486797,189716.81994699707,187969.23597398683,187967.0095154874,187477.15324895,186738.84924540628,183326.3623850563,184376.0972240452,190548.307747256,189511.72523035482,182805.78110029615,188483.88143009687,186934.7503027924,179770.90729651361,183120.38399629385,199089.5,195498.0,192835.78426657512,182592.41763042135,186536.4680689386
41,160000.0,144421.453125,143669.1875,148355.078125,144327.953125,141166.609375,145471.046875,146233.984375,134781.578125,140391.765625,137592.21875,131327.21875,138640.796875,141623.0196935067,140707.68359538692,144406.84987383854,142566.07812691267,135078.5565947993,140039.09914489542,139329.53524538528,144956.73074342532,146122.76738891847,141095.99056511887,142515.17246604254,137729.9679887108,139848.31374018898,143280.92312258354,146334.94947272658,141132.6249204096,142696.4480037426,139659.94147702694,143273.13522838612,142999.3305261083,145468.98362683304,141763.40515847303,145829.88012410965,143919.2510506655,140355.10766405376,157805.27050202523,156913.125,147168.546875,145225.5869220752,149072.9597753134,142943.1101697403
1018,187500.0,188667.734375,196154.4375,205048.484375,193844.9375,188023.96875,205455.640625,200232.4375,219365.53125,214299.0,222501.875,226239.40625,206576.890625,196069.94811707988,190723.26755173504,193541.0844304591,193782.43838586146,188542.03969162234,195152.90158841098,198447.76340146142,189544.13631739296,195546.64071084224,193334.93544992292,196034.34343391177,207817.98500944162,189473.0502302478,194715.03334078126,186852.7147117995,204374.76557231756,194298.28502641854,195316.83923732018,193632.19179692105,190557.82267938656,204690.3697297275,193163.1943424107,192817.87624476996,194178.1110122113,193985.24994079635,216821.60027454223,217008.34375,198401.5625,202465.01932903202,186812.86574936975,200303.4793105041
231,148000.0,137749.125,140117.34375,139631.25,140095.953125,143595.359375,139745.671875,134494.640625,142494.515625,138488.375,139607.6875,140840.484375,142367.484375,144315.62075499006,142985.55795999704,140591.85063197225,139946.03512472205,141481.70213675415,141756.44150274742,142018.95020536805,142882.89549252708,139936.22403611863,137785.56612929338,140743.83255237655,144798.6185518601,138892.65311568388,141050.70063931812,139282.00683044933,139609.88042069192,139742.37735541997,144621.96829052773,138276.71030418132,140339.85973400428,139286.0413562308,144104.6221367585,140414.08413632255,143695.4269354494,143458.28816543228,141260.42377147565,139861.125,138774.84375,135186.32663420995,135304.76782941932,138840.16349265963
379,394432.0,350588.78125,359254.125,374331.96875,369934.53125,359713.1875,385384.15625,345320.0,371563.90625,373102.0625,376310.5625,394703.40625,362316.59375,371185.52939189156,343829.60743594804,380026.24921712204,365819.3147825813,363902.0422065469,366914.03370101633,352907.0271482809,379545.26219153596,371746.0921517231,382100.84744178696,379384.8440122109,349517.661274673,371808.76895647816,358391.16639411397,376420.96814655775,389078.62777319207,374528.60092229146,367634.6484231721,387389.0336983085,351005.269426859,369944.5519567664,366608.43118702166,362391.27978752484,377003.1244320534,376588.75089408015,366086.47285714286,350205.53125,341265.96875,348030.03126233106,362799.26256132754,382536.7071154281
289,122000.0,114325.140625,112905.953125,113224.2578125,113511.4140625,111342.75,113642.375,112046.9609375,116865.1015625,116386.6484375,114223.421875,116305.6796875,118068.5859375,116661.87098586367,118744.6979647876,116143.3270210035,114633.32538487272,116935.97062876684,116535.01925304222,114437.26862225862,117476.67754321918,114503.39694676889,117242.15999313508,118544.80521482012,113400.00679006564,117761.0147418562,114855.20839514326,115375.53452904358,118594.75643009385,117202.48412982255,116828.4375544794,114470.18199688442,118467.8593815277,116729.30615853371,116152.8063847744,116982.6832799023,116977.3819579014,115141.75754761194,121184.34248116713,105415.5234375,108715.7734375,112331.67490740311,111101.34693778589,116893.60688595781
419,126000.0,112635.578125,111220.4921875,109712.21875,110413.171875,114046.6953125,113441.2890625,109627.921875,112574.2265625,115614.5859375,120311.234375,119803.796875,117025.296875,112314.57054823573,111403.79987147517,110613.16356193043,111285.92458847258,114023.20734259661,112290.92416401632,110444.75710573605,109038.7463078815,110041.86444563016,109017.85355250223,109311.33897874372,114625.68540514467,112904.48869860703,117731.36175724506,112160.14721407928,104101.81784548788,108547.17565284594,109825.02667717796,112489.79953246811,113888.85154068281,108658.99164406101,111475.47674899788,111406.49689156975,113589.5963963755,107413.31031129118,108690.88485677655,112125.25,106663.75,111543.91146737752,123190.25329696879,108539.73595582214
392,215000.0,208629.421875,219935.6875,210705.53125,211395.296875,213459.25,209090.328125,213564.515625,211738.53125,209789.484375,221509.5625,218284.828125,226149.578125,211238.7651845879,210804.20343255973,205695.32079589556,208187.38799478344,208826.53932577572,206745.33326814554,211133.27881400695,212000.5065248964,206398.9489986504,204591.09675938307,211046.92144962368,213401.18740443228,207829.3546366405,209975.53501795215,210395.14358542874,207887.36794091808,212719.96542210408,210302.9061680083,208669.26256609164,208392.70114932136,209205.2652077471,203127.55753523702,209589.90438316858,210089.19549699308,207392.76838637906,209034.87728128306,233275.78125,226320.953125,209843.21956529774,217263.7150960312,209933.01763233848
593,138000.0,138058.453125,144404.78125,139457.3125,142865.25,147323.71875,138706.828125,143345.515625,139608.65625,139406.421875,143441.546875,145868.203125,148253.515625,141195.62319413217,138354.47975890947,137903.8456362344,136677.21548371535,140319.6193040528,140791.74371940212,141497.83669883024,138937.80606971518,136872.7421352291,140832.96188056094,138114.42033057555,140487.93960017638,136596.11572627546,141637.34639651148,137660.20906819578,140218.51306844002,143441.32907465956,141748.26536579063,140688.1052782079,137709.45949045173,137951.02503556796,143065.23442716044,141460.912272708,145474.73639489408,142359.7618351837,133316.12946378143,147761.203125,140247.421875,137300.7776154909,141342.1067901476,140634.3725217316
1163,129000.0,123798.1328125,125446.078125,122231.6171875,125828.78125,122589.078125,123055.03125,128304.4296875,130986.625,127008.5078125,127141.671875,127867.84375,129080.2265625,125995.31637782535,124389.21113979747,122812.58191648584,124130.44150150944,125318.8328775317,124263.34790061643,124467.42613964257,125877.38540016566,123843.78184460716,126135.46820651782,127030.44005495653,125564.24661721414,127225.78863324458,125003.04819577553,126633.0724521722,126605.33395485344,125738.49995328976,125636.48642675168,124250.56449727516,123192.45677936936,125063.81937766736,125165.85635002318,127692.21368730348,125423.14990205894,122633.39355829736,129490.12249204695,111665.1328125,115888.6484375,125026.04639571186,124116.46241537019,126019.70177920809
1087,83500.0,102848.53125,104150.9375,101195.4921875,103289.7734375,100326.421875,103219.46875,100513.9375,100192.4921875,101785.5,98821.1484375,96614.453125,100710.5859375,103121.46250612888,103871.35776865316,103494.79469376021,99916.81195887609,104535.08200655796,102979.39385649379,103439.17547677962,105327.27407361595,104502.33574671583,104045.84229376473,100522.27448700149,101027.51389077216,102547.56940060701,103136.16605215796,104140.30391418605,106850.2766238862,104141.72949420729,100988.48150140724,103743.2748265148,103599.63766418294,103357.69041099363,104947.65812136329,102817.08785015607,103749.4340686769,104214.19543646317,105307.80810407845,66189.46875,92433.2421875,105756.29641549096,97105.3044449238,104702.99335177819
648,155000.0,133989.328125,137728.640625,137667.046875,136888.46875,140158.375,136330.734375,138784.640625,142484.15625,142764.9375,144085.046875,147195.953125,140539.59375,137758.54164996784,134407.57468596566,140378.7025133674,135738.37432946393,141222.57969325103,138037.86060686377,136466.98429083015,141552.9760246649,138822.1808700154,137038.891532911,133818.0829101428,138929.86688813442,138729.0141227503,134962.94692653828,138847.71141574776,142540.40353400476,137127.57943829917,137306.01026515357,139683.18948877018,139967.42568518766,135923.65609240453,138534.72531306333,138744.65865150152,138513.82996075766,138999.30996491908,145244.08022639013,154012.1875,141909.6875,148339.29943846178,158625.98106726477,145744.60275690543
1153,230000.0,201553.625,186817.125,189536.25,198109.625,196423.25,195865.25,185482.828125,200952.84375,203317.546875,199222.390625,211966.546875,202541.53125,196122.09264593633,196633.27663138323,197224.72502182613,188754.99071984217,204281.88096858756,194308.16193069678,198983.8179154042,195250.52037789076,193697.83853526364,200804.4127510142,203814.94965829398,192746.16154937277,188925.74552355678,191345.23165334476,191190.97855902708,206340.88666619317,195084.25687037598,201733.02556837222,196252.97103801847,195304.48709716916,201347.25663204334,203450.36838027253,195015.12374678737,193909.6296692191,204311.70033353815,188169.901177464,231335.3125,225420.109375,192223.59308274408,210106.62073736364,206347.26646139196
521,106250.0,85872.2109375,86365.234375,85036.7890625,86539.3671875,91057.5625,84260.3515625,85588.75,92422.328125,93091.5078125,89677.609375,92798.3203125,93974.734375,86123.78370509367,92151.0954114668,86560.55959419886,86095.52663924637,89459.0966122297,88188.90076409891,89681.00703837554,87973.88862617558,85084.50173387474,84931.20723078758,86139.92936649863,84308.17753403321,91558.27056212112,87769.70879202968,87437.67264391974,88466.22759424234,89505.61446856205,84189.2977495806,85091.53700068139,84751.81448542478,86567.88022419761,89886.98011055503,88141.24914859813,86877.91493182737,84489.48639393525,98020.98918975762,95238.328125,93976.921875,94826.15020104942,93120.78209709103,89447.08173506407
65,219500.0,227388.40625,225197.078125,231862.640625,226257.9375,232097.15625,228646.15625,234824.53125,218582.6875,228572.859375,225927.671875,228223.046875,216012.0625,223530.03893194717,212503.01937323678,223474.48431513263,221990.77777284413,221222.57355054287,222023.44283617774,221444.5239319076,214847.8772070564,220027.6885878368,218129.20166548842,220358.78461343737,216093.6020626523,220801.13795852923,221413.64401250248,219908.07984661844,222281.6867434877,221273.46577775574,219627.5907029242,223943.9907387677,219110.20491743874,224778.4629207376,218039.59932018458,217893.5099716731,218438.14654743383,224288.90554224714,219888.22843867118,230084.84375,231352.859375,228716.18289114878,219600.87519727962,221663.53880956818
15,157000.0,152705.71875,155092.609375,154795.0,155157.109375,155595.578125,157215.140625,151461.0,161479.484375,158931.921875,157379.078125,157680.796875,155458.96875,152828.52733017126,150883.51811053665,155298.3947058911,151179.76200106053,152745.62838424736,154778.2189370991,155459.11543990337,155540.4786971536,155214.844483485,156474.01302420752,150022.62115517535,150946.7319859301,153040.27294285048,154214.07167062748,157491.29387108568,153985.9414719689,157215.62180950632,158699.94187506367,157394.7287773596,157028.68781400638,163241.53689124685,154819.4891608154,156678.7807810212,156949.3771461729,160294.69571505848,151401.30370062345,152270.765625,145560.828125,158736.31506244608,152575.1523649813,153900.80658842303
1181,250000.0,263915.21875,255952.28125,255659.28125,257280.171875,261394.828125,256282.265625,254131.484375,269399.03125,258706.953125,255720.5,249576.984375,270506.875,261003.68352494604,264812.2417701546,270896.73599543615,273788.2739052138,262266.4287724329,270912.84930197353,260711.29964355708,258426.27606188762,262582.75378362864,263199.56896932184,261633.96703888022,256311.95322842867,269461.35697084427,263937.6722323497,274643.32977896533,253273.16678190712,262337.0613323439,253349.9670463493,260996.08052602943,265671.22946473025,269090.07554018515,263502.58305395633,264307.36782502994,269903.6744909257,252434.02620565722,237817.00217893216,232174.90625,232155.375,245458.94137543498,232637.97878665038,249660.72524789016
1065,154000.0,159058.953125,157227.890625,154520.671875,154241.078125,153206.9375,154099.34375,159655.765625,150315.078125,157809.90625,155653.8125,153343.6875,153996.65625,153932.01077250668,157759.52198546278,154921.75426521566,157437.56422232057,156738.15820276176,155347.67313358514,153880.54559284862,156385.37377680297,155755.4957455343,156421.38867042083,157171.7194679888,153548.65135117524,157372.09288811192,153192.9268206605,154708.74057313966,154393.98383006355,155842.05083745084,155173.94289760027,153800.7833376042,152471.22293417453,152227.09756130705,155171.40107156613,150613.151115222,152226.95188125782,160844.97130667124,155789.6966862814,153944.75,149515.515625,150375.41407569434,150028.14156413643,153343.32960352703
493,172785.0,173932.96875,168226.65625,169174.921875,171040.53125,175862.453125,173564.953125,172101.78125,173354.0625,177495.671875,179314.625,183939.1875,176006.140625,169145.28337649824,172946.19611012618,174085.29950409944,171565.03544584478,176856.91238859625,174910.4511203091,175170.63925065167,171195.92423996472,173944.30195491968,173021.58530676996,169920.13303806537,171875.11050229732,170585.57377137578,173806.46917301338,169918.2919079443,174334.65009445616,171487.5346432504,172515.8345069773,170581.4661417502,169542.6267324116,169031.76427807353,170364.35733925214,170385.60513592826,174575.01441227263,169039.4706830144,175778.14254317112,176278.90625,173315.359375,172920.23559784956,174806.21341262397,174419.87475080925
380,179000.0,184300.5625,185918.84375,184762.875,187510.75,186712.5625,186122.15625,183638.078125,185943.953125,182868.84375,184409.78125,184156.84375,186075.296875,185007.4051939169,184528.29992844665,182914.0711535898,184338.32640733584,182116.77143310828,184895.1843038959,184427.77994949277,185132.50701658323,184814.54066109715,183271.30223873034,184828.48001429957,185846.3661157503,182174.04552831477,185887.97916434164,185850.43854456325,180848.0554676073,183727.98692146846,182205.19573543416,185219.71035047402,182451.70173425935,184547.9855778619,183863.76182948193,182128.33810299722,183565.6686853916,184297.4799276189,183774.2231903633,174750.984375,182150.78125,185389.22414433476,178284.02462505404,180512.89857777287
188,135000.0,129405.984375,122266.015625,128036.859375,127852.9765625,131083.4375,126952.7734375,125426.8203125,135638.40625,130941.4296875,132160.125,133965.28125,133977.140625,131234.95891602384,128195.3747707486,130590.26854391869,130544.24004820915,133611.5120404909,129662.77257677789,134330.76366068816,133026.41449106688,126573.31858928029,121565.83263191767,129412.20872140267,129055.28489177227,123483.7976003173,133405.98974625135,125979.70224812483,130348.13847828595,131141.2876189222,129799.50509642623,125521.50926201236,130752.89717848587,127436.92470091424,126227.19896945645,128087.94237608612,125761.74104995978,135146.1512456505,127994.15092386048,146574.984375,136522.515625,117775.5033958538,142027.55522656426,132342.48855999258
764,337000.0,342612.75,333385.65625,322264.875,345455.03125,334724.625,320106.34375,327958.1875,318637.59375,325201.1875,327835.03125,315359.5625,328695.5,326721.9365717133,327538.7098784921,340536.1898453719,330908.21773003414,326993.2799441911,331514.5533515657,330462.3040433274,321539.384410068,330248.19335242966,334905.55100202875,332720.8889006276,319411.99575966474,325019.3342477168,331142.1376184952,324146.87709907425,329439.72725079034,339035.7977874616,333290.9688355459,324318.6632435043,326362.65520646475,328540.5656968413,343330.64888410526,334986.7781434896,324801.2925385255,334330.56511963345,300287.55845238094,314282.375,316450.0,328483.24242981744,304072.66763702035,324030.2211211553
217,210000.0,207631.609375,204764.75,203063.734375,203886.5,205516.96875,202727.828125,212191.921875,206985.5,203088.453125,203341.71875,202354.25,220392.875,210583.38861882998,211560.69882544462,205824.83617687042,207983.01744362136,208590.67384361417,207199.14933526647,208357.35609929575,206243.15046360486,205702.84044350643,209037.5528514328,211611.86229521857,210151.92773426237,208565.6515030316,210877.87994174202,208660.36928382507,208141.25217699984,205901.4573560007,208207.3993252409,210091.28118674958,210577.76287649883,206969.7752221988,209920.25272698235,208365.52419918115,213774.49000136566,208612.071170564,205484.62082079487,215668.59375,209191.25,200989.34246553615,209287.55846026068,208512.96248401178
792,146800.0,154961.171875,158700.453125,153216.875,155820.25,157338.890625,153977.40625,158179.0,156110.453125,152856.703125,157399.0,155743.421875,150257.9375,158650.84137619997,154574.35512227265,156478.49617874753,157288.64863798127,163805.33855828916,155360.57930233915,157253.12882925317,159100.22469875638,157082.99452032777,157947.86703546127,158848.0894446969,156587.78679369,156805.64550415453,155962.02025420227,156433.08707925794,164762.92210111333,158630.58522269898,159830.901231257,157950.5543605184,157013.74370743125,155124.71629753007,161796.67137876176,157722.72383877033,159161.26239793884,158304.7765860698,153108.58660771558,152858.046875,158834.3125,151579.19614955978,161822.50731225387,163711.53986178845
1077,170000.0,153459.765625,154920.09375,146194.515625,150842.609375,153067.46875,146244.578125,148283.078125,148251.484375,151363.296875,149301.984375,147073.0625,154506.71875,155613.5194637782,153758.36826828553,160693.17293411674,157924.92661466068,156177.28953076134,156588.08181139367,161657.70175140986,160638.0527653618,155708.51878139144,153712.6994239943,157409.6316937801,156178.54407443388,150731.60025904048,157111.02241280195,155206.74817047297,157057.34142436297,154388.55718228818,156742.55986879047,158434.66438675468,160789.60800001377,162108.74626684166,161369.91943254898,158797.09164985552,160796.58644503172,155358.49368263973,150534.80230594805,165483.109375,166400.3125,156030.0088389259,169688.88585202998,159790.61596192783
879,148000.0,151660.90625,144550.140625,146861.5,145690.125,141750.484375,147639.90625,146796.53125,153038.609375,151483.421875,150307.1875,144841.53125,146828.171875,145750.05980040858,144474.49163931055,149154.60651431867,148253.77476656385,144955.53729283152,151407.0999079073,142725.21598848636,150208.26506041543,147497.7150888171,151934.43321350808,147786.89220302805,143604.97394826278,148152.609888552,148234.18598659043,150269.4497808147,153655.3335495711,149190.50711478124,147523.8234862442,145606.87010693512,150556.52903230727,147767.0554106972,150017.9086214639,147033.79481196727,150594.68704113163,151458.79289673566,143018.00609551635,150339.8125,144586.8125,146531.4914583737,139654.626741313,150545.87257070938
338,214000.0,213636.84375,210015.625,213513.609375,216622.140625,215035.796875,211473.9375,211315.6875,204107.328125,209639.703125,204747.484375,205562.328125,207892.59375,211032.82322282653,212413.28862312963,216975.82875605888,215941.408992494,212789.57230839174,212649.88396147554,209943.71395505575,213269.88660919687,215743.53823542362,212348.85159088607,210612.88005304354,210007.80823096875,212647.3747207997,215904.84634248103,216175.59796759704,214960.360082623,208198.91244648918,212758.73411517407,214569.35076574987,220706.21152136955,211001.71832725388,214325.9241932473,210645.69630363962,213594.4337532569,208873.0910020485,208792.2061346772,219937.375,219194.640625,215706.01121132658,206682.9815935195,213218.0310867079
720,128500.0,136148.828125,134777.640625,129946.5390625,136543.34375,131122.078125,131844.21875,132291.34375,134313.640625,136615.5,141676.765625,134974.25,136146.140625,134931.40549180744,136022.1076705554,133659.33086519773,135907.68795002703,132314.58879373508,133133.32037923572,135480.90143452244,134679.81226067684,136009.05653240907,133720.91390979625,135640.01258378444,129384.66092091709,135525.34745263102,137174.8314134135,136301.47552307026,133532.72733081935,134757.82436826092,132752.17682923653,133053.49250810745,133656.67135382487,133081.53223649203,131559.4710480829,131800.39673705256,131871.0395593805,132034.98847140145,132868.9106164587,133201.1875,135367.359375,137508.39599789225,134792.98894129833,133778.96991595588
296,142500.0,149523.5,154017.203125,149154.765625,149191.46875,149511.515625,150846.34375,150805.78125,143966.9375,150845.703125,143969.0625,144966.796875,137824.6875,148691.7941665381,147738.48872066068,146255.60249281584,148207.4245021107,144310.92180242843,146810.52673831052,149649.28833457452,147118.49364444494,148295.13270595652,146000.13539309124,145714.1100814074,147289.31960307594,150245.39107351765,148896.91868295957,148877.78216766255,144598.24658827114,144205.42489124308,145488.11436406217,145631.66983721312,150292.52692613075,145187.60368136532,142410.17332125912,142736.21690332136,145789.05012109908,140684.52983622393,143352.70665689468,156129.96875,148299.203125,145392.15526308972,152362.97311800226,146251.74174741365
1017,203000.0,221656.875,224931.359375,219997.78125,221164.875,220660.71875,225093.15625,226036.015625,219328.90625,215376.0,215809.53125,212588.046875,214540.09375,221978.46325159448,220278.4467307652,217500.3956746788,223571.34468090557,210156.0156480189,219345.36977325176,213983.71356835097,219860.10879083048,223166.3911309598,220780.89736144844,216491.35252817028,219305.96612225077,217579.1253718573,220229.34738744158,220712.65003410215,215671.81053694428,222694.4233197775,220047.35593551252,219782.84296135342,220331.89101545798,215805.5686614252,217537.32476883306,223647.5093550951,217063.05255265842,216743.13020327198,219943.22246715098,234715.765625,228693.921875,222031.98332193348,218638.14824509592,216438.13838660278
1276,137000.0,134659.4375,133887.65625,137058.9375,132485.265625,133518.0,135180.15625,138175.15625,131392.359375,134052.78125,136853.46875,136375.390625,132477.171875,136110.52822914984,136720.97723934977,135345.82253880426,136212.4803570862,139775.63024993948,135913.51635767828,139827.91725323873,140308.75363434802,135607.11284573463,139719.8500009487,140546.62893465394,134906.02597147424,135902.07705586933,139377.7961934984,140995.9221268365,136516.29147695244,140471.43517605224,139755.59334143664,139038.05301805135,131113.60244257946,140132.17317605382,134833.35161568446,137105.09874199887,138838.88701836302,138342.5559317766,137383.96808646212,123565.0234375,132692.640625,129718.60787700073,129838.15754167967,135146.85769308443
456,175500.0,161468.125,157434.796875,153388.8125,156015.03125,155116.28125,157216.796875,153475.0,167089.125,161950.8125,156526.40625,156794.59375,162531.1875,162418.68997861995,166370.87645038156,161321.27035066174,161436.19511896788,160526.16682931565,157837.32444706964,157529.2891542226,159830.95634522274,159462.177902315,161138.09070525752,158988.38693599484,161138.36974983427,161441.055917686,162785.42616203878,164689.76177848008,159827.2612304025,160566.49506934974,160027.6376668584,161000.28475467363,161891.3273983057,163179.0227631735,161951.25120520729,162919.88649609155,167373.59968892476,159641.51446685204,161039.28764807302,175598.453125,166290.375,170083.24259872502,169763.28895077365,162350.42920802772
1458,266500.0,257077.59375,248764.234375,253594.015625,255820.984375,250736.375,255857.09375,243888.25,266186.78125,264333.03125,259978.5625,250074.84375,262102.0625,257321.4791913037,265222.4293081362,262827.6477807636,263422.0660096945,269608.68590177805,261890.7911506557,256944.2793874014,267775.3602630541,259137.20291000995,261022.02662561554,257476.20093578,271700.3222567601,259441.58960693883,255317.0503932643,257884.0337323079,259053.1011638987,268874.7831049067,266126.64708804473,257184.25375304444,263301.57014035387,273207.0602984344,283900.7502124429,262352.3616303888,261377.34465914196,257552.92136528995,250320.8237593985,243127.890625,240590.96875,229784.28513624764,242323.19871507137,255279.93300223706
816,224900.0,213072.40625,216609.953125,216874.109375,213068.34375,214341.109375,212486.359375,217474.328125,214255.25,207752.703125,206339.28125,214335.078125,214607.453125,216498.97758815033,209357.4031400296,213892.4281783945,214389.05108668545,217475.64591352493,215709.2182654571,215670.58786737267,224534.84898263865,213118.27499447315,213452.5169909107,212415.5469337224,223066.57524724116,217339.75110065253,211016.42630928778,208923.24187506296,219052.4278872927,215237.08083988982,221176.01870431026,214480.79526222008,217698.37323213456,216449.5858264789,217164.65463788653,219046.97883422876,214206.49042079382,220337.99699666625,208376.63313503726,217622.453125,209508.703125,204857.52002287694,211273.7105580939,217028.57384449904
270,148000.0,151120.640625,158294.15625,149798.25,148374.3125,156191.75,154401.046875,150703.984375,152575.921875,156993.078125,158883.78125,161534.90625,154314.71875,153236.33337017283,153278.6148353049,149629.8943507351,150521.46116633806,150682.16473281357,150051.2860664101,150041.66123183927,147953.03297293984,155327.22289178905,150771.7284219936,154391.71302110722,147653.99978368764,156026.36273844916,154474.43585788866,153401.1775821889,154950.32323045493,152476.09102294792,148464.6497804188,153147.37269431626,153742.56609237354,156317.75580656633,160723.36986537944,152492.98066437963,160181.26333000354,158343.2440199178,149888.89492063492,140977.671875,144988.078125,163038.6960954672,157233.99719294964,155772.36591293578
996,121600.0,116435.6875,114940.9609375,112138.7890625,112926.0859375,113624.8125,118506.2890625,114558.046875,118515.6796875,112903.3984375,116352.5,119406.5234375,126205.453125,113144.94359003946,112381.81147975233,120627.25800808278,115443.45173661281,122442.9534336217,120044.65888499131,116150.66812507645,116579.0985290281,114518.91962777489,120912.37300368623,117064.33693965634,115034.10361102193,120768.3174615838,117579.77054238957,114964.97224041351,118011.23065862517,120291.03394495259,117187.10572845716,117442.77667488341,116912.38031421862,120855.99499330642,121452.81922651254,123666.39355589652,119723.48844564926,118349.14593626521,120184.24930453674,123451.3203125,123353.125,112678.3018712721,127835.23043873822,120014.45158420094
202,171500.0,165879.984375,169560.140625,166309.078125,167053.65625,171423.140625,166579.40625,169059.921875,164918.65625,167682.34375,166550.796875,166564.1875,169944.84375,170396.1139724861,166676.01614900873,171560.13596719244,169664.5519461178,172348.35102920886,168290.51868707666,168933.65712737187,173191.86823345476,166860.49459344073,168737.17056170147,168526.23330425794,171114.04027695704,169792.67712358024,167079.16442452313,168295.29866115339,170053.74424126482,170814.18747298353,167313.235229569,170737.61852539075,166304.74057183467,169141.4422298855,167266.4309386874,169061.3231177075,172660.01455423242,169632.08314031074,156745.60326501718,170050.78125,167393.5,161441.22094205744,163658.72329553083,168726.6938934708
162,412500.0,431364.25,426447.28125,410121.25,454364.0,436546.875,383886.46875,432879.96875,400940.59375,422246.28125,421979.3125,447662.53125,426124.28125,428603.94466057897,416070.80457404413,404553.5719891111,423069.49387244275,412275.55661592743,410634.21432133537,447554.33015192143,421384.6989655915,408413.8567249939,416809.21141814993,395750.8634170296,442328.6760142573,409853.6571075418,413969.33842621074,411830.69344966125,395553.82396115747,398182.0157592328,407719.7923465882,409090.0064575307,425079.8936785818,401693.2347898392,404440.36036342103,395655.3051914466,403868.5490417375,398779.14594399213,375581.32857142854,391905.46875,414031.4375,404388.37972466066,383893.65483789484,393669.5434431385
730,103000.0,101205.2421875,104056.125,103405.6796875,99753.796875,98442.4140625,103106.2265625,102675.84375,94947.4921875,101921.1796875,102873.6015625,100010.984375,99545.234375,97899.54921359153,98214.04722521706,99285.633555103,99335.20816319899,98105.66275462756,99997.79236378592,102789.08034789193,103004.10127779644,102210.33280486973,99322.39438677048,101007.76340023952,100631.84854582859,98292.8799502242,97801.60670757444,101101.06423492447,98436.321853433,99167.93049536324,102101.56348920673,98951.19211539743,102415.76246975834,96738.57174242639,97123.58510643947,99711.28301790982,100186.61677762138,97896.74634673214,112730.72192383013,104177.484375,105654.265625,95117.20036753247,99172.02614343923,98612.54667267947
402,164990.0,194523.65625,193714.46875,188818.921875,191328.75,196155.0,188760.234375,195860.765625,193209.0,190314.09375,191342.015625,201093.53125,193512.828125,191935.3237017288,194014.0377537029,194205.49710408493,193730.34089225813,193659.81473447106,195470.3434252072,191974.14718376411,191159.18052025922,192059.76197043603,193936.99268530754,194561.80592709302,189958.72694259277,194214.90880987782,193833.3125112057,194308.55334185302,191222.53751980545,193333.846317728,192895.44639847352,192920.5328250489,193939.50763621004,191910.19450728662,193258.97812649433,192736.4084527429,193668.60784352923,189216.98696541268,187661.4409763271,219094.9375,207157.515625,195586.34749226552,192639.4743045848,191687.34312960386
703,361919.0,344885.5625,330740.75,330786.46875,338652.84375,337654.09375,338115.53125,356769.90625,338482.625,344818.5,337102.5625,343195.9375,332795.625,362500.73392390436,356468.39407082624,360070.91377873794,353481.4908598597,362719.5562952314,350519.11131432693,356255.0603404348,364036.6501980905,354216.61749009066,361956.9210405384,364340.11329297547,351700.7383574345,341397.60456951143,346878.93074561225,358850.45252460527,370639.7604854179,362200.46001548326,364043.2587627497,367556.1211696313,357585.0004207313,376142.0027431486,378473.24952516856,371117.5495470551,360364.53056582797,369774.27274062496,334719.3128571429,347270.875,358075.78125,348246.81941706914,373033.6990944104,370332.41729697154
1130,140000.0,130404.265625,132589.921875,132826.34375,128809.921875,137482.578125,131375.546875,135118.6875,128199.234375,130204.15625,127251.28125,130335.9453125,118693.484375,126623.8115435753,125687.59784238055,129850.7136482447,128273.51675718563,126930.8100655699,127226.74362569365,124611.24178190775,128794.24809806605,129655.22411109111,125941.4921756178,126402.46604367871,128906.09294010611,127266.05537404682,130744.39365970176,127640.36220909799,125768.53836304556,128027.82999230924,128008.55436360468,129394.47273304203,127375.84120491167,127085.63905079928,126997.68486755832,127623.53351168423,126568.32609480771,129666.03680887952,130784.83427379165,126325.671875,128478.3046875,121135.91678939645,134756.52403449983,127571.39759599193
566,128000.0,129493.140625,125146.9921875,128223.8203125,128494.84375,125952.203125,128582.0,127934.578125,120314.0,127025.6484375,127850.9140625,126228.4609375,129321.0546875,128502.03909207378,126826.63094326704,128087.19850813819,130461.67881268675,128649.34510494002,127735.61591239984,131295.43661140086,127019.01375983843,128486.33795114898,132120.95215981244,133972.79991785894,138565.76992831734,127852.99115409657,120495.28425031401,130128.37825583672,127487.14756189323,128825.38739851177,124594.73237057416,127322.56436360699,128206.46240745751,126233.5160065673,132266.14717700568,125372.87286098255,121821.45919687874,128694.79887158418,146159.17795093797,126254.09375,126095.1015625,126515.51637707108,135518.80328361227,128866.7095749323
1022,194000.0,200242.75,195422.125,201529.59375,197659.53125,207653.390625,198342.90625,198782.609375,206646.8125,199461.859375,205562.59375,199309.953125,201392.21875,202469.5270486901,195971.44987121713,203424.0647707354,201288.16968632556,205410.55022127467,201895.3187761284,204554.57638298356,203616.9715557682,198502.51733805978,198864.20855792437,202961.2705018017,202761.24871928745,202765.18637788924,203232.26856020876,197578.05653231815,202568.4083384574,202343.83875174183,204926.4081887727,201012.9495871501,197925.1992908191,199340.75684966298,201451.88844220698,200084.61488241612,200724.43395835694,202282.40876463742,198960.22920788417,212438.921875,205895.40625,205666.37097581447,196381.12116679054,201269.08489702482
1026,112500.0,125020.8984375,122957.546875,126900.96875,123113.2578125,120892.2734375,127596.328125,127727.453125,120995.90625,122144.65625,121555.7578125,124133.6640625,119761.9765625,123965.73944125675,121646.52900218387,123807.33455376573,124174.93489837399,127280.61774643752,125585.03469726481,124787.12985050096,124492.85619697804,125963.75657223363,122830.1227834471,125574.22158372082,124144.1289862174,122844.98132646711,124824.13753095163,125766.57887781275,123600.67158823968,124788.44587290174,124695.20313454894,125253.49456512708,123664.70304019829,124226.68280830405,124651.89943468939,124645.98171280655,123149.92706002247,125585.06444947557,130872.70536121019,123936.484375,120514.9375,121303.15597117861,119455.92317976402,122697.24884485512
1105,106000.0,119229.6484375,122262.75,122591.1796875,119559.515625,116979.2890625,123982.6875,115822.3515625,114222.84375,112277.265625,109130.3125,113636.3984375,117915.1328125,121377.03170415832,117557.67867737413,121775.12518942889,120394.20099837889,122292.4218308558,121190.770937696,121901.07627108415,125034.26785133027,121126.22706364426,120313.22094228162,121344.74490313383,119597.47427942329,120366.63378471653,120194.36929034161,121310.16760995153,121580.79336350139,120511.52413653691,118490.46278994354,121593.45508929204,117544.6467619623,125795.0905495486,122271.88990549739,120683.97354363347,124164.76113346589,126384.66495178612,127122.7949493626,102954.734375,110468.46875,109492.63127696715,109818.52161598716,119100.79755174392
206,180500.0,180375.96875,188016.609375,183847.125,185518.75,181527.859375,184708.953125,184358.390625,177712.09375,183870.390625,178980.0,174259.015625,178090.75,179882.7473337303,182510.239508661,180701.56296002213,185391.98934889951,175263.20080906333,182574.68366240163,179330.6618056145,182293.6028888949,184241.6720797728,182444.3592978861,175181.65027729268,179819.0548786591,179563.35423581797,185859.62431534866,184587.6790518403,181234.79110098287,186150.71585080368,177741.87593669098,178814.67938425046,176847.85293149424,176914.1404873673,185844.92742600094,178210.19034681353,175170.90813183525,178877.09617926792,178474.8038025842,186588.546875,184315.859375,178797.1159047791,175124.57569296937,179680.34485160356
35,277500.0,272806.96875,283158.6875,273175.875,268943.46875,280620.125,270291.0625,272239.0625,284052.65625,277607.15625,266483.53125,278167.40625,276717.59375,281907.8410649733,273621.08010388655,277218.9558682411,273794.3600692617,282978.2343658951,275512.99748945545,277911.5594310852,278611.6562348598,269387.611601204,276522.52967970766,279421.28004663886,278388.0941943734,271617.06961692916,272634.7289024774,262459.61290859856,282291.29717509233,277160.99377036485,281067.4755088271,277899.25862695876,270048.8100230348,279111.69170215033,274055.15475140075,281055.8726050536,276608.8375866414,279240.90528694197,284901.8114285714,294309.5625,282174.46875,281396.32934974076,267082.52396128594,278915.5719912696
776,162000.0,158986.765625,165416.15625,165436.984375,162220.265625,163047.875,167569.84375,161711.453125,179251.921875,167463.78125,171985.28125,170162.609375,178168.09375,167693.69153140744,168503.9845253304,166646.39313705848,167828.89955721542,164736.89866979994,169140.0657327663,169563.9082974169,172877.04046601022,168036.04415022914,168902.07411073524,166723.8160256674,169925.88858185886,166279.63140923824,162266.99487979573,167191.27409641517,172461.72528113675,168820.47903213906,169818.80454734978,168485.02753203703,163211.50704937134,166933.02901495274,175506.93494995876,165863.95310780912,167645.68834481435,173327.9870602803,168128.98949675323,174608.015625,155359.671875,161552.93333209967,154681.4981411524,168443.28581094652
509,161000.0,153163.984375,156427.578125,152932.640625,156670.328125,156831.03125,154352.328125,148383.234375,153733.3125,153265.796875,157668.21875,148545.65625,147297.578125,155676.59845197175,153955.78168501565,152450.66767367464,150751.39405463665,153337.96029092063,151468.05609091706,159375.6245340441,160499.43372610147,153940.73779763308,151343.85776008898,154414.6460302346,150191.93504770883,149052.46175811117,153444.29333349227,146765.59316547762,153296.88094091963,149679.32191710908,150391.80595714814,154025.37943879972,148251.30581796623,150099.25194950774,148645.8628694872,151393.6525203974,150141.23835221774,154658.4513433023,149172.15764820515,174864.625,173147.171875,149509.542494754,159655.17744126206,154400.85416372423
1442,149300.0,141166.484375,143064.453125,141863.546875,141990.234375,139764.609375,141425.609375,137910.015625,138343.515625,139712.71875,140711.4375,139252.703125,138326.09375,140191.53636050687,138730.28637783654,140640.89136314386,141011.35787511757,139618.08692149245,140922.88749609992,140408.30740937372,138812.97264680726,141008.38062783415,141258.7321773433,139538.24363761907,139301.90177790791,140417.41032614865,142029.2469400889,141366.42812314912,139534.90221572106,140352.81913421664,139647.51213776987,140036.902061097,140381.7586277919,140744.72113894045,141444.01645373064,139658.7911805692,140700.91025886982,140021.69768842612,145188.4931547619,142872.90625,137619.0,145976.77513841435,137382.94510684029,139245.22714935825
1391,235000.0,229781.109375,225674.578125,226113.84375,231018.828125,228852.75,222592.328125,232657.609375,227618.296875,220107.953125,221546.90625,225806.90625,223245.078125,230631.13155668712,233916.69960078254,227100.35898591936,231568.1732980201,231893.31653498308,227523.44815719992,231278.04609186528,230422.7834878831,228806.6788556676,223543.72417742142,229864.9379947787,230416.95149043802,228420.492921008,231678.46263801228,229049.4559421913,231080.05184699822,227613.90088825685,230573.26674825928,229491.64710359927,240556.44377814827,223505.5877953441,229030.7846864489,227578.02564670128,228073.44539478663,229195.78722796723,213324.2318842778,217446.828125,217002.59375,225322.85932351497,208483.79478343017,226235.13901474536
92,98600.0,118849.2265625,112722.7265625,115870.3046875,120514.25,118406.7578125,113157.65625,114620.3359375,115182.453125,122642.203125,115324.0859375,116917.703125,115396.421875,114691.0793631134,112528.94303990332,114920.80413526412,113467.4960860396,114858.60583976295,115632.55084099987,111509.15981595815,113375.86010939413,116748.94814172322,109599.07179487587,113378.15369071274,114024.62576117212,113718.9262576901,114841.23694635522,116663.3155013314,119008.52942133501,111243.07635194891,117116.92281076843,115417.61866042177,116940.48919269074,111311.03264794705,112512.17635552927,111358.10068738955,110377.20020895425,118092.34167327244,135395.01666154448,122651.640625,112510.9296875,117995.94555832149,105760.72517461871,115902.68093336641
1364,156932.0,156586.390625,158632.515625,162164.109375,156334.65625,163640.140625,162093.296875,169394.796875,165660.453125,164381.703125,169015.234375,172624.515625,171073.71875,160026.5500992378,154500.37813096726,158367.11971029808,158330.6882403109,161926.1629418151,158517.583349398,159102.9984435209,163734.5147274485,160512.60818565762,156627.25532328407,155810.30007831173,158031.7018312722,160281.74572872592,153968.51163160437,157937.34695013633,161393.61542276305,158724.77608209423,160010.1894244803,157444.4334937808,159124.28930053898,157090.50930465155,160691.80336501868,158687.1401021413,159781.85365747375,161316.24093798493,169429.98017068868,163543.828125,158505.484375,166871.42890778003,176989.27348561966,164598.7207902242
898,142953.0,149177.375,154175.625,151916.109375,148732.46875,153331.90625,149271.3125,145538.34375,140063.296875,140343.703125,127145.1875,132660.90625,138630.5,145607.54411513987,136539.2618893767,144748.91813608562,142051.71617099692,149179.9854982657,141603.0868700787,153568.00930382285,145789.14000856262,145618.79353667746,149069.75395358854,141859.09102603345,146430.3269704065,143007.8448436344,144210.47755957494,140207.38911477462,145855.75245487728,146483.4924178939,147948.5653113693,146496.2225122363,149253.0781318067,149244.72199621706,151690.32525868987,147801.69345885154,143947.44946709406,148913.44414830592,146304.93647967518,143465.28125,146303.03125,130935.61125863297,144606.62840477383,145285.95675234427
565,268000.0,266743.40625,263756.96875,258947.390625,259489.28125,266899.65625,258701.296875,258851.109375,262690.0625,264042.4375,255692.875,265844.75,277890.96875,265376.1146972964,276151.95193822985,271757.7261215341,270047.1208733181,273585.97240155085,261245.95207437917,267190.044772896,275198.46627958317,266488.4823820719,272400.72014264175,261718.672659563,275276.5365908374,264946.5403362506,262992.2200014345,261868.66361252122,265325.92243226274,264955.26784005616,273965.08354984346,270093.36147211754,261185.53464093636,266341.1011193121,275579.7945836191,277903.0914345015,265719.0593678614,271950.3816555219,260267.22554344466,271011.0625,282661.6875,253536.88060053412,258389.6725580428,263741.828986195
1370,232000.0,251426.46875,258943.6875,257195.546875,254425.390625,272989.125,258521.015625,273700.28125,254758.953125,262168.28125,268036.9375,260900.4375,252489.25,263603.17691541585,260636.1841152129,264386.4933152155,263306.1437414425,266575.56212844903,262816.46508786286,261257.73379845524,261048.00843749038,257994.43510360603,262681.95070680405,270213.55900364177,259961.62269353797,262650.6234763825,253229.23204892158,260346.32925777938,261677.7248482494,266180.3234628297,269774.2985404767,260588.44785740614,254577.86113201504,267625.7421313122,257915.1185810795,254385.33655976152,268781.0833696388,261193.0041844258,248661.66503938125,245287.40625,234619.9375,267543.9052575203,226381.9470735225,254857.7884747796
777,221500.0,225597.96875,222842.96875,225830.453125,228896.1875,228439.53125,228155.84375,229743.421875,226460.875,227942.09375,226054.234375,226261.0,229142.375,223353.84642730255,218324.52195765317,218732.32441549655,226145.8664038471,227464.2710650545,221704.41180975424,230132.0064004415,226997.00736306276,226922.489522758,220038.45954564592,226641.0164037731,226660.67728728108,226964.82905454148,224236.95056503976,223707.0995097438,219515.51704068118,224840.2983882885,228648.95441105225,229723.05646672042,227403.78437350335,219743.85093456623,224082.01013325094,222567.94258717407,221597.02479180103,225413.37874961522,232064.47545828857,232543.078125,228611.921875,224933.91492034154,224602.81398530974,220731.65526446817
242,110500.0,89177.015625,95061.859375,95637.0078125,88199.1875,86702.1015625,96171.609375,86343.578125,92661.625,92652.7578125,90272.09375,87591.515625,91788.9609375,93285.66405740485,90528.0272983079,91485.79566985006,93189.72587620035,88287.47916335952,90608.330874369,90043.80544059184,87513.37138312143,93645.25991596773,89988.16140951266,92511.06717929522,91169.69095161905,89341.63816804433,87091.87246300164,93230.0036967511,90068.8554239034,88413.248641081,90061.4911673006,93087.83754474182,87997.92237309509,91120.29165590586,89924.807564704,95268.7653485065,93297.04677724438,89528.34976690191,100012.30598639457,111672.0546875,105801.3828125,94693.72672286391,97859.67396670708,91876.36016210346
14,279500.0,212239.890625,212532.78125,210994.09375,213582.03125,206375.265625,210279.359375,213142.515625,199139.34375,204589.453125,206211.703125,204492.3125,199745.8125,208566.56169030353,208857.68381529948,207842.1828563361,210615.09536806805,202684.14068898108,207104.63757524916,208915.77816484927,200839.6584337912,208964.57019140484,210245.30589053416,208884.35973752954,209248.1215228359,207410.1587211135,206279.56463038077,213525.45446151737,200295.96430934666,204576.69742583428,204295.54921825443,208507.3227761435,213748.27642477522,212226.41423571194,207845.0413116076,207591.42000186336,211068.847499183,211115.2977348645,222636.60657722087,225651.515625,219919.75,213274.4285959338,219226.76224411733,204843.5638344883
316,188500.0,186631.5625,183441.5,181985.484375,182636.4375,184632.875,184074.84375,182441.109375,178711.6875,179722.09375,177952.28125,178125.9375,176717.359375,182167.62111765516,184472.88330412985,184402.4426754266,184268.10175877612,185239.1591805847,181521.05194964696,182303.74494349907,181429.22358664393,182129.07237548396,181507.62012674444,184969.8571430407,180404.47081878316,180719.2416153121,186759.03496276474,186050.45121624632,181756.38647507248,180490.7680164982,180817.63232733216,181550.17293550188,182888.3555017412,180629.5333209987,182367.58327179158,182437.04008000923,176718.69533778224,180487.49564740947,182685.9267725208,194674.859375,188157.953125,187030.2324592179,190546.49159754737,183415.16145141894
601,275000.0,252818.390625,248658.21875,249903.453125,244674.734375,247977.84375,249401.09375,252358.53125,248065.5,248390.953125,249895.015625,249004.703125,239497.515625,247307.32408811152,253569.19393461556,252266.1758647902,252173.64204566818,251560.39254373487,252073.17138799131,253508.80006804195,246175.29186721327,248422.58309553965,250695.66961961932,254582.5439110608,250683.35679517468,248117.43824391405,250174.057795644,253077.42447654234,247979.2497208354,246627.18152622902,251352.9496298748,251297.70332356324,250662.38204331417,252850.8200911495,247333.47249938422,249582.3229010469,255431.45017620956,243774.74473454012,262062.5006145974,283440.75,283765.03125,254628.07192774402,267451.5890369974,252394.02983536856
388,125000.0,129342.5625,131947.359375,131880.8125,130353.7890625,133162.203125,132417.4375,131760.5,142149.015625,135351.671875,138963.65625,140123.390625,143174.109375,133454.51463964657,134103.3250277017,131973.52187371635,128202.84186692578,132917.31389985283,134456.3912050957,133544.93368197733,133301.532943826,134360.9391910953,139052.81636423082,130481.631369207,129106.4131639928,131027.56871026328,133435.07973136875,138549.85786670365,139959.05619729043,138047.51329935022,131291.2702586497,140702.16940373325,129703.96303515093,143575.42551340305,138917.70872729894,142408.6986040926,137396.5392471886,139074.56488288415,140274.74644633144,143124.046875,133296.375,136218.13880790077,142670.97023997322,140343.6439626001
1298,140000.0,143397.75,143238.375,145189.265625,142666.75,152260.734375,148645.6875,150161.6875,142526.453125,146082.296875,140629.390625,144236.953125,142174.0625,148331.77703008114,146036.20689557513,147797.5585281178,145853.36799793335,146697.6359176733,146673.79213881315,147066.0558600862,147719.07353871982,148323.142039764,146263.9887848346,149656.2531428125,146252.79884854314,144165.44604143442,145380.1678237912,143541.20513925876,145515.2539939929,144390.04903533586,147066.1831629263,145269.14205407086,142804.66738693108,150187.8142511662,148954.85790319822,147237.4183699369,149158.54674805969,145389.80855298342,150468.73516483518,161501.875,154169.3125,152708.2647619399,152260.8193216609,147166.75287215874
167,190000.0,171220.859375,160559.078125,172870.3125,166133.59375,174458.265625,168946.296875,166426.171875,189516.265625,174977.828125,194524.1875,186850.25,192439.46875,170326.99150566568,167005.3986987639,173622.5924975221,169580.97257373595,176091.03461364796,178531.2635666119,175827.28584357933,164567.4525003458,173422.68831870676,171011.22842756734,176190.48969571205,161027.2316887698,173890.45674448716,181020.64409062892,176274.4612112267,170663.2766455831,175211.84176673403,173101.61367710758,172973.0936669847,172996.27785995987,169122.62398246684,173633.08840913686,171509.21460417283,173267.58299266442,174148.4672984445,193349.42714285714,200125.9375,187280.921875,204354.3129935179,187644.06984529932,174772.63140859216
841,140000.0,132297.515625,124188.59375,129230.1171875,134744.859375,132202.171875,131750.828125,133558.375,135942.265625,131776.359375,132222.1875,136497.609375,140785.453125,137473.61794653992,133995.26614549936,139475.76273318255,134712.22989346593,145834.04202669408,138521.00484554732,132793.9524915143,144627.35639637877,134132.5479237641,144696.3023104871,141991.51235437323,134555.15676302148,134680.5409386513,131296.49617554186,138996.8199084554,145393.2091278673,144115.3846513018,139778.34804301325,136738.50393411377,136791.1436735911,136684.00801276308,143842.83651331454,140800.83359121133,140399.85591839385,137968.9190409596,125489.91452480058,154376.234375,146659.671875,131588.11380136068,151739.83211031873,146259.39030309586
21,325300.0,337033.1875,340648.8125,339973.09375,339795.46875,344729.375,342835.0,327485.3125,338373.71875,332284.59375,342648.75,331635.0,327378.0,345335.63964554813,325366.15932987636,345167.2199245249,349206.2688483255,339213.1056929299,346139.71454624314,332718.56163714133,343226.37362119695,340483.1547997171,340745.14922373724,346134.3080713487,343069.00610036013,343358.03839206445,342371.2694526641,339216.3829865618,341126.0527928197,345482.1013385624,348780.02227418043,340692.22634083236,329461.2905760856,344593.9255593712,348933.85758092924,352490.01315334265,342430.70741637534,339743.3116470502,333764.0685714286,331211.9375,337951.75,343216.71499536524,325084.00428541517,337932.94322373037
647,98300.0,101300.0625,103405.8828125,103408.640625,101006.515625,97709.2109375,104572.0390625,104615.53125,95874.2578125,97285.2890625,95445.765625,96189.703125,98670.6875,101682.88864619295,100765.13135333321,103141.85281169228,103982.98188166435,101837.4904150282,101104.04157218467,99361.63919218343,102849.37441421786,104926.25679240572,105076.316898649,104166.81869247601,102578.1925438714,106062.93100763691,102086.90408449326,103012.50588310756,103130.81793577103,102694.26332664762,101588.83123859859,104299.4795681258,103714.17296600532,106084.33744403692,103674.8301508192,103755.25366682076,106502.54060048038,102356.45983831807,112640.88608734636,107897.953125,100117.1015625,97146.1977887455,105458.98065530357,103663.01409563547
1155,201800.0,216414.40625,219667.171875,216597.96875,209599.4375,218541.3125,207141.515625,215510.875,215420.765625,216337.125,218231.40625,211014.84375,208462.265625,216570.30790450508,219005.21053393223,215287.82339196833,211503.58327425364,201608.37339181954,215733.9922450848,214459.37079793625,212167.78476234578,208710.7721343527,214150.82101152223,204933.59297499678,214106.35203464905,205187.38999503176,210399.9142236526,216193.03050614303,206877.4261425178,209740.58936568003,197830.53998164018,209561.5148973666,209508.81542720422,205953.8128844192,198922.30454737222,203179.6044804069,210367.6380316495,208518.2795752906,193696.96138133033,229860.46875,233112.6875,198797.7079889011,205611.57618637156,206647.03674013444
832,151000.0,152122.265625,149085.078125,149139.96875,151462.15625,151072.953125,150362.171875,148545.203125,151096.609375,152978.796875,150207.703125,151880.4375,150159.953125,150830.18044617696,150696.3071689663,151475.60346620096,153658.11025170973,152264.89028311416,151462.69518052755,151244.5318456924,147830.36484492634,151716.87120884194,153253.53243135032,151881.70701919013,149593.87922078307,151679.84619580972,149216.4814251304,150074.17448666962,148080.82328619383,151447.13608066758,151776.84984064227,149764.9488193934,150204.09193021635,152628.62668483015,150721.39146752952,152026.71923620868,153483.76397389662,148746.04582681647,149778.03897312118,126911.5546875,143097.34375,155038.24846623227,156397.42270086065,150127.49466458714
1268,378500.0,372390.71875,373749.8125,390207.84375,374463.03125,381054.53125,367852.5625,385363.96875,371182.25,375413.125,383500.71875,391551.65625,375928.3125,372895.41407135903,387033.17195415427,360857.01954059483,371190.0948192115,358686.0087776726,360592.7700609699,376546.837563282,370343.540449669,372094.36372778483,350629.14397138706,355700.8031681149,369328.83529128897,358542.47992315365,370053.011144997,346092.27976982336,366666.806910043,350545.07593843504,368517.86029263464,368737.7169346623,376758.3082489731,355211.8781479708,366367.0822731434,365123.2972145752,375479.3851224755,360880.8741516867,354241.64857142855,340059.4375,331723.46875,389044.69497650745,355519.8184624348,365118.4898472002
563,108000.0,115629.765625,119859.765625,113649.6328125,115083.21875,113295.4375,113537.5078125,119828.796875,113031.734375,117632.84375,119327.140625,121464.65625,110165.40625,112742.65430427426,112458.08071838367,108402.05531068677,110933.82239862108,116826.15256390415,112368.60285366456,110210.59118483205,106562.18439454242,111823.17838597891,110720.98250791742,111669.06702805475,110033.68897728615,113916.36861183119,114292.34531825584,114387.03857727014,105005.11690683164,111202.9528053113,113691.07909485324,112305.19467714576,112985.81208507916,111745.9550435601,107199.81147465487,113689.65197082315,109150.44476262851,108593.11977838694,114672.65727868542,126349.109375,116821.0859375,118957.98120284354,119787.61822357384,108427.64480166206
1423,136500.0,138739.109375,138553.078125,139323.3125,139912.765625,137480.34375,138547.125,140752.96875,138955.953125,137646.4375,136052.015625,138208.28125,134741.921875,137266.43794592615,137885.80201608644,137318.8119788887,137088.26263451745,136552.186270889,137433.34699172064,135782.97150750086,134522.26551305142,137561.0392004468,136699.07574892283,137122.59973975466,134092.75788508172,136323.2875744307,137270.59896272141,137807.0371287517,136735.149468711,137946.71778396005,135698.77242678383,137859.03714606963,137440.69857800048,137428.06671097907,137846.80231972932,137156.6945128147,137591.8084453584,136906.34818240706,138282.06721915794,134810.671875,132076.40625,142172.50567712376,143621.78400073084,138265.95778445978
687,227875.0,224593.96875,224038.40625,223970.6875,221681.609375,221735.9375,224820.046875,215182.0625,215858.96875,225448.15625,231135.578125,225768.296875,228695.21875,226489.2854475193,227870.38895060855,226210.09945362268,224514.60690588897,228754.70025116077,219990.14255085538,230402.8934740402,231088.44491787557,226855.29454936986,227073.8276240749,224669.60255274535,225026.33228571594,222824.04238363518,225013.50376491115,217200.44900164433,230791.589749775,221224.8315202993,225334.72485329802,224537.32815960573,226055.0654487494,228482.71057942318,228427.35355161317,222621.9086362882,230541.3028980876,226529.87718728377,211745.2462554311,228410.90625,228489.4375,215920.78151315416,226681.56856762397,229709.98422945428
958,132000.0,126081.515625,131132.328125,128273.109375,125540.390625,126656.25,126403.453125,131019.703125,125587.2265625,125435.5078125,126201.2265625,126589.0859375,128789.375,127082.31001625913,124551.1279734883,126229.77253284342,127635.79483073382,128674.70168999564,127501.67933269833,126515.96612551068,127203.43688906169,126555.68187918788,126323.06442006763,128749.90453157105,126520.91286021937,125392.2161021996,125325.9211235984,125055.90445851223,125452.2798784583,125889.20143550124,128937.46784673136,125066.94764537609,122463.9075604064,127176.87671707637,122979.75927862598,128110.65077881551,125176.9028464631,124928.5124990101,129457.40079069778,137318.5,129465.6015625,123305.73415986939,125085.94351294788,125332.0777417405
190,286000.0,270651.40625,267942.21875,268019.65625,273701.84375,277319.3125,262869.75,269204.96875,265557.15625,271240.03125,274935.3125,270555.59375,261604.09375,273310.6636414604,262352.44901791017,276784.1660527375,271579.8615523696,263131.14627489937,272079.6935744453,269674.02552035934,273737.3045234539,269224.5290318005,266377.9671183198,273591.69020241086,270396.32789789134,269970.410477457,268148.5887748652,271401.6159369271,267581.91412891826,269707.4562146656,273650.47432327946,265763.7284193456,270354.39007901197,270598.1292853742,256772.0855690459,274695.291530095,261551.5626232789,265299.15798901545,273925.9471428571,290534.0,273819.84375,266842.3155730085,270899.65019856783,267984.41497990064
976,165000.0,163651.6875,167236.015625,165385.25,167005.546875,167296.625,164926.4375,166945.828125,161339.40625,165940.828125,162946.671875,162692.734375,155624.0,163039.9492191735,158307.91753263283,161928.0440292196,159719.33956818617,159022.9456386067,158204.72656548017,160688.63696932318,161286.60907404608,162837.29989862582,159816.70435476347,159208.10822185295,154897.7411486585,158872.5466472704,164335.64758864607,159021.93045230416,155596.8945302788,157261.37150588387,161092.39750072645,159848.49693823615,158074.84585839615,156811.51018011587,153314.30803647966,154879.75597016048,151973.9709970894,159784.92675231778,168487.09030612244,174039.453125,172751.484375,168511.20537349203,163164.75509405218,157185.67779107776
700,196000.0,190010.609375,187658.34375,185158.34375,190995.3125,189603.875,189415.375,190270.09375,188919.59375,190010.15625,191071.6875,194446.46875,187516.171875,184687.60547453602,193074.406967349,183221.0062271413,182716.23982038646,187283.89831152855,185034.62418547613,189283.48579390347,183979.20585876825,183327.09267354122,181488.05574947016,185966.69192952453,184311.32403379676,185989.76043256407,187465.76143283452,186811.1791178323,182618.96784684138,185665.9384772465,187061.2057122514,179518.7401725622,188404.37273276094,186613.3540393535,182573.1976517812,182673.16474264232,182232.28000702756,179904.87249987182,202174.52746866108,201182.96875,203766.1875,190291.86740629756,205130.52572994563,187327.00772572454
511,164900.0,162000.265625,162644.40625,158917.796875,160559.390625,162042.90625,164095.6875,168057.15625,168278.265625,160910.296875,163022.703125,170360.0,162651.515625,160604.6240163739,157873.16730594137,159858.35664003753,157020.23911796915,162671.1370678983,157241.06960296133,168003.5895780511,157254.49002201747,156105.3126136411,155589.9451788826,157617.0747989796,159959.1425277273,155136.73074176666,165714.13008160554,149542.24160201926,162179.9217025753,161135.64616907868,163043.72680573177,155700.78198620016,158404.0165853599,156282.34593292975,160732.0560317465,157656.47927214063,160438.59435023883,154750.06140332285,156787.6253764954,170926.515625,153979.90625,152935.67783831139,141041.44740949408,157635.0881822152
1083,192000.0,193808.15625,200280.375,197827.375,194253.546875,195049.921875,194925.515625,195639.1875,193749.09375,193279.125,189980.84375,191170.9375,189813.625,193799.15520891023,197666.56324604157,194469.0300096206,193624.29924893435,192308.72547223934,192641.54015939066,192115.6425292058,192780.1845086872,194665.1164497152,194912.0362672609,190547.73063855816,192980.4672109214,192834.09042784257,190421.97453696013,195903.81814636153,191749.32472349337,191713.98282234187,192170.48343506493,193221.76324454357,197674.82366177454,190557.97068074442,192792.39998521475,196737.3431491792,192861.0924123266,189124.6782431897,195959.58323038148,190475.84375,194676.578125,193012.81694212696,190876.8717536361,191639.15320327386
475,251000.0,261442.953125,256903.828125,266213.53125,266031.5625,280597.90625,269828.53125,267656.1875,276195.71875,293145.3125,271767.25,286467.625,284149.34375,264606.31562244316,269184.9712442845,260765.0526198899,262584.7866040171,263198.1004925421,268743.2512527465,272755.8781211206,266459.8621196701,259729.88671544206,269294.1198888485,260888.40308533382,262188.95079460606,268532.50217090145,264238.2132574887,258916.0940695388,267408.36999867205,256699.72909083427,267620.8723986324,267826.3555454495,262797.7325194039,258576.5528076198,259513.664695033,266654.2120997418,271628.7570753663,262900.2003636582,250414.23709932299,258070.671875,247225.296875,250601.00287073964,250099.82106437243,263792.4873880475
857,147000.0,140162.25,143336.078125,146127.0625,141917.671875,139757.546875,147315.015625,147020.703125,149686.0,144923.53125,144833.65625,150012.984375,150962.09375,145330.47826689042,140675.17354322082,143829.79788602507,140864.67593268622,149866.9022645049,144541.2839978034,145693.5338562254,149896.00096007515,145538.0644980891,146185.11707152365,146536.66287316187,144981.42499251082,145100.5027451725,141388.5155912187,143563.6980726125,144337.00734406695,148745.72522437523,149925.83505166316,145602.1908950579,140762.4339993372,140093.09695116535,148348.36171029083,151796.38488202705,145179.20880171526,145342.0743501034,140145.64166453143,151371.53125,147332.859375,138544.6595203238,146388.11926863005,144704.3215111061
748,265979.0,238301.953125,243253.640625,258781.5,230504.515625,245079.21875,265403.375,232227.109375,241672.390625,249871.203125,246447.65625,225007.328125,225948.640625,242590.1721751009,242120.80231140484,243703.95201875514,240401.2890512976,242457.72543861618,244850.60079316498,251556.575809134,249450.99950141116,248579.50949620348,247974.04311669595,234901.35370675474,247662.34852451613,241021.82173651588,229385.04749741487,246175.13166857354,263148.82441140973,247425.74939766267,247166.19860584126,248344.91492200427,245469.68136281287,237291.69391371054,250249.62590947284,252442.04834233937,241938.71569350947,244650.66378604082,257784.21142857143,234957.203125,207102.59375,234288.18328751242,215358.634412968,251991.84257025018
253,173000.0,178791.09375,178374.671875,180129.109375,178791.421875,176502.109375,176576.859375,174962.625,173037.734375,181596.296875,179061.9375,177308.25,178669.203125,175270.08803590285,175040.00043725956,176950.8465132606,174870.95441858063,173267.3251857097,176215.8771906689,174086.1168493625,174419.45584403066,176802.50659199723,176120.46666848037,172167.28635285096,174150.82520848577,174612.41162961675,175086.74483786384,173068.2923722124,173860.46923670883,176262.92912517255,173883.74938068422,175594.8619474509,175126.8092397009,176021.40831068758,175677.09816657493,173391.38766117353,172571.09519903542,172138.3767981844,186087.2078535577,178423.3125,176637.828125,174307.24492033894,178210.58649132168,174700.8791486174
22,139400.0,135478.9375,134583.046875,131652.359375,137838.21875,138321.375,130532.671875,131021.703125,137315.828125,137002.171875,134169.59375,144476.203125,138080.96875,137188.2989160244,139103.55515581102,136151.0560940028,137680.97538664792,136616.04877488184,136463.38089520996,138549.0657854087,140873.12084645007,137447.04164592377,135044.32007763025,136721.66953884397,142224.0719181059,138513.9863004616,135433.31900821233,137849.524766635,136123.7324250053,134037.51302899455,136086.5534427756,136162.23467265817,140764.31197635058,130483.23569948641,136941.83660232878,140965.60542775725,137112.76030558345,138850.86528757375,134320.96011656345,120922.59375,132727.453125,142951.00166954,140052.98476505003,137076.63925611446
1338,52500.0,53927.65234375,56321.50390625,57018.90234375,55630.40625,56927.56640625,56455.515625,56357.44921875,61427.921875,59723.99609375,55706.1640625,48553.9921875,55201.08203125,55201.344340743024,52536.51203734039,54593.13821857579,55090.78972344731,53528.23749217987,53088.01109886832,55565.12607701377,54556.33166772828,52501.64731645202,54921.112936975296,54892.09377592968,56154.76396044091,54690.22903481186,55731.35303583352,54468.23690306752,54015.969532197574,53806.173736377634,55309.82633806303,51931.79451384427,54235.791449625154,48573.66190699981,56253.64535365983,53208.406075907835,53530.98737982516,51691.64530315183,76332.84428571428,32464.40625,61598.0859375,63509.909673444665,66680.53090194485,56732.79213388428
460,110000.0,117743.3984375,114795.2578125,114880.46875,116125.0703125,108158.1640625,117197.03125,114111.859375,110002.3359375,113269.0546875,112703.2421875,115350.234375,109868.09375,114899.62982865945,117491.34096440369,113790.52912369094,115930.36711553106,115751.43922049344,117305.00367795398,118386.57823675364,118266.38820815456,115586.71949782576,114407.55995475176,117557.5523908127,118082.04307548457,116433.68844750931,117364.44350954042,123551.21874084472,117969.78463179032,116070.74530728869,115025.52396920652,114040.06294087826,112190.8813142264,125597.4652818763,111934.04721949821,115700.0708260328,117417.12424334654,118184.25046608334,129293.94899510386,99600.515625,114844.5390625,120651.64083182547,108029.82649720945,115952.86656236736
1185,186700.0,193710.953125,188921.59375,185135.21875,195165.484375,183933.40625,192685.25,185311.859375,195751.78125,204868.03125,196948.453125,188669.15625,185424.03125,191177.51443916597,183882.44344259676,191296.2003959597,195612.97058723783,188973.63910009063,195638.82949760242,194475.5453792131,194518.641327988,198686.19138101116,208982.06757036166,202777.55669380678,193396.38788930431,189348.7961806616,189340.1974010156,200120.28241464798,192445.11975071047,200788.08831429522,189245.91881564356,199470.55490371713,200779.2118040918,210450.6653415661,201578.63815523768,200880.9910776943,208676.00027924922,188598.58802855058,178623.96781435618,235195.484375,222575.34375,211750.13937219698,210847.25711616216,197222.04854490698
277,201000.0,208437.703125,201793.453125,205835.515625,205107.15625,204315.703125,200712.3125,199677.515625,192880.640625,200943.984375,190466.734375,201516.390625,181273.671875,205056.65330572694,202733.10611695703,202289.69518401974,205438.88359705693,203871.30578437043,204423.1576833968,204842.0457554808,204226.8068317641,207356.64200025998,203756.81698373164,205232.48730285585,206299.58276613257,200717.85489556153,207377.85100329434,205556.0011258667,200582.53010912758,205415.49271757097,202926.18279369778,205360.4322993876,209330.24209133213,204325.94880703857,214336.49029561345,205827.07714121923,205166.3267112907,196787.77141173315,228604.1634956455,205668.84375,195349.828125,209877.04102541774,212613.08186724706,203389.27675326096
956,145000.0,164450.703125,162824.890625,158866.265625,161153.984375,162704.59375,164579.5,157300.625,176825.6875,171117.796875,173874.015625,166313.75,170990.46875,166256.22049603084,160651.72586607578,166466.59083290736,164804.59447546134,166395.93149888722,168543.23178260977,168932.9179122338,173340.44423362584,171350.66533564645,168154.33558954118,161722.90069032673,167145.38143314453,169991.1651076148,166819.95752831793,163615.85778175588,171599.7890135877,169582.5066685685,165799.1806151092,164516.3790203065,167261.5367236822,174806.1289801484,173676.22361605498,172149.59048187957,171871.8697936251,165662.5616646455,161213.41370844693,164333.484375,162929.75,156431.8502006239,158770.88074607973,168752.38876448257
1216,125000.0,109589.765625,110804.6328125,109273.4453125,109322.328125,108551.1484375,108540.796875,107909.4453125,104230.2109375,107884.453125,102807.2109375,103529.015625,105714.0625,107276.97246961795,108994.68458224252,110431.16896486831,108233.18218160937,106945.97424203152,108124.89832646845,104259.66359225368,110207.28484804142,110601.40449312016,107629.19899561974,108780.8691316275,109755.8955139289,110348.29508542275,109424.79460612305,110940.87733447492,105246.94354162664,108660.68749421107,108642.83801388567,107286.26828078368,110750.84386695443,110053.43620293187,108108.54535113144,107902.72074332566,109560.84711073678,109040.14600210817,117099.58991427849,98856.5859375,105230.71875,115159.86943453558,110416.29063334808,106647.35522514494
386,192000.0,194226.328125,188233.703125,186249.640625,187811.953125,182914.453125,182494.1875,183047.25,179166.34375,177455.9375,175440.578125,175748.796875,178701.484375,182102.1515441851,182358.0614910282,187020.3446776901,184607.35801892256,184090.47869385008,186593.3408388186,182107.08847907433,177611.18839319958,184331.33108190866,179666.47285978842,183041.11070799388,180150.84757188725,185144.8310805422,189662.13449386,192733.3289295926,181275.2318907316,182196.68215861087,183420.7755540401,178120.2632341739,190994.2615919826,177609.18720620914,169996.49108294465,175206.50643880674,173229.20274108578,177960.1932076569,192882.55935111293,190552.859375,187942.75,196213.37916268368,183374.98842906367,181581.9411333086
806,227680.0,203405.4375,212530.34375,208737.078125,208941.234375,202305.25,206822.921875,201395.109375,206683.578125,210394.328125,219023.15625,215394.3125,210707.28125,204041.69898542273,203279.88550992208,205519.24610854327,202293.7256039053,203072.79601204518,213285.9750046,196660.80436328638,198494.83126352428,206510.91726740805,209238.9534426778,203340.30088980382,203815.09325726592,205427.78233305263,207188.08409699437,209114.2683307202,205010.10881333624,203560.6529853984,204044.37827977166,204870.983501092,202116.3046114139,209445.79242594598,201216.56578902117,199616.18727222297,204789.01099015365,201327.82080223778,215660.11307618968,225327.5625,214177.84375,207712.46262924332,217459.80136514895,207589.71457770388
1438,394617.0,371684.65625,390678.125,370179.09375,361614.5625,384855.28125,363874.25,371210.6875,386296.75,374120.5625,371813.5625,379748.8125,375871.8125,370881.211115799,403880.52151193627,340038.1357582628,349622.31262013374,383215.7104834183,369541.5706899247,371575.66518939566,379331.08820251026,363919.97333672555,349764.4759084867,358655.2209238689,369218.01118362497,361658.2682061894,367863.35334868985,365052.8224954969,347860.1487048214,348250.9070118984,374113.7676845241,358981.8258510843,371033.5221557672,346514.0220603799,350174.0400783621,356889.36948531,342050.5084279322,359320.6451595193,371566.23142857145,354357.9375,345460.0,390148.20078899374,417080.1051305528,362422.2781956905
344,266000.0,262970.3125,247768.640625,257343.734375,255198.40625,258680.078125,255986.453125,256021.125,262357.78125,262062.796875,262380.53125,275320.84375,266088.3125,274136.71491395857,260701.95705586096,260007.2706440842,263862.1062373408,265248.730435147,265209.16635306715,276453.6379216849,276551.13134869136,259005.45886496457,266002.13897923817,270214.12831811997,273320.1343180408,249189.37084594514,257512.27333637586,259413.3242263077,270607.9298644415,278393.96734183555,276101.7354157371,263426.943944379,248859.07848414133,276760.9315049765,276784.5396656411,280965.84057767695,279562.7863415148,272268.85725975037,298661.3057142857,314817.6875,310210.625,262348.14061493374,305935.51752130245,278103.08332677325
770,538000.0,430263.5625,413604.4375,423785.65625,417002.25,436122.84375,412858.8125,416457.78125,413505.75,400640.09375,401616.5,405986.125,406020.53125,468382.4107517499,463549.8260008375,454534.07226223673,470974.0178533596,448821.7878633914,466835.52921455115,489380.1527831672,451799.0983108525,440540.2889444558,438502.1079423422,453559.79763560963,446651.5369322197,451271.5568571991,433101.09908008546,437423.6281021504,451743.6793577327,457012.2212753933,468828.1357860017,413104.7117273766,442344.8300244135,437035.46936122753,443123.999832501,430902.62562209583,469388.57564892754,469243.4211440372,366016.6785714286,429894.6875,501501.71875,392197.0703425806,383969.6401641105,437731.0907163286
1333,100000.0,109695.6875,100273.4296875,105303.3984375,109600.21875,108497.640625,106402.84375,108022.8125,115901.546875,114843.359375,114054.53125,119845.96875,117429.7265625,114205.65879945879,114737.67100395555,111666.70676629065,117884.96249906125,120505.98901364043,116037.02252453126,117298.01745270313,118028.0814826897,112032.78423765635,111403.18972855563,116800.64569997786,118119.76853122737,117398.96325780144,108229.68743162528,116405.26427386138,117897.29419304495,115184.4708700311,111883.69404262569,112877.44383527437,113004.8365634758,113195.05054007236,111738.67384001716,110337.73226981433,114676.5446832574,112679.4441491954,120630.8712329932,100669.53125,101425.734375,121919.41104132924,108474.31537290053,115889.61070496598
131,226000.0,212799.671875,221090.640625,209485.921875,210323.28125,209896.484375,212027.265625,209415.8125,211729.9375,207528.171875,203958.59375,201033.3125,202558.484375,209717.3347956744,209632.87869414262,209749.42591217515,212569.38168723165,217699.76918757163,213123.31660284786,210172.50243864534,210514.13465124267,213411.40174389965,212332.3376256871,211015.42568372993,211860.912105931,211531.8371496481,209849.26086319675,215575.70169878466,203402.79689534215,208099.4741491044,210897.60535716123,209094.09402842374,217205.52460882845,207462.46105238373,203941.47749827983,208020.81164274245,213158.343001833,204175.2654878167,211839.57917748918,219786.90625,217001.5625,217812.6877787481,207079.9269255423,204806.40076544025
872,200500.0,185761.46875,180026.0625,183036.78125,184871.265625,189218.03125,183672.40625,186320.53125,183765.328125,187540.59375,183046.90625,185862.046875,192888.234375,184927.53199845756,185198.09696793105,185911.25610939134,185656.7750731652,188628.9227244011,187054.96707844525,189655.94131914523,185661.0711242557,185791.95813320274,187661.43882523716,187143.48526751949,186844.1281719947,188617.65819639227,184755.81962726975,183221.5541444567,185253.36464362583,185545.60454034104,185164.8052929538,184572.75048438922,186589.99580266062,186152.78224254647,187825.29798835455,187569.29330554765,184255.66333073264,188541.34917007756,193159.29924995644,181701.890625,181745.953125,181649.77540772248,186565.84688735404,185422.46788151187
1124,118000.0,99251.421875,98837.890625,100854.3359375,100753.8671875,96124.4765625,101834.4609375,98714.9609375,100356.8359375,102968.6484375,101574.2109375,104445.109375,99254.78125,101043.27598625494,97789.6141389776,97131.85538442244,100397.68949779567,91620.69761845758,94345.21423525597,98329.76231979848,94895.54201468869,99096.54606608543,101314.51293287578,97742.49748987236,100614.2588648725,94637.08453132388,104494.88560084006,101927.80202349923,104196.68782223825,100499.57470571337,91160.13961462032,99984.39911967929,100929.65124026054,91626.16627707836,102262.50239842935,93735.14435196236,94775.65198380333,100289.75225695841,99508.54478458049,106298.6171875,101382.5078125,97529.89006451727,97227.55450909416,102253.66724106268
1397,160000.0,150359.15625,146802.265625,142875.46875,144233.421875,152712.125,141833.25,154871.9375,163107.78125,153300.578125,152394.1875,150975.6875,161411.828125,148334.46328925624,149738.23869249664,144426.7036795504,148343.60936500266,146281.56213066867,148692.59150006235,147739.15283170858,143058.47788322644,146094.3858336485,149647.5482927501,138043.3446169579,146434.36299203173,150148.28306809274,154315.39097399559,150679.58294763434,141223.882998346,143489.9680594971,148956.65300546182,143979.95647786473,149884.09588810033,138774.2378107605,150936.54503890703,141467.08309730052,141624.8861634933,141803.74867247918,163521.16966350176,186436.703125,160447.34375,175603.22404208092,165689.7043097223,146778.7175716946
88,164500.0,163482.59375,161705.75,161938.484375,160063.421875,161070.859375,158564.90625,160616.203125,174166.515625,175803.4375,176259.03125,178681.34375,169170.46875,165754.36534433358,175268.6316337702,162675.2907895697,170420.5119650292,160143.12570332698,171572.51153920355,164710.95068021415,168899.78517650114,166459.34800441336,164832.5903455954,167791.22573084637,168572.23861194757,169756.48494474168,165197.62994393846,164734.4194489761,166127.11998329507,163620.3964728745,166732.38270719443,163200.32555519766,167991.37466629638,160446.60466381686,161201.25261233113,165099.87816811126,158545.0117608326,165088.86749680675,158550.63523809522,161680.640625,164593.953125,183541.29689072006,163375.7290675884,165499.73929156695
331,119000.0,139217.0625,136874.640625,134261.015625,138400.140625,136970.875,138993.65625,144608.1875,139960.40625,132912.890625,134339.875,150607.34375,145680.9375,141688.08965456707,140329.57024497836,142579.14261808054,142672.16499591153,142691.4515074392,141090.29749715826,146129.9743755032,137943.78480504098,143239.0929227682,136223.23200224605,138301.66305454134,139269.3719431503,144961.7448170119,138007.78576268905,141308.1676794876,143970.85908776696,138673.36902001066,143305.50992013825,142219.6768739508,143720.1695979221,142939.18117120693,141621.4225888146,142317.64628135663,142807.39446048194,143330.47538060223,154880.42999757495,117030.0625,136574.859375,144464.80736086977,141492.04816163436,143420.1134425233
1239,142500.0,141025.0625,138850.4375,140675.8125,140472.03125,137920.9375,139900.234375,146762.09375,126752.875,133552.1875,132296.265625,133419.46875,125389.921875,136879.25135935578,142445.49600728156,137971.0075463552,140963.5753104925,132732.7172354318,137753.8001601263,137627.14951531423,134578.54843668008,139126.1179877363,138024.30387822434,136364.32730818278,138759.35657718696,141902.36712019017,138211.53407635176,142974.30987099395,136228.74845036535,134207.09046181545,134213.15589761725,135656.59037693476,143545.9906981306,135232.76328007865,132401.7043488393,131097.96295346264,134480.54724627337,133899.72372792248,151849.5635862573,155804.8125,148581.625,141030.05570075582,142722.09212067095,137554.79060462108
467,167000.0,155382.921875,158272.265625,153680.484375,153058.703125,144842.546875,150905.046875,151529.921875,156068.78125,156810.703125,153947.625,158487.46875,151198.125,151259.87019539654,151828.25308826522,151776.95386603585,155750.4049682327,154370.0969410899,150554.17928145124,153563.25929569386,153572.33992969152,154180.33221251622,156756.51670956335,149250.03459477646,156864.8872150182,159316.00123987754,159188.6441750911,156695.47451516223,144547.27405646257,154592.40132101197,155561.71552892902,153550.6671989473,162632.96726089474,158086.05711670252,152262.56971249034,151662.35828606243,156856.08664799834,150319.57322844418,166661.79275771847,190374.328125,169819.890625,165797.56949434464,151402.07293115743,146818.9281132009
122,100000.0,105277.6953125,102546.578125,106973.84375,105709.296875,106270.6015625,107962.1484375,106907.9609375,106409.984375,101794.2109375,105901.7734375,104508.1640625,109320.6796875,107971.55655721463,107025.98093969685,105692.56182596395,103748.91517765287,108933.8837567344,107658.99981146437,108840.75738617232,108781.93940002455,105946.34452914719,103192.57323332631,109651.00561613962,108804.57061350976,106965.47373239957,105642.64903825446,106202.6320453322,110157.5447078323,107228.95037368989,106695.15784396914,106525.29646641974,105941.3811013757,109694.92754778852,110595.25849602181,104460.01151318527,106325.95541632327,109777.6545645875,110565.6823674738,76960.875,93522.109375,98311.43990800099,95404.65890163553,106787.38667149429
1045,278000.0,289619.40625,294474.15625,295497.875,286748.5,289214.5,294925.5,275649.1875,273395.71875,278885.46875,278151.3125,263054.90625,281894.0,276242.0318486093,285849.130082754,288241.42002900026,276747.401817518,260190.96751065293,277302.79383184144,278069.0752044327,269268.6079038235,282492.2068258677,283544.1391642418,278040.44549391844,268842.257847107,273522.373230839,281535.75067791785,277330.13271451264,290904.1004226948,277144.3547005263,274861.9904250189,294715.4296703313,261233.11000030933,293111.67178621644,287138.92362799426,284235.57796508225,288741.70066062105,271763.6547439666,326393.90714285715,275983.78125,277661.21875,325672.0532458459,366422.8569785437,306799.3488586359
1096,176432.0,172434.796875,175778.28125,176720.5625,175148.265625,176353.703125,177619.109375,176465.25,176036.078125,180300.40625,184145.296875,185301.578125,176068.734375,173284.83732139884,175300.08633479543,171941.1757734348,170692.55390908176,169751.9592889626,172053.74659238657,172935.12460457903,173890.44582479628,175882.79279568614,169857.38817758858,171344.63991418775,171937.06174279793,171261.38277356015,175259.50782167533,173300.27420610035,168114.17896538557,171800.98273581578,167156.58101772564,173740.4418255571,174970.5850337319,174024.08704640027,169208.8474990677,169784.51583440814,168588.33751798377,169069.19283135087,185459.5971096932,181989.65625,179125.078125,174005.03660471374,178390.93653410953,170328.90701208072
1131,135000.0,139078.90625,139252.515625,139758.203125,142167.46875,136767.5,141671.296875,148198.953125,157375.421875,149066.078125,153242.1875,153616.328125,147207.96875,138920.9984518964,144477.80539933115,149471.1833658575,143803.7919334206,141421.92032518823,142327.02906312834,137850.58957819792,138767.64609576573,140994.83559027163,150302.52491469856,147021.0373717783,141341.71217849464,143845.424848677,141383.74008293072,142723.3928724959,146426.98925031885,148052.33307996602,148776.01934544885,146312.14095722637,140083.0805971641,152602.35896214857,149869.42184040407,148255.64991748618,147154.49224959104,143294.31965642754,169389.61946084816,154338.59375,145333.484375,167035.74775298854,141933.49874007027,145857.59087900262
1295,115000.0,122355.7109375,123152.4765625,127292.234375,122680.1875,117896.6640625,127009.8125,124481.359375,120625.546875,123490.5625,120434.6953125,120286.0234375,122606.265625,123078.50932498302,122720.26682461628,122214.6448281317,124152.32242150244,120222.85716063273,123623.58342268734,123826.29203463253,125486.04960427454,125300.11545890848,124424.66685415144,122026.1859609144,121557.90483027647,120939.55417591418,121121.81235216836,122891.21590234239,121706.3938982097,123327.51664073982,123287.88241192517,126811.55129138581,120395.26551824139,124200.83195540472,125209.31989295983,120856.63892627587,125641.15489142272,124327.93129887422,125248.50190309972,124072.140625,120646.953125,116696.28716222476,125846.23273256744,122649.10273511214
861,189950.0,164013.40625,166159.109375,163513.625,157017.5,157207.953125,162869.46875,168963.046875,170759.15625,168712.265625,174057.734375,181388.0625,164484.484375,164595.77352212666,168343.35295604457,170558.42843610529,165688.5343753942,171692.8304193219,171448.4985934439,161665.17610202424,169321.19104860473,167410.65777553935,166259.26089438118,162514.78116177802,169240.58268332155,166271.94866606605,170257.1968490162,173341.67854968755,168400.20839126318,166701.16963943472,167271.77934738318,166003.1205752512,173050.494889716,156307.3358831937,161831.70219897095,172978.09408394116,162229.51060458366,161297.46137189068,158037.10425581684,166751.21875,162186.234375,171318.96323731318,174118.4602836406,169344.23923984263
1127,174000.0,200857.84375,202647.984375,197490.140625,201287.0,195956.0625,203330.578125,201693.03125,198766.390625,195131.453125,190243.15625,196761.921875,199232.078125,196543.69046374183,201780.97560710955,202123.35238746862,197370.6701239691,203607.94832145443,195457.83388508504,194318.95920547645,198285.33125463722,196572.17789564724,199617.42791746688,198786.52997017384,193537.5969760089,200915.24619294246,198949.62428813672,196688.64934571015,195043.84040044126,196948.55698649565,204766.24562342226,194897.73651752595,193851.02263373547,192603.28405533812,196905.41926874494,198465.41192186374,194513.75625279508,194607.0057604956,201266.2963853329,205769.65625,196240.875,197540.68340751293,202299.8270354314,196543.89756803252
